source,reference,hypothesis
"The Government of Nepal may provide loans at a special concessional rate to any enterprise that has been established with the objective of providing employment or training to the persons with disabilities or that provides employment to the persons with disabilities in a number that exceeds the prescribed number, grant to such establishment tax exemption or concessions and exemptions while importing equipment required for the safety of the workplace or importing raw materials that are required for the safety of the persons with disabilities at workplace, providing raw materials or market management.","अपाङ्गता भएका व्यक्तिलाई रोजगारी वा तालिम दिने- उद्देश्यले स्थापना भएका वा तोकिएको भन्दा बढी सङ्ख्यामा अपाङ्गता भएका व्यक्तिलाई रोजगारी दिने प्रतिष्ठानलाई नेपाल सरकारले विशेष संहलियत दरमा क्रण उपलब्ध गराउन, प्रचलित कानून बमोजिम कर छुट दिन वा अपाङ्गता भएका व्यक्तिलाई कार्यस्थलमा सुरक्षाका लागि आवश्यक पर्ने उपकरण आयात गर्दा, कच्चा पदार्थ उपलब्ध गराउँदा वा बजार व्यवस्थापन कार्यका लागि छुट तथा सहुलियत प्रदान गर्न सक्नेछ ।",नेपाल सरकारले अपाङ्गता भएका व्यक्तिलाई रोजगार वा तालीम प्रदान गर्ने उद्देश्यले स्थापना भएको वा तोकिएको सङ्ख्याभन्दा बढी सङ्ख्यामा अपाङ्गता भएका व्यक्तिलाई रोजगारी प्रदान गरेको वा त्यस्तो प्रतिष्ठानलाई कार्यस्थल सुरक्षाको लागि आवश्यक पर्ने उपकरण वा कार्यस्थलमा अपाङ्गता भएका व्यक्तिको सुरक्षाको लागि आवश्यक पर्ने कच्चा मालसामान पैठारी गर्दा त्यस्तो प्रतिष्ठानलाई तोकिए बमोजिम कर छुट वा सहुलियत तथा छुट दिने गरी कुनै प्रतिष्ठानलाई विशेष सहुलियत दरमा क्रण उपलब्ध गराउन सक्नेछ ।
Money being restored does not set free the party offering.,रकम साँध्दानी भएको कारणबाट कुनै व्यक्तिको फौजदारी दायित्वबाट मुक्त पार्दैन ।,बहाल हुन आएको पैसाले पक्षको प्रस्तावलाई स्वतन्त्र तुल्याउँदैन ।
"It shall be the duty of all concerned, to comply with the Code of Conducts framed pursuant to sub-sections",उपदफा तथा बमोजिम बनाइएको आचार संहिताको पालना गर्नु सम्बन्धित सबैको कर्तव्य हुनेछ,उपदफा बमोजिम बनेको आचार संहिताको पालना गर्नु सम्बन्धित सबैको कर्तव्य हुनेछ
"The victim employee, customer or anyone else on his or her behalf may file a complaint to the complaint hearing authority from the date of expiry of the time limit, if the complain made pursuant to Section 6 has not been finalized by the manager and, if any party is not satisfied with the decision of the Manager made pursuant to same Section, within seventy days of such a decision","कुनै व्यवस्थापकले दफा ६ बमोजिम गरेको गुनासो निर्धारित अवधिभित्र टुङ्गो नलगाएमा त्यस्तो अवधि समाप्त भएको मितिले र सो दफा बमोजिम व्यवस्थापकले गरेको निर्णय उपर कुनै पक्षले चित्त नबुझाएमा त्यस्तो निर्णय भएको मितिले सत्तरी दिनभित्र पीडित कर्मचारी, सेवाग्राही वा निजका तर्फबाट जोसुकै वा आरोपित व्यक्तिले उजूरी सुन्ने अधिकारी समक्ष उजूरी दिन सक्नेछ","दफा ६ बमोजिम गरिएको उजूरी व्यवस्थापकले पूरा नगरेमा र त्यस दफा बमोजिम व्यवस्थापकले गरेको निर्णय उपर कुनै पक्ष चित्त नबुझेमा त्यस्तो निर्णय भएको साठी दिनभित्र पीडित कर्मचारी, ग्राहक वा निजको नाममा अन्य जोसुकैले उजूरी सुन्ने अधिकारी समक्ष उजूरी दिन सक्नेछ"
"Availability of service, facility and infrastructure: Minimum service, facility and infrastructure shall have to be available in the area of housing to be provided under this Act","सेवा, सुविधा र पूर्वाधारको उपलब्धताः यस ऐन बमोजिम प्रदान गरिने आवास रहेको क्षेत्रमा तोकिए बमोजिमको न्यूनतम सेवा, सुविधा र पूर्वाधारहरू उपलब्ध भएको हुन्‌ पर्नेछ","सेवा, सुविधा तथा पूर्वाधारको उपलब्धता: यस ऐन बमोजिम उपलब्ध गराइने आवासको क्षेत्रमा न्यूनतम सेवा, सुविधा तथा पूर्वाधार उपलब्ध हुनु पर्नेछ"
"In cases where no legal practitioner has been appointed on behalf of a child accused of an offense, the concerned Juvenile Court shall make arrangements to make service available from a paid legal practitioner or any other interested legal practitioner",कसूरजन्य कार्यको आरोप लागेको बालबालिकाको तर्फबाट कानून व्यवसायी नियुक्त नभएको अवस्थामा सम्बन्धित बाल अदालतले वैतनिक कानून व्यवसायी वा अन्य कुनै इच्छुक कानून व्यवसायीको सेवा उपलब्ध गराउने व्यवस्था गर्नु पर्नेछ,कसूरजन्य कार्यको आरोप लागेका बालबालिकाको पक्षमा कुनै कानून व्यवसायी नियुक्ति भएकोमा सम्बन्धित बाल अदालतले पारिश्रमिक कानून व्यवसायी वा अन्य कुनै इच्छुक कानून व्यवसायीबाट सेवा उपलब्ध गराउने व्यवस्था मिलाउनु पर्नेछ
"Prohibition on Transaction of Securities: The Director, Chief Executive, Auditor, Company Secretary of a bank or financial institution or a person directly involved in the management and account of a bank or financial institution shall not buy or sell, mortgage or cause to be mortgaged, cause to be bought or sold, accept or give in the form of a gift, transfer or transact the securities of the concerned bank or financial institution or of its subsidiary company in his/her name or in name of any member of his/her family or a firm, company or institution under the control of such person or to any other person until he/she holds such a position or until one year from the date of retirement from such position: Provided that nothing in this Sub-Section shall prevent from buying and selling securities among Directors to Directors or Directors to Promoters with the approval of the Rastra Bank while issuing bonus shares, rights shares or the shares allotted for employees or issuing new shares, or while implementing a directive of the Rastra Bank or while selling the entire share having in any bank or financial institution under own ownership by any Director or any corporate body having power to appoint Director or while merging or amalgamating banks or financial institutions in each other according to the provisions made in Chapter-10 or while acquiring all assets or liabilities of one bank or financial institution by another bank or financial institution or while carrying out purchase or sale of securities among promoter directors or directors to directors with the approval of the Rastra Bank in cases of emergence of any hurdle in the operation of the bank or financial institution or while carrying out purchase or sale or transfer of shares during the process of reformative or settlement process of a problematic bank","धितोपत्र कारोबार गर्नमा बन्देज : बैङ्क वा वित्तीय संस्थाको सञ्चालक, कार्यकारी प्रमुख, लेखापरीक्षक, कम्पनी सचिव वा बैङ्क वा वित्तीय संस्थाको व्यवस्थापन तथा लेखा सम्बन्धी कार्यमा प्रत्यक्ष रुपले संलग्न व्यक्तिले त्यस्तो पदमा बहाल रहँ दाका बखत वा त्यस्तो पदबाट अवकाश प्राप्त गरेको मितिले एक वर्षसम्म सम्बन्धित बैङ्क वा वित्तीय संस्था वा त्यसको सहायक कम्पनीको धितोपत्र आफ्नो वा आफ्नो परिवारको सदस्य वा अन्य कुनै पनि व्यक्ति वा त्यस्ता व्यक्तिको नियन्त्रणमा रहेको फर्म, कम्पनी वा संस्थाको नाममा वा अन्य व्यक्तिलाई खरिद बिक्री गर्न गराउन, गर्न दिन, धितोबन्धक राख्न, राख्न लगाउन वा दान बकस लिन, दिन, हस्तान्तरण गर्न वा लेनदेन गर्न हुँदैन, तर बोनस शेयर, हकप्रद शेयर, कर्मचारीलाई छुट्याइएको शेयर वा नयाँ शेयर जारी हुँदा वा राष्ट्र बैङ्कको निर्देशन कार्यान्वयन गर्दा वा कुनै सञ्चालक वा सञ्चालक नियुक्त गर्ने अधिकार पाएको संगठित संस्थाले कुनै बैङ्क वा वित्तीय संस्थामा आफ्नो नाममा रहेको सम्पूर्ण शेयर बिक्री गर्दा वा परिच्छेद-१० बमोजिम बैङ्क वा वित्तीय संस्था एक आपसमा गाभ्दा गाभिँदा वा एउटा बैङ्क वा वित्तीय संस्थाले अर्को बैङ्क वा वित्तीय संस्था प्राप्ति गर्दा वा बैङ्क वा वित्तीय संस्थाको सञ्चालनमा कुनै बाधा व्यवधान उत्पन्न भएमा राष्ट्र बैङ्कको स्वीकृति लिई संस्थापक सञ्चालक वा सञ्चालकबीच एक आपसमा धितोपत्र खरिद बिक्री गर्न वा समस्याग्रस्त बैङ्कको सुधारात्मक वा फरफारखको प्रक्रियामा हुने शेयरको खरिद बिक्री वा हस्तान्तरण गर्ने गराउने कामकारबाहीलाई यो उपदफाले बाधा पुन्याएको मानिने छैन","धितोपत्रको कारोबार गर्न नहुने : बैङ्क वा वित्तीय संस्थाको सञ्चालक, कार्यकारी प्रमुख, लेखापरीक्षक, कम्पनी सचिव वा बैङ्क वा वित्तीय संस्थाको व्यवस्थापन र लेखामा प्रत्यक्ष संलग्न व्यक्तिले सम्बन्धित बैङ्क वा वित्तीय संस्था वा सोको सहायक कम्पनीको वा निजको परिवारको कुनै सदस्य वा त्यस्तो व्यक्तिको नियन्त्रणमा रहेको फर्म, कम्पनी वा संस्थाको धितोपत्र खरिद बिक्री, धितोबन्धक वा त्रहण गर्न, खरिद बिक्री गर्न वा गराउन, उपहार स्वरूप स्वीकार गर्न वा दिन, सम्बन्धित बैङ्क वा वित्तीय संस्था वा सोको सहायक कम्पनीको धितोपत्र निजको नाउँमा वा निजको परिवार"
Any other matter that is not resolved by the concerned ministry.,सम्बन्धित मन्त्रालयबाट समाधान हुन नसक्ने अन्य कुनै विषय ।,सम्बन्धित मन्त्रालयबाट निरुपण नभएका अन्य विषय ।
"Compensation: If the offence is held to have been committed under this Act, the adjudicating authority shall make an order to get appropriate compensation paid from the offender for the actual damage and loss caused to the affected party.","क्षतिपूर्ति : यस ऐन बमोजिम कस्र ठहर भएको अवस्थामा मर्का पर्न गएको पक्षलाई पुग्न गएको वास्तविक हानि, नोक्सानी बापत मुद्दा हेर्ने अधिकारीले कस्रदारबाट उपयुक्त क्षतिपूर्ति भराउने आदेश दिनेछ।",क्षतिपूर्ति: यस ऐन बमोजिमको कसूर गरेको ठहरिने भएमा न्यायिक अधिकारीले प्रभावित पक्षलाई भएको वास्तविक हानि नोक्सानीको लागि कसूरदारबाट उचित क्षतिपूर्ति लिन आदेश गर्नेछ ।
"Upon receiving such correspondence in written form from the Commission pursuant to sub-section (1), the concerned individual, agency or official shall immediately implement the content of the correspondence if possible, or initiate its implementation if it requires time and inform the Commission of the same","उपदफा बमोजिम आयोगबाट लेखी आएमा सम्बन्धित व्यक्ति, निकाय वा पदाधिकारीले तत्काल कार्यान्वयन गर्न सकिने विषय भए कार्यान्वयन गरी र समय लाग्ने विषय भए कार्यान्वयन प्रारम्भ गरी त्यसको जानकारी आयोगलाई दिनुपर्नेछ","उपदफा बमोजिम आयोगबाट लेखी आएमा सम्बन्धित व्यक्ति, निकाय वा पदाधिकारीले सम्भव भएमा सो पत्राचारको विषय तुरुन्त कार्यान्वयन गर्नु पर्नेछ वा समय परे कार्यान्वयन गर्न लगाउनु पर्नेछ र सोको जानकारी आयोगलाई दिनु पर्नेछ"
"Chapter-2 Power, Functions and Duties of the Commission Power, Functions and Duties of the Commission: The power, function and duties of the Commission in addition to the power, function and duties of the Commission contained elsewhere in this Act and the Constitution shall be as follows: - to make recommendations to the States in relation to the fiscal equalization grant to be provided by the States to the Local Level in accordance with State Laws, to set bases for determination of the conditional grant to be provided by the State to the Local Level in accordance with State laws and to make recommendations to the State on same, to facilitate and provide assistance necessary to resolve disputes between the Government of Nepal, State or Local Level relating to the distribution of revenues, to make suggestions to the Government of Nepal, in relation to the grants to be provided by the Government of Nepal to the State and Local Level, to provide necessary suggestions to the Government of Nepal and to the States, as requested by them, in relation to the distribution of revenues, to provide necessary suggestions to the Government of Nepal, State and Local Level in case of suggestions requested by them in relation to the taxes levied by them, to make suggestions to the Government of Nepal, State and Local Level in relation to the protection and utilization of Natural Resources","परिच्छेद-२ आयोगको काम, कर्तव्य र अधिकार आयोगको काम, कर्तव्य र अधिकारः संविधान तथा यस ऐनमा अन्यत्र उल्लिखित काम, कर्तव्य र अधिकारका अतिरिक्त आयोगको अन्य काम, कर्तव्य र अधिकार देहाय बमोजिम हुनेछ :- प्रदेश कानून बमोजिम प्रदेशले स्थानीय तहलाई दिने वित्तीय समानीकरण अनुदान सम्बन्धमा प्रदेशलाई सिफारिस गर्ने, प्रदेश कानून बमोजिम प्रदेशले स्थानीय तहलाई प्रदान गर्ने सशर्त अनुदानको आधार तयार गरी प्रदेशलाई सिफारिस गर्ने, नेपाल सरकार, प्रदेश वा स्थानीय तहबीच राजस्वको बाँडफाँट सम्बन्धमा उठेको विवाद समाधान गर्न आवश्यक सहजीकरण र सहयोग गर्ने, नेपाल सरकारले प्रदेश तथा स्थानीय तहलाई दिने अनुदान सम्बन्धमा नेपाल सरकारलाई सुझाव दिने, नेपाल सरकार तथा प्रदेशले राजस्व बाँडफाँटका सम्बन्धमा कुनै सुझाव माग गरेमा आवश्यक सुझाव दिने, नेपाल सरकार, प्रदेश तथा स्थानीय तहले लगाउने करका सम्बन्धमा नेपाल सरकार, प्रदेश वा स्थानीय तहले सुझाव माग गरेमा आवश्यक सुझाव दिने, प्राकृतिक स्रोतको संरक्षण र उपयोगका विषयमा नेपाल सरकार, प्रदेश तथा स्थानीय तहलाई आवश्यक सुझाव दिने","परिच्छेद-२ आयोगको काम, कर्तव्य र अधिकार आयोगको काम, कर्तव्य र अधिकारः यस ऐन र संविधानमा अन्यत्र उल्लिखित काम, कर्तव्य र अधिकारका अतिरिक्त आयोगको अन्य काम, कर्तव्य र अधिकार देहाय बमोजिम हुनेछः- प्रदेश कानून बमोजिम स्थानीय तहलाई प्रदेशले दिने आर्थिक समानीकरण अनुदानको सम्बन्धमा प्रदेशलाई सिफारिस गर्ने, प्रदेश कानून बमोजिम स्थानीय तहलाई प्रदेशले दिने शर्तगत अनुदानको निर्धारणको लागि आधार निर्धारण गर्ने र प्रदेश कानून बमोजिम स्थानीय तहलाई"
To extreme limit of the terms.,कारवाहीको अन्तिम सिमाना ।,शर्तको चरम सीमासम्म ।
"If any person does any act in contravention of Section 54 shall be liable to additional fifty percent punishment, in addition to the punishment that is imposable on a person who does begging or engages any one in begging pursuant to the prevailing law.",कसैले दफा ५४ विपरीत कुनै काम गरेमा भिक्षा माग्न वा मार्न लगाउनेलाई प्रचलित कानून बमोजिम हुने सजायमा पचास प्रतिशत थप सजाय हुनेछ ।,कसैले दफा ५४ विपरीत कुनै काम गरेमा प्रचलित कानून बमोजिम बिगो माग्ने वा कसैलाई पनि बिगो माग्न लगाउने व्यक्तिलाई हुने सजायको अतिरिक्त पचास प्रतिशत थप सजाय हुनेछ ।
"Accessory right do not lead, but follows their principal.",सहायक अधिकार मूख्य अधिकारको मातहतमा रहने गर्दछ,"सहायक अधिकारले (सम्बन्ध सम्बन्धी) कुनै सिद्धान्त (नियम) को अनुशरण गर्दैन, तर त्यस्तो सिद्धान्तको अनुशरण गर्दछ ।"
"Chapter-12 Miscellaneous To obtain consent of guardian or curator: Notwithstanding anything contained elsewhere in this Act, if the matters mentioned in this Act that they may be published or privacy may be disclosed with the consent of the concerned person are related to the person who has not attained the age of eighteen years or who is of unsound mind or who has intellectual disability, such matters may be published or privacy thereof be disclosed only when his or her guardian or curator gives consent and if it benefits him or her while publishing such matters or disclosing privacy related to them.",परिच्छेद-१२ विविध संरक्षक वा माथवर व्यक्तिको मञ्चुरी लिनु पर्ने: यस ऐनमा अन्यत्र जुनसुकै कुरा लेखिएको भए तापनि यस ऐनमा सम्बन्धित व्यक्तिको मञ्जुरीमा सार्वजनिक गर्न वा गोपनीयता खुलासा गर्न सकिने भनी उल्लेख भएका विषयहरू अठार वर्ष उमेर नपुगेको वा मानसिक अवस्था ठीक नभएको वा बौद्धिक अपाङ्गता भएको व्यक्तिसँग सम्बन्धित भएमा त्यस्तो विषय सार्वजनिक गर्दा वा सोसँग सम्बन्धित गोपनीयता खुलासा गर्दा निजको हित हुने भई निजको संरक्षक वा माथवर व्यक्तिले मञ्जुरी दिएको अवस्थामा मात्र सार्वजनिक गर्न वा गोपनीयता खुलासा गर्न सकिनेछ,परिच्छेद-१२ विविध संरक्षक वा माथवरको मञ्जुरी लिनु पर्ने : यस ऐनमा अन्यत्र जुनसुकै कुरा लेखिएको भए तापनि यस ऐनमा प्रकाशन गर्न वा संरक्षक वा माथवरको मञ्जुरीबाट गोपनीयता प्रकट गर्न सकिने विषय सम्बन्धित व्यक्ति अठार वर्ष उमेर पूरा नभएको वा विवेकहीन भएको वा बौद्धिक अपाङ्गता भएका व्यक्तिसँग सम्बन्धित भएमा निजको संरक्षक वा माथवरले मञ्जुरी दिँदा मात्र त्यस्तो विषय प्रकाशन गर्न वा गोपनीयता प्रकट गर्न सक्नेछ र त्यस्तो विषय प्रकाशन गर्दा निजलाई लाभ हुने भएमा
"While implementing large projects of national importance, inter- provincial level projects or programmes.","राष्ट्रिय महत्वका ठूला परियोजना, अन्तरप्रदेशस्तरीय परियोजना “वा - कार्यक्रम सञ्चालन गर्दा।","राष्ट्रिय महत्वका ठूला परियोजना, अन्तरप्रदेशस्तरका परियोजना वा कार्यक्रम कार्यान्वयन गर्दा।"
"In taking evidence pursuant to sub-section , the concerned Court must take evidence being limited to the matter of examination of witness, preparation of answers to the written interrogatories or provision of evidence, document or description of a movable or immovable property pursuant to the request by the court of the foreign state","उपदफा बमोजिम प्रमाण बुझ्दा विदेशी राज्यको अदालतको अनुरोध बमोजिम साक्षी परीक्षण गर्नु पर्ने, बन्दसवालको जवाफ तयार गर्नु पर्ने वा प्रमाण,लिखत वा चल वा अचल सम्पत्तिको विवरण दिनु पर्ने विषयमा सीमित रही सम्बन्धित अदालतले प्रमाण बुझ्नु पर्नेछ","उपदफा बमोजिम प्रमाण बुझ्ने क्रममा सम्बन्धित अदालतले विदेशी राज्यको अदालतको अनुरोध बमोजिम साक्षी परीक्षण, लिखित प्रश्नको जवाफ तयार गर्ने वा प्रमाण, कागजात वा चल अचल सम्पत्तिको विवरण उपलब्ध गराउने विषयमा मात्र प्रमाण बुझ्नु पर्नेछ"
"""Prescribed"" or ""as prescribed"" means prescribed or as prescribed in the Rules framed under this Act","“तोकिएको” वा ""तोकिए बमोजिम” भन्नाले यस ऐन अन्तर्गत बनेको नियममा तोकिएको वा तोकिए बमोजिम सम्झनु पर्छ",“तोकिएको” वा “तोकिए बमोजिम” भन्नाले यस ऐन अन्तर्गत बनेको नियममा तोकिएको वा तोकिए बमोजिम सम्झनु पर्छ
"Any member interested to discuss additional issues, not included within the list of agenda set to be discussed within the meeting pursuant to sub-section, shall notify the Secretary of the additional issue and reason for its introduction to the meeting 24 hours prior to the meeting",कुनै सदस्यले उपदफा बमोजिम बैठकमा छलफल हुने विषय सूचीमा उल्लिखित विषयको अतिरिक्त अन्य कुनै विषयमा छलफल गराउन चाहेमा त्यसरी छलफल गर्न चाहेको विषय र कारण सहितको सूचना बैठक बस्नुभन्दा कम्तीमा चौबीस घण्टा अगावै आयोगको सचिवलाई दिनु पर्नेछ,कुनै सदस्यले उपदफा बमोजिम बैठकमा छलफल हुने विषयसूचीमा उल्लिखित विषयको अतिरिक्त अन्य कुनै विषयमा छलफल गराउन चाहेमा त्यसरी छलफल गर्न चाहेको विषय र कारण सहितको सूचना बैठक बस्नुभन्दा कम्तीमा चौबीस घण्टा अगावै आयोगको सचिवलाई दिनु पर्नेछ
An equitable arbitration renders each person's due.,"मध्यस्थले गर्ने निष्पक्ष व्यवहारले जो जति योग्य हुन्छ, त्यति दिन्छ ।",न्यायोचित मध्यस्थताले प्रत्येक व्यक्तिको हक दर्शाउँछ ।
"Notwithstanding anything contained in sub-section (7), if the Juvenile Court is of the opinion that it not reasonable to keep the child accused of offence in the observation chamber, having regard to the child's physical condition, age, circumstances at the time of commission of the offence or condition of the observation chamber, the Juvenile Court may make an order to investigate the case by entrusting such a child to his or her father, mother, other family member or guardian and in their absence to any social organization working in the field of protection of the rights and interests of the child or child reform home on the condition that the child shall make presence when the Juvenile Court so requires","उपदफा मा जुनसुकै कुरा लेखिएको भए तापनि कसूरजन्य कार्यको आरोप लागेको बालबालिकाको शारीरिक अवस्था, उमेर, कसूरजन्य कार्य गर्दाको परिस्थिति वा निगरानी कक्षको अवस्थालाई ध्यानमा राख्दा निजलाई निगरानी कक्षमा राख उपयुक्त छैन भन्ने बाल अदालतलाई लागेमा बाल अदालतले खोजेको बखत उपस्थित गराउने शर्तमा त्यस्तो बालबालिकालाई निजको बाबु, आमा, परिवारका अन्य सदस्य वा संरक्षक र निजहरू नभए बालबालिकाको हक हितको संरक्षण गर्ने कार्यमा संलग्न सामाजिक संस्था वा बाल सुधार गृहको जिम्मा लगाई मुद्दाको अनुसन्धान गर्ने आदेश दिन सक्नेछ","उपदफा मा जुनसुकै कुरा लेखिएको भए तापनि बाल अदालतले कसूरजन्य कार्यको आरोप लागेका बालबालिकाको शारीरिक अवस्था, उमेर, कसूरजन्य कार्य गर्ने बखतको परिस्थिति वा निगरानी कक्षको अवस्थालाई विचार गरी निगरानी कक्षमा राख्ने मनासिब नदेखिएमा निजको बाबु, आमा, परिवारका अन्य सदस्य वा संरक्षकलाई र निजहरू नभए अधिकार तथा हित संरक्षणको क्षेत्रमा काम गर्ने कुनै सामाजिक संस्थालाई त्यस्तो बालबालिकाको जिम्मा लगाउन मुद्दाको अनुसन्धान गर्न बाल अदालतले आदेश गर्न सक्नेछ"
"A claimant having his/her claim accepted or rejected in part pursuant to Sub- Section shall, within fifteen days from the date of publication of the notice thereof, have to submit his/her claims again enclosing the additional evidences, if any",उपदफा बमोजिम आफूनो दाबी आंशिक स्वीकृत वा अस्वीकृत भएका दाबीकर्ताले सोको जानकारी पाएको पन्ध्र दिनभित्र आफ्नो थप प्रमाण भए सो समेत समावेश गरी दाबी पेश गर्नु पर्नेछ,उपदफा बमोजिम आफ्नो दाबी आंशिक रूपमा स्वीकार वा अस्वीकार गरेको दाबीकर्ताले सो सूचना प्रकाशन भएको मितिले पन्ध्र दिनभित्र कुनै थप प्रमाण संलग्न गरी आफ्नो दाबी पुनः पेश गर्नु पर्नेछ
Chapter-11 Voluntary Liquidation of Banks or Financial Institutions Voluntary Liquidation of Bank or Financial Institution: Any bank or financial institution wishing to go for voluntary liquidation shall submit an application along with an action plan of voluntary liquidation,परिच्छेद-११ बैङ्क वा वित्तीय संस्थाको स्वेच्छिक खारेजी बैङ्क वा वित्तीय संस्थाको स्वेच्छिक खारेजी : स्वेच्छिक खारेजीमा जान चाहने कुनै बैङ्क वा वित्तीय संस्थाले स्वेच्छिक खारेजीको कार्ययोजना सहित राष्ट्र बैङ्क समक्ष निवेदन पेश गर्नु पर्नेछु,परिच्छेद-११ बैङ्क वा वित्तीय संस्थाको स्वेच्छिक खारेजी बैङ्क वा वित्तीय संस्थाको स्वेच्छिक खारेजी : स्वेच्छिक खारेजी गर्न जाने कुनै बैङ्क वा वित्तीय संस्थाले स्वेच्छिक खारेजीको कार्य योजना सहितको निवेदन दिनु पर्नेछ
Water runs and ought to run where it is accustomed to run.,"पानी बग्छ र जहाँ बग्ने गरेको छ, त्यही बग्नु पर्दछ ।",पानी बग्छ र बग्नु पर्नेछ जुन ठाउँमा पानी बग्छ ।
Done on this day.,यसै दिन गरिएको ।,यस दिन गरिएको ।
A Director shall have to fully comply with the directives issued by the Rastra Bank from time to time,सञ्चालकले राष्ट्र बैङ्कत समय समयमा दिएको निर्देशनको पूर्ण रुपमा पालना गर्नु पर्नेछ,सञ्चालकले राष्ट्र बैङ्कले समय समयमा दिएको निर्देशनको पूर्ण पालना गर्नु पर्नेछ
"Records of Assets and Liabilities: A Liquidator shall immediately prepare a record of the assets, liabilities or potential liabilities of a bank or financial institution which has gone into mandatory liquidation under this Act and a copy of which shall be submitted to the Rastra Bank and another copy shall be retained at the concerned bank or financial institution","सम्पत्ति तथा दायित्वको लगत : लिक्विडेटरले यस ऐन बमोजिम बाध्यात्मक खारेजीमा गएको बैङ्क वा वित्तीय संस्थाको सम्पत्ति, दायित्व वा सम्भाव्य दायित्वको अविलम्ब लगत तयार गरी एक प्रति राष्ट्र बैङ्क समक्ष बुझाई एक प्रति सम्बन्धित बैङ्क वा वित्तीय संस्थामा राख्नु पर्नेछ","सम्पत्ति तथा दायित्वको अभिलेख : यस ऐन बमोजिम बाध्यात्मक खारेजीमा गएको बैङ्क वा वित्तीय संस्थाको सम्पत्ति, दायित्व वा सम्भावित दायित्वको अभिलेख लिक्विडेटरले तुरुन्त तयार गरी सोको एक प्रति राष्ट्र बैङ्कमा पेश गरी अर्को एक प्रति सम्बन्धित बैङ्क वा वित्तीय संस्थामा राख्नु पर्नेछ"
The act itself does not constitute guilt unless done with a guilty intent.,दोषी भावना बिना गरिएको काम आफैंमा दोष हुँदैन ।,अपराधी मनसायले गरेकोमा बाहेक सो काम आफैले अपराधको विषय बनाउँदैन ।
Power to frame Rules: The Government of Nepal may frame necessary Rules in order to implement this Act,नियम बनाउने अधिकार: यो ऐन कार्यान्वयन गर्न नेपाल सरकारले आवश्यक नियमहरू बनाउन सक्नेछ,नियम बनाउने अधिकारः यो ऐन कार्यान्वयन गर्न नेपाल सरकारले आवश्यक नियम बनाउन सक्नेछ
"Power to send for implementation in writing: If the Commission finds that any agency or official has not made available necessary assistance to the Commission, it may write to the higher agency or official, above such agency or official for assistance in the matter",कार्यान्वयनका लागि लेखी पढाउन सक्ने: कुनै निकाय वा पदाधिकारीले आयोगलाई आवश्यक सहयोग उपलब्ध नगराएमा आयोगले कार्यान्वयनको लागि त्यस्तो निकाय वा अधिकारीको तालुक निकाय वा अधिकारी समक्ष लेखी पठाउन सक्नेछ,कार्यान्वयनको लागि लेखी पठाउन सक्ने : कुनै निकाय वा पदाधिकारीले आयोगलाई आवश्यक सहयोग उपलब्ध नगराएमा आयोगले त्यस्तो निकाय वा पदाधिकारीको तालुक निकाय वा अधिकारी समक्ष आवश्यक सहयोगको लागि लेखी पठाउन सक्नेछ
That which is proved by the record ought not to be denied.,"जुन विषय औपचारिक अभिलेखबाट प्रमाणित भएको छ, त्यस विषयलाई इन्कार गर्न सकिँदैन ।",अभिलेखले प्रमाणित गरेको कुरा इन्कार गर्नु हुँदैन ।
"Details of suggestions, recommendations given by the Commission to Nepal Government or any other agency.",आयोगले नेपाल सरकार वा अन्य कुनै निकायलाई दिएको सुझाव तथा त्यस्तो निकायलाई गरेको सिफारिसको विवरण।,आयोगले नेपाल सरकार वा अन्य कुनै निकायलाई दिएको सिफारिस तथा सुझावको विवरण।
The District Courts shall be located at the headquarters of Districts,जिल्ला अदालत जिल्लाको सदरमुकाममा रहनेछ,जिल्ला अदालत जिल्लाभित्रको मुकाममा रहनेछ
"Work, performance of the Commission not to be interrupted: The vacancy of post of any Member shall not interrupt the works of the Commission",आयोगको काम कारबाहीमा बाधा नपर्ने: कुनै सदस्यको स्थान रिक्त रहेको कारणले मात्र आयोगको काम कारबाहीमा बाधा पर्ने छैन,आयोगको काम कारबाहीमा बाधा नपर्ने: कुनै सदस्यको स्थान रिक्त रहेको कारणले मात्र आयोगको काम कारबाहीमा बाधा पर्ने छैन
"To award departmental punishment: If the person holding a public post does not perform the act to be performed under this Act, or performs any act which is forbidden to be performed, the departmental or other punishment shall be awarded to him or her in accordance with the prevailing law relating to the conditions of his or her service, in addition to the punishment imposable pursuant to this Act.",विभागीय सजाय हुनेः सार्वजनिक पद धारण गरेको व्यक्तिले यस ऐन बमोजिम गर्नु पर्ने कार्य नगरेमा वा गर्नु नहुने कार्य गरेमा यस ऐन बमोजिम हुने सजायको अतिरिक्त निजको सेवा शार्त सम्बन्धी प्रचलित कानून बमोजिम विभागीय वा अन्य सजाय हुनेछ,विभागीय सजाय हुनेः सार्वजनिक पद धारण गरेको व्यक्तिले यस ऐन बमोजिम गर्नु पर्ने काम नगरेमा वा गर्नु पर्ने निषेध गरिएको काम गरेमा यस ऐन बमोजिम हुने सजायको अतिरिक्त निजको सेवाको शर्त सम्बन्धी प्रचलित कानून बमोजिम निजलाई विभागीय वा अन्य सजाय हुनेछ ।
An action arising from the cause of a guardian's claim against a minor or his heirs when his guardianship came to an end.,बालक वा मानसिक सन्तुलन ठिक नभएको मानिस तथा तिनको हकदारले संरक्षण प्राप्त गरेको सम्पत्ति सम्बन्धी उजुरी ।,नाबालक वा निजको संरक्षकत्व समाप्त भएपछि निजको विरुद्धमा संरक्षकको दाबीको कारणबाट उत्पन्न हुने उजुरी ।
Liability relating to rehabilitation and social reintegration: It shall be the liability of the concerned children’s home or child correction home to assist the child welfare authority in the rehabilitation and social reintegration of the children staying at that children’s home or child correction home,पुनर्स्थापना तथा सामाजिक पुनर्एकीकरण सम्बन्धी दायित्व: बाल गृह वा बाल सुधार गृहमा रहेका बालबालिकाको पुनर्स्थापना तथा सामाजिक पुनर्एकीकरण गर्ने सम्बन्धमा बाल कल्याण अधिकारीलाई सहयोग गर्ने दायित्व सम्बन्धित बाल गृह वा बाल सुधार गृहको हुनेछ,पुनर्स्थापना तथा सामाजिक पुनर्मिलन सम्बन्धी दायित्वः सो बाल गृह वा बाल सुधार गृहमा रहेका बालबालिकाको पुनर्स्थापना तथा सामाजिक पुनर्मिलन गर्न बाल कल्याण अधिकारीलाई सहयोग गर्नु सम्बन्धित बाल गृह वा बाल सुधार गृहको दायित्व हुनेछ
"Right to participate in the cultural life: The persons with disabilities shall have the right to participate, on an equal basis with others, in cultural programs or services and entertainment, including television programs, films, dramas, theatres, cinema halls, libraries, tourism services, arts, literature and music, in accessible formats and manner.","सांस्कृतिक जीवनमा सहभागी हुने अधिकार : अपाङ्गता भएका व्यक्तिलाई अन्य व्यक्ति सरह समान आधारमा टेलिभिजन कार्यक्रम, चलचित्र, नाटक, नाटयशाला, सिनेमा हल, पुस्तकालय, पर्यटकीय सेवा, कला, साहित्य, सङ्गीत लगायतका सांस्कृतिक कार्यक्रम वा सेवा र मनोरञ्जनमा पहुँचयुक्त ढाँचा र विधिमा सहभागी हुने अधिकार, हुनेछ ।","सांस्कृतिक जीवनमा सहभागी हुने अधिकार : अपाङ्गता भएका व्यक्तिलाई अन्य व्यक्ति सरह पहुँचयुक्त ढाँचा र तरिकामा टेलिविजन कार्यक्रम, चलचित्र, नाट्य, театр, चलचित्र कक्ष, लाइब्रेरी, पर्यटन सेवा, कला, साहित्य र सङ्गीत लगायत सांस्कृतिक कार्यक्रममा वा सेवा तथा मनोरञ्जनमा सहभागी हुने अधिकार हुनेछ ।"
"Power to make procedures and directives: The Ministry may make and implement necessary procedures or directives for the implementation of this Act, subject to this Act and the Rules framed hereunder.",कार्यविधि तथा निर्देशिका बनाउने अधिकार : यस ऐनको कार्यान्वयन गर्न मन्त्रालयले यो ऐन र यस ऐन अन्तर्गत बनेको नियमको प्रतिकूल नहुने गरी आवश्यक कार्यविधि वा निर्देशिका बनाई लागू गर्न सक्नेछ ।,कार्यविधि तथा निर्देशिका बनाउने अधिकार : यो ऐन तथा यस ऐन अन्तर्गत बनेको नियमको अधीनमा रही मन्त्रालयले यो ऐन कार्यान्वयन गर्न आवश्यक कार्यविधि वा निर्देशिका बनाई लागू गर्न सक्नेछ ।
"The Province shall in implementing or enacting laws on the matters included in the concurrent powers of the Federation and Province, it shall implement the matters related thereto or enact laws on such matters in consistent with federal law.",उपदफा मा जुनसुकै कुरा लेखिएको भए तापनि त्यस्तो विषयमा सङ्घीय कानून नबनेको अवस्थामा प्रदेशले सो विषय कार्यान्वयन गर्न वा कानून बनाउन सक्नेछ।,सङ्ग र प्रदेशको साझा अधिकारमा रहेका विषयमा प्रदेशले कार्यान्वयन वा कानून बनाउँदा सम्बन्धित विषयहरु कार्यान्वयन वा सङ्घीय कानून बमोजिम कानून बनाउनु पर्नेछ ।
"Definitions: Unless the subject or the context otherwise requires, in this Act: Fund means the Employee Provident Fund established under Section 3.","परिभाषा: विषय वा प्रसंगले अर्को अर्थ नलागेमा यस ऐनमा,- कोष भन्नाले दफा ३ अन्तर्गत स्थापना गरिएको कर्मचारी सञ्चय कोष सम्झनु पर्छ ।","परिभाषा: विषय वा प्रसङ्गले अर्को अर्थ नलागेमा यस ऐनमा, कोष भन्नाले दफा ३ बमोजिम स्थापना भएको कर्मचारी सञ्चित कोष सम्झनु पर्छ ।"
” The Act shall come into force from the 31st day of the date of assent,यो ऐन प्रमाणीकरण भएको मितिले एकतीसौं दिनदेखि प्रारम्भ हुनेछ,यो ऐन स्वीकृति प्राप्त भएको मितिले तीस एक दिनबाट प्रारम्भ हुनेछ
"Lacking Efficiency: In the following circumstances, the judge shall be deemed of lacking efficiency: In case he\she has not initiated or decided the case within the time limit as prescribed by the law without any reasonable cause, If he\she has unduly delayed cases by not issuing order or decision at once though it has to be done or could be done at once or postpone the case unnecessarily, though it has not to be required to postpone or not to reopen the pending case or initiation of case by adopting unnecessary, irrelevant or unlawful proceedings or decision, If he\she has accomplished the work lesser than usual standard while proceeding and disposal of the case, If he\she has made undue effect on the proceedings and decision by applying clearly inapplicable law or by forcefully adopting the different meaning or interpretation by way of avoiding the clear and unambiguous interpretation or meaning in the course of case proceedings or decision, If he\she has made different opinion in the same legal questions reflected to different cases and taken proceedings or decision accordingly; Provided however that, this part shall not be applicable, if the judge has changed his\her opinion given in the previous cases by mentioning grounds and reasons","कार्यक्षमताको अभाव : देहायको अवस्थामा न्यायाधीशमा कार्यक्षमताको अभाव रहेको मानिनेछः- उचित कारण बिना कानूनद्वारा निर्धारित अवधिभित्र मुद्दाको कारवाही र किनारा नगरेमा, मुद्दामा एकै पटक गर्न सकिने आदेश वा निर्णय एकै पटक नगरी वा कानून बमोजिम मुलतवी राख्नु नपर्ने मुद्दा मुलतवी राखी वा मुलतवी रहेको मुद्दा नजगाई असान्दर्भिक वा कानून प्रतिकूल कारवाही वा आदेश गरी मुद्दालाई अनावश्यक रूपमा लम्ब्याएमा, मुद्दाको कारवाही र किनारा गर्दा स्वभाविक रूपमा भन्दा कम मात्रामा कार्यसम्पादन गरेमा,मुद्दाको कारवाही र किनारा गर्दा असान्दर्भिक कानूनको प्रयोग गरी वा कानूनको स्पष्ट र असंदिग्ध व्याख्या वा अर्थलाई उपेक्षा गरी अर्कै व्याख्या वा अर्थ गरी कारवाही र किनारा गरेमा, एकै किसिमको कानूनी प्रश्न रहेको भिन्न भिन्न मुद्दामा भिन्न भिन्न राय कायम गरी कारवाही वा निर्णय गरेमा, तर कुनै मुद्दामा पहिले व्यक्त गरेको राय त्रुटिपूर्ण रहेको ठानी आधार र कारण खुलाई रायमा परिवर्तन गरेकोमा यो खण्ड लागू हुने छैन","दक्षताको कमी भएको : देहायको अवस्थामा न्यायाधीशको दक्षताको कमी भएको मानिनेछः- कुनै मनासिब कारण बिना कानूनले तोकेको अवधिभित्र मुद्दाको प्रारम्भ वा निर्णय नगरेमा, तत्काल गर्नुपर्ने वा गर्न सकिने भए तापनि तत्काल आदेश वा निर्णय नदिएमा वा मुद्दा अनावश्यक रूपले स्थगन गरेमा, तत्काल विचाराधीन रहेको मुद्दालाई स्थगन गर्न वा पुन: खोल्न नदिएमा वा मुद्दाको प्रारम्भ गर्न तत्काल आदेश वा निर्णय नदिएमा"
That is presumed which ought naturally to be.,"जुन विषय प्राकृतिक रुपमा हुनुपर्छ, त्यस्तो विषयलाई अनुमान गरिन्छ ।","जुन विषय स्वाभाविक रूपमा हुनु पर्नेछ, त्यस्तो विषयको अनुमान गरिन्छ ।"
Restricting any act permitted to perform by the federal law or permitting any act restricted to perform by the federal law.,सङ्घीय कानूनले कुनै काम कसैले गर्न पाउने भनी व्यवस्था गरेकोमा त्यस्तो काम गर्न नपाउने वा सङ्घीय कानूनले कुनै काम कसैले गर्न नपाउने भनी व्यवस्था गरेकोमा त्यस्तो काम गर्न पाउने ।,सङ्घीय कानून बमोजिम हुन सक्ने कुनै काम गर्न वा सङ्घीय कानून बमोजिम हुन सक्ने कुनै काम गर्न निषेध गर्ने।
An action arising out of the damage caused by an employee or an infant.,कर्मचारी वा बालबालिकाले पुर्याएको क्षति सम्बन्धी उजुरी ।,कर्मचारी वा शिशुबाट भएको हानि नोक्सानीबाट उत्पन्न हुने उजुरी ।
The Steering Committee may invite any official or expert in the concerned field to its meeting.,निर्देशन समितिको निर्णय सो समितिको सदस्य-सचिवले प्रमाणित गर्नेछ ।,निर्देशन समितिले आफ्नो बैठकमा सम्बन्धित क्षेत्रका कुनै पदाधिकारी वा विशेषज्ञलाई आमन्त्रण गर्न सक्नेछ ।
"It shall be deemed to constitute the quorum for the meeting of the Judicial Council, if Chairperson and other two Members are present",अध्यक्ष र अन्य दुईजना सदस्य उपस्थित भएमा न्याय परिषदको बैठकको लागि गणपूरक संख्या पुगेको मानिनेछ,अध्यक्ष र अन्य दुई सदस्य उपस्थित भएमा न्याय परिषदको बैठकको लागि गणपूरक सङ्ख्या पुगेको मानिनेछ
"Where it is not apparent who is the owner of goods, on that account it is not certain whose they are.",कुन वस्तुको धनी को हो भन्ने कुरा स्पष्ट हुन नसकेमा त्यस्ता वस्तु कसको हुन भन्ने कुरा निश्चित हुँदैन ।,वस्तुको धनी को हो भन्ने कुरा स्पष्ट नभएमा त्यस्तो वस्तुको धनी को हो भन्ने कुरा निश्चित हुँदैन ।
Other provisions concerning merger and acquisition shall be as specified by the Rastra Bank,"गाभ्ने, गाभिने वा प्राप्ति गर्ने सम्बन्धी अन्य व्यवस्था राष्ट्र बैङ्कले तोके बमोजिम हुनेछ",गाभ्ने तथा प्राप्त गर्ने सम्बन्धी अन्य व्यवस्था राष्ट्र बैङ्कले तोके बमोजिम हुनेछ
"Delegation of Power: The Commission may delegate some authority accorded to it by this Act, as per necessity, with set conditions for its use and adherence, to the Chairperson, Member, Government of Nepal, State Government, official employee of any agency or Local Government","अधिकार प्रत्यायोजन: आयोगले यस ऐन बमोजिम आफूलाई प्राप्त अधिकारमध्ये आवश्यकता अनुसार कुनै अधिकार तोकिएको शर्तको अधीनमा रही प्रयोग र पालना गर्ने गरी अध्यक्ष, सदस्य, नेपाल सरकार, प्रदेश सरकार, कुनै निकाय वा स्थानीय सरकारको कुनै अधिकृत कर्मचारीलाई प्रत्यायोजन गर्न सक्नेछ","अधिकार प्रत्यायोजनः आयोगले यस ऐन बमोजिम आफूलाई प्राप्त अधिकारमध्ये आवश्यकता अनुसार कुनै अधिकार तोकिएको शर्तको अधीनमा रही प्रयोग र पालना गर्ने गरी अध्यक्ष, सदस्य, नेपाल सरकार, प्रदेश सरकार, कुनै निकाय वा स्थानीय सरकारको कुनै अधिकृत कर्मचारीलाई प्रत्यायोजन गर्न सक्नेछ"
“Ordinary shares group” means the shares groups other than the promoter shares group,"""सर्वसाधारण शेयर समूह” भन्नाले संस्थापक शेयर समूह बाहेकको अन्य शेयर समूह सम्झनु पर्छ",“सामान्य शेयर समूह” भन्नाले संस्थापक शेयर समूह बाहेकका अन्य शेयर समूह सम्झनु पर्छ
The law does not favor the wishes of the fastidious.,कानूनले किचकिचे स्वभाव भएको व्यक्ति (सानो कुरामा पनि निहुँ खोज्ने) को इच्छाको पक्ष लिँदैन ।,कानूनले ब्यक्तिक व्यक्तिको इच्छालाई समर्थन गर्दैन ।
"The Commission shall have to get the approval of the Government of Nepal, Ministry of Finance, while making rules pursuant to subsection (1), on matters that impose financial burden or liability on the Government of Nepal",उपदफा बमोजिम बनाउने नियममा नेपाल सरकारलाई आर्थिक भार वा दायित्व पर्ने विषय समावेश भएमा अर्थ मन्त्रालयको सहमति लिन्‌ पर्नेछ,"उपदफा बमोजिम बनाउने नियममा नेपाल सरकारलाई आर्थिक भार वा दायित्व पर्ने विषय समावेश भएमा आयोगले नेपाल सरकार, अर्थ मन्त्रालयको सहमति लिनु पर्नेछ"
The Ministry may issue directives as necessary on the basis of the report received pursuant to sub-section .,उपदफा बमोजिम प्राप्त प्रतिवेदनका आधारमा मन्त्रालयले आवश्यकता अनुसार निर्देशन दिन सक्नेछ।,उपदफा बमोजिम प्राप्त प्रतिवेदनको आधारमा मन्त्रालयले आवश्यकता अनुसार निर्देशन दिन सक्नेछ ।
"The Government of Nepal, Provincial Government or Local Level may review the free or concessional food support to be provided pursuant to this Section, form and quantity of such food support from time to time, on the basis of immediate need of the persons or families of the zones prescribed, geographical condition, availability and traditionally or culturally acceptability of food.","नेपाल सरकार, प्रदेश सरकार वा स्थानीय तहले यस दफा बमोजिम प्रदान गर्ने निःशुल्क वा सहुलियत खाद्य सहायता तोकिएको क्षेत्रका व्यक्ति वा परिवारको तत्कालको आवश्यकता, भौगोलिक अवस्था, खाद्यको उपलब्धता तथा परम्परागत वा सांस्कृतिक रूपमा स्वीकार्यता समेतको आधारमा त्यस्तो खाद्य सहायताको स्वरूप तथा परिमाणलाई समय समयमा पुनरावलोकन गर्न सक्नेछ ।","नेपाल सरकार, प्रदेश सरकार वा स्थानीय तहले यस दफा बमोजिम प्रदान गरिने निःशुल्क वा सहुलियतपूर्ण खाद्य सहायता, त्यस्तो खाद्य सहायताको ढाँचा र परिमाण समय समयमा तोकिएको क्षेत्रको व्यक्ति वा परिवारको तत्काल आवश्यकता, भौगोलिक अवस्था, उपलब्धता र खाद्यको परम्परागत वा सांस्कृतिक रूपमा स्वीकार्यताको आधारमा पुनरावलोकन गर्न सक्नेछ ।"
"Request for appearance of and locating persons: If there are adequate grounds to believe that any person, who may be of assistance in the judicial proceedings, resides in a foreign state, the Court may make an order for that purpose",व्यक्ति उपस्थित गराउने तथा व्यक्ति रहेको स्थान पत्ता लगाउन अनुरोध गर्न सक्ने: न्यायिक कारबाहीमा सहयोग गर्न सक्ने कुनै व्यक्ति विदेशी राज्यमा रहेको कुरामा विश्वास गर्नु पर्ने पर्यास आधार भएमा अदालतले सो प्रयोजनको लागि आदेश गर्न सक्नेछ,व्यक्ति उपस्थित हुन र त्यसको स्थान पत्ता लगाउन अनुरोध गर्न सक्ने : न्यायिक कारबाहीमा सहयोग पुग्ने कुनै व्यक्ति विदेशी राज्यमा रहे भन्ने कुरामा विश्वास गर्ने पर्याप्त आधार भएमा अदालतले सो प्रयोजनको लागि आदेश गर्न सक्नेछ
To provide scholarship and financial assistance: The Government of Nepal shall provide educational scholarship as prescribed for the education that has not been made free for the students with disabilities.,छात्रवृत्ति तथा आर्थिक सहयोग उपलब्ध गराउने : नेपाल सरकारले अपाङ्गता भएका विद्यार्थीलाई नि:शुल्क नगरिएको शिक्षाको लागि तोकिए बमोजिम शैक्षिक छात्रवृत्ति उपलब्ध गराउनेछ ।,छात्रवृत्ति तथा आर्थिक सहायता प्रदान गर्ने : नेपाल सरकारले अपाङ्गता भएका विद्यार्थीलाई निःशुल्क नहुने शिक्षाको लागि तोकिए बमोजिम शैक्षिक छात्रवृत्ति प्रदान गर्नेछ ।
"Based on the details received pursuant to sub-section (1), the Local Child Rights Committee shall prepare and submit a report to the Provincial level Child Rights Committee and Local Level Child Rights Committee on an annual basis",उपदफा बमोजिम प्राप्त विवरणको आधारमा स्थानीय बाल अधिकार समितिले प्रतिवेदन तयार गरी वार्षिक रूपमा प्रदेशस्तरको बाल अधिकार समिति र स्थानीय तहको बाल अधिकार समिति समक्ष पेश गर्नु पर्नेछ,उपदफा बमोजिम प्राप्त विवरणको आधारमा स्थानीय बाल अधिकार समितिले प्रत्येक वर्ष प्रदेश तह बाल अधिकार समिति र स्थानीय तह बाल अधिकार समिति समक्ष प्रतिवेदन तयार गरी पेश गर्नु पर्नेछ
"What a man cannot pay with his purse, he must suffer in person.",तिर्न पने रकम (जरीवाना) नतिनेले वैयक्तिक (आफ्नो) सजाय भोग्नुपर्छ ।,"कसैले जे कुरा आफ्नो बटुआमा तिर्न सक्दैन, त्यस्तो कुरा निज आफैले भोग्नु पर्छ ।"
An advocate should not be heard who argues contrary to law.,कानून विपरीत बहस गर्ने वकिललाई सुनुवाई हुँदैन ।,कानून विपरीत तर्क गर्ने वकीललाई सुन्नु हुँदैन ।
What he has sworn.,कसैले के शपथ लिएको छ भन्ने सन्दर्भमा,आफूले दिएको शपथ ।
The decision of the Council shall be authenticated by the Member- Secretary of the Council,परिषद्को निर्णय परिषद्को सदस्य सचिवले प्रमाणित गर्नेछ,परिषद्को निर्णयको प्रमाणीकरण परिषद्को सदस्य- सचिवले गर्नेछ
"The Government of Nepal shall make necessary provisions for the prevention and abolition of the disability that can be prevented or abolished and for the discovery of the factors that cause disability and prevention, abolition, control and treatment thereof.","नेपाल सरकारले निरोध वा निवारण हुन सक्ने अपाङ्गपनको निरोध तथा निवारण गर्न र अपाङ्गपन तुल्याउने कारक तत्वहरू पत्ता लगाई त्यसको निरोध, निवारण, नियन्त्रण, उन्मूलन र उपचार गर्ने सम्बन्धमा आवश्यक व्यवस्था गर्नेछ ।","नेपाल सरकारले अपाङ्गताको रोकथाम वा खारेज गर्न सकिने अपाङ्गताको रोकथाम र खारेजी र अपाङ्गता भएका कारण पत्ता लगाउन अपाङ्गताको रोकथाम, खारेजी, नियन्त्रण र उपचारका लागि आवश्यक व्यवस्था गर्नेछ ।"
"Not to take part in the decision making in case of conflict of interest: If any member of the Commission has any interest, concern or benefit arising from any issue under consideration in the Commission or if the near relatives of such persons stand to benefit directly or indirectly, such member should give prior information to the Commission regarding such matters and such member shall not take part in the decision making process of the Commission concerning such matters","स्वार्थ बाझिएमा निर्णय प्रक्रियामा भाग लिन नहुनेः आयोगमा विचाराधीन कुनै विषयमा कुनै सदस्यको हित, सरोकार वा स्वार्थ रहेको वा निजको नजिकको अन्य नातेदार प्रत्यक्ष प्रभावित वा लाभान्वित हुने भएमा त्यस्तो सदस्यले आयोगलाई त्यस्तो कुराको पूर्व जानकारी दिई त्यस्तो विषयमा आयोगबाट गरिने निर्णय प्रक्रियामा भाग लिन सक्ने छैन","स्वार्थ बाझिएमा निर्णय प्रक्रियामा भाग लिन नहुने: आयोगमा विचाराधीन कुनै विषयमा आयोगको कुनै सदस्यको हित, सरोकार वा स्वार्थ रहेको वा निजको नजिकको नातेदार प्रत्यक्ष वा अप्रत्यक्ष रूपमा लाभ लिने भएमा त्यस्तो सदस्यले आयोगलाई त्यस्तो विषयको पूर्व जानकारी दिनु पर्नेछ र त्यस्तो विषयको आयोगको निर्णय प्रक्रियामा भाग लिन सक्ने छैन"
"Health institution means a government health institution, and this term also includes a non-governmental or private, or cooperative or non-profit-making community health institution established under the prevailing law.",स्वास्थ्य संस्था भन्नाले सरकारी स्वास्थ्य संस्था सम्झनुपर्छ र सो शब्दले प्रचलित कानून बमोजिम स्थापित गैरसरकारी वा निजी वा सहकारी वा गैर नाफामुलक सामुदायिक स्वास्थ्य संस्थालाई समेत जनाउँछ।,स्वास्थ्य संस्था भन्नाले सरकारी स्वास्थ्य संस्था सम्झनु पर्छ र सो शब्दले प्रचलित कानून बमोजिम स्थापना भएको गैरसरकारी वा निजी वा सहकारी वा मुनाफा नलागेको सामुदायिक स्वास्थ्य संस्थालाई समेत जनाउँछ ।
"While filing such a complaint, it shall not be required to mention the name of the person filing the complaint",यसरी उजुरी दिँदा नाम उल्लेख गर्न आवश्यक हुने छैन,त्यस्तो उजुरी दिँदा उजूरी दिने व्यक्तिको नाम उल्लेख गर्नु पर्ने छैन
Commission means the National Indigenous Nationalities Commission established under Article 261 of the Constitution,आयोग भन्नाले संविधानको धारा २६१ बमोजिमको आदिवासी जनजाति आयोग सम्झनु पर्छ,आयोग भन्नाले संविधानको धारा २६१ बमोजिमको आदिवासी जनजाति आयोग सम्झनु पर्छ
"While providing information pursuant to sub-section (1), the health institution shall provide information of the person treated and other information related to him or her as far as available.",उपदफा (१) बमोजिम स्वास्थ्य संस्थाले सूचना दिँदा उपचार गरिएको व्यक्ति र निजसँग सम्बन्धित उपलब्ध भएसम्मको अन्य जानकारी समेत दिनु पर्नेछ।,उपदफा बमोजिम सूचना प्रदान गर्दा स्वास्थ्य संस्थाले उपचार गरिएको व्यक्तिको जानकारी र निजसँग सम्बन्धित अन्य जतिसुकै सूचना उपलब्ध गराई दिनु पर्नेछ ।
They admire most that of which they know the least.,"जसलाई जुन विषयमा कम जानकारी छ, त्यही विषयमा बढी तारिफ गर्दछन् ।","जुन विषयको ज्ञान कम्ती छ, त्यस्तो विषयको बढीमा निजले आदर गर्दछन् ।"
"financial and business condition of the producer, importer, hoarder, seller and service provider","उत्पादकर्ता, पैठारीकर्ता, सञ्चयकर्ता, बिक्रेता एवं सेवा प्रदायकको आर्थिक तथा व्यवसायको स्थिति","उत्पादक, पैठारीकर्ता, सञ्चयकर्ता, बिक्रेता र सेवा प्रदायकको आर्थिक तथा व्यापारिक अवस्था"
Right to equal access to public services,सार्वजनिक सेवामा समान पहुँचको अधिकार,सार्वजनिक सेवामा समान पहुँचको अधिकार
Issuance of a passport: The body to which the application is submitted for passport shall issue the passport maintaining the record thereof,राहदानीको वितरणः राहदानीको लागि जुन निकायमा निवेदन दिएको छ सोही निकायले अभिलेख राखी राहदानी वितरण गर्नेछ,राहदानी जारी गर्ने : राहदानी लिन निवेदन दिइएको निकायले त्यसको अभिलेख राखी राहदानी जारी गर्नेछ
"For the transactions terminated pursuant to Sub-Section , no any type of additional amount and compensation may be claimed other than the due amount to be paid or liability to be borne by the bank or financial institution till the date of the termination of the transaction",उपदफा बमोजिम अन्त्य भएका कुनै पनि काम कारोबार बापत त्यस्तो कारोबार अन्त्य गरिएको दिन सम्मको बैङ् वा वित्तीय संस्थाले तिर्नु बुझाउनु वा बहन गर्नु पर्ने दायित्व बाहेक अन्य कुनै पनि किसिमको थप रकम तथा क्षतिपूर्ति दाबी गर्न पाइने छैन,उपदफा बमोजिम कारोबार समाप्त भएमा बैङ्क वा वित्तीय संस्थाले कारोबार समाप्त नभएसम्म भुक्तानी गर्नु पर्ने रकम वा दायित्व बाहेक अन्य कुनै किसिमको थप रकम वा क्षतिपूर्ति माग गर्न पाउने छैन
"As you behave others, expect the same from others.",आफूले जस्तै व्यवहार अरुसँग गर्छ अरूबाट त्यस्तै गर्नुपर्छ भन्ने अपेक्षा राख्छ ।,अन्य व्यक्तिसँग व्यवहार गरे सरह अन्य व्यक्तिसँग पनि त्यस्तै व्यवहारको अपेक्षा राख ।
Provision relating to trial: The Juvenile Court shall try the case in a child friendly environment by taking into consideration the age and maturity of the child,सुनुवाइ सम्बन्धी व्यवस्थाः बाल अदालतले बालबालिकाको उमेर र निजको परिपक्वता समेतलाई विचार गरी बालमैत्री वातावरणमा मुद्दाको सुनुवाइ गर्नुपर्नेछ,सुनुवाई सम्बन्धी व्यवस्था: बाल अदालतले बालबालिकाको उमेर र परिपक्वतालाई ध्यानमा राखी बालमैत्री वातावरणमा मुद्दाको सुनुवाई गर्नेछ
"Water and land are inseparable. With the sale of land, the water which covers it.",पानी र जमिन अलग्गै हुँदैनन् । जमिनको बिक्रीसँगै जमिनलाई ढाक्ने पानी पनि हस्तान्तरण हुन्छ ।,जमिन र पानी छुट्याउन सकिँदैन । जमिनको बिक्रीबाट जमिनलाई ढाक्ने पानी हुन्छ ।
"To have effective representation of the persons with disabilities in international, national, province and local level mechanisms related to sports.","खेलकूदसँग सम्बन्धित अन्तर्राष्ट्रिय, राष्ट्रिय, प्रदेश तथा स्थानीयस्तरका संयन्त्रमा अपाङ्गता भएका व्यक्तिलाई प्रभावकारी रूपमा प्रतिनिधित्व गराउने।","खेलकुदसँग सम्बन्धित अन्तर्राष्ट्रिय, राष्ट्रिय, प्रदेश र स्थानीय तहका व्यवस्थामा अपाङ्गता भएका व्यक्तिको प्रभावकारी प्रतिनिधित्व हुने।"
List of essential food and other goods and service: The Government of Nepal shall determine the list of essential food and other goods or services by a notification in the Nepal Gazette from time to time,अत्यावश्यक खा तथा अन्य वस्तु र सेवाको सूचीः नेपाल सरकारले नेपाल राजपत्रमा सूचना प्रकाशन गरी समय समयमा अत्यावश्यक खाद्य तथा अन्य वस्तु वा सेवाको सूची निर्धारण गर्नेछ,अत्यावश्यक खाद्य तथा अन्य वस्तु तथा सेवाको सूची: नेपाल सरकारले समय समयमा नेपाल राजपत्रमा सूचना प्रकाशन गरी अत्यावश्यक खाद्य तथा अन्य वस्तु वा सेवाको सूची निर्धारण गर्नेछ
The designated authority on receipt of the application pursuant to Sub- section shall conduct an enquiry with witnesses as necessary and together with evidences obtained from such person shall make the due correction and may grant another citizenship certificate after withdrawing the citizenship certificate awarded previously,उपदफा बमोजिम निवेदन परेपछि सम्बन्धित अधिकारीले निजसँग भएको सबुद प्रमाण र आवश्यकता अनुसार साक्षी सर्जमिन समेत बुझी त्यस्तो विवरण सच्याई पहिले लिएको नागरिकताको प्रमाणपत्र खिची अर्को नागरिकताको प्रमाणपत्र दिन सक्नेछ,उपदफा बमोजिम निवेदन प्राप्त भएपछि तोकिएको अधिकारीले आवश्यकता अनुसार साक्षीसँग जाँचबुझ गरी त्यस्तो व्यक्तिबाट प्राप्त प्रमाणको साथ देहाय बमोजिमको सच्याउने गरी पहिले प्रदान गरिएको नागरिकताको प्रमाणपत्र झिकेपछि अर्को नागरिकताको प्रमाणपत्र दिन सक्नेछ
"While investigating the petition filed pursuant to sub-section, if the details of the petition seem to be reasonable, the complaint hearing authority shall give an order to the concerned manager to revoke or correct such a decision",उपदफा बमोजिम परेको निवेदन छानविन गर्दा निवेदनको व्यहोरा मनासिव देखेमा उजूरी सुन्ने अधिकारीले त्यस्तो निर्णय बदर गर्न वा सच्याउन सम्बन्धित व्यवस्थापकलाई आदेश दिनेछ,उपदफा बमोजिमको निवेदन उपर अनुसन्धान गर्दा सोको विवरण मनासिब देखिएमा उजूरी सुन्ने अधिकारीले त्यस्तो निर्णय खारेज गर्न वा सच्याउन सम्बन्धित व्यवस्थापकलाई आदेश दिनु पर्नेछ
"While inviting applications from the general public for subscription of its shares, a bank or financial institution shall demand payment of hundred percent amount of the face value of its shares along with application",बैङ्क वा वित्तीय संस्थाको शेयर खरिदको लागि सर्वसाधारणबाट दरखास्त आहृवान गर्दा शेयरको अंकित मूल्यको शत प्रतिशत रकम दरखास्त साथ माग गर्नु पर्नेछ,बैङ्क वा वित्तीय संस्थाले आफ्नो शेयरको प्राप्तिको लागि सर्वसाधारणबाट निवेदन दिँदा निवेदन सहित आफ्नो शेयरको मुद्रित मूल्यको एक सय प्रतिशत रकम भुक्तानी माग गर्नु पर्नेछ
"Comprehensive emergency obstetric care means blood transmission and surgery service, in addition to basic emergency obstetric care mentioned in clause",“बृहत आकस्मिक प्रसूति सेवा भन्नाले खण्ड मा उल्लिखित आधारभूत आकस्मिक प्रसूति सेवाको अतिरिक्त रक्त सञ्चार र शल्य चिकित्सा सेवा समेत सम्झनु पर्छ,बृहत आकस्मिक प्रसूति सेवा भन्नाले खण्ड मा उल्लिखित आधारभूत आकस्मिक प्रसूति सेवाका अतिरिक्त रक्त सञ्चार तथा शल्यक्रिया सेवा सम्झनु पर्छ
to provide details of the goods relating to the imported goods when so demanded by the concerned agency or official,सम्बन्धित निकाय वा अधिकारीले माग गरेको बखत पैठारी गरिएको वस्तु सम्बन्धी वस्तुको विवरण उपलब्ध गराउने,सम्बन्धित निकाय वा अधिकारीले माग गरेमा पैठारी गरिएको वस्तुसँग सम्बन्धित वस्तुको विवरण उपलब्ध गराउने
"After the formation of another Council pursuant to sub-section (3), the funds and assets taken over by the Government of Nepal pursuant to sub- section shall be transferred to that Council",उपदफा बमोजिम अर्को परिषद्‌ गठन भएपछि उपदफा बमोजिम नेपाल सरकारले आफ्नो जिम्मामा राखेको कोष र सम्पत्ति सो परिषद्लाई हस्तान्तरण गर्नेछ,उपदफा बमोजिम अर्को परिषद् गठन भएपछि उपदफा बमोजिम नेपाल सरकारले कब्जा गरेको कोष तथा जायजेथा सो परिषद्मा हस्तान्तरण गरिनेछ
"Notwithstanding anything contained in Clause of Sub-Section , an official or employee of a bank or financial institution may work as a Director of a subsidiary company of the same bank or financial institution",उपदफा को खण्ड मा जुनसुकै कुरा लेखिएको भए तापनि बैङ्क वा वित्तीय संस्थाको पदाधिकारी वा कर्मचारीले सोही बैङ्क वा वित्तीय संस्थाको सहायक कम्पनीको सञ्चालक भई काम गर्न सक्नेछ,उपदफा को खण्ड मा जुनसुकै कुरा लेखिएको भए तापनि बैङ्क वा वित्तीय संस्थाको पदाधिकारी वा कर्मचारीले सो बैङ्क वा वित्तीय संस्थाको सहायक कम्पनीको सञ्चालकको रूपमा काम गर्न सक्नेछ
Other provisions relating to providing educational materials shall be as prescribed,शैक्षिक सामग्री प्रदान गर्ने सम्बन्धी अन्य व्यवस्था तोकिए बमोजिम हुनेछ,शैक्षिक सामग्री उपलब्ध गराउने सम्बन्धी अन्य व्यवस्था तोकिए बमोजिम हुनेछ
"Not to get contraceptives used forcefully: It is forbidden to get the contraceptives used by coercing any one, or threatening or enticing or tempting or without obtaining consent of such person",बलपूर्वक गर्भ निरोधका साधन प्रयोग गराउन नहुने: कसैलाई करकाप गरी वा धम्की दिई वा ललाई फकाई वा प्रलोभनमा पारी वा मञ्जुरी नलिई बलपूर्वक गर्भ निरोधका साधन प्रयोग गराउनु हुँदैन,गर्भनिरोधको साधन बलपूर्वक प्रयोग गर्न नपाउनेः कुनै व्यक्तिलाई जबरजस्ती वा धम्की दिई वा ललाई फकाई वा प्रलोभनमा पारी वा त्यस्तो व्यक्तिको मञ्जुरी नलिई गर्भनिरोधको साधन प्रयोग गर्न नपाउने
"The Government of Nepal shall provide financial assistance as prescribed for the development of physical infrastructures and other services, facilities of the schools that operate special education programs for the students with disabilities.",नेपाल सरकारले अपाङ्गता भएका विद्यार्थीका लागि विशेष शिक्षा कार्यक्रम सञ्चालन गरेका विद्यालयको भौतिक पूर्वाधार तथा अन्य सेवा सुविधाको विकासको लागि तोकिए बमोजिम आर्थिक सहयोग उपलब्ध गराउनेछ ।,नेपाल सरकारले अपाङ्गता भएका विद्यार्थीलाई विशेष शिक्षा कार्यक्रम सञ्चालन गर्ने विद्यालयको भौतिक पूर्वाधार तथा अन्य सेवाको विकासको लागि तोकिए बमोजिम आर्थिक सहायता उपलब्ध गराउनेछ ।
"“Barriers created from the existing social and physical environment” means barriers created from psycho-social, technologies, nature and man-made environment, attitude related, service systems and policies.","स्पष्टीकरण : “शारीरिक अङ्गहरूको बनौट र कार्य” भन्नाले शरीर सञ्चालन सम्बन्धी, दृष्टि सम्बन्धी, स्वर र सुनाइ सम्बन्धी, मानसिक, मांसपेशी र स्नायु सम्बन्धी र अन्य प्रणालीका अङ्ग र कार्यलाई जनाउँछ ।","विद्यमान सामाजिक तथा भौतिक वातावरणबाट सिर्जना भएका अवरोध” भन्नाले मनोसामाजिक, प्रविधि, प्रकृति तथा मानवनिर्मित वातावरण, व्यवहार सम्बन्धी, सेवा प्रणाली तथा नीतिबाट सिर्जना भएका अवरोध सम्झनु पर्छ।"
From the true owner.,वास्तविक धनीबाट ।,वास्तविक धनीबाट ।
It shall be the duty of the concerned health institution to comply with the directives received pursuant to sub-section,उपदफा बमोजिम प्राप्त निर्देशनको पालना गर्नु सम्बन्धित स्वास्थ्य संस्थाको कर्तव्य हुनेछ,उपदफा बमोजिम प्राप्त निर्देशनको पालना गर्नु सम्बन्धित स्वास्थ्य संस्थाको कर्तव्य हुनेछ
Those things which have been introduced contrary to the reason of the law oughts not to be drawn into precedent.,कानूनको विवेक प्रतिकूल हुने गरी लागू गरिएका विषय नजिरको रुपमा कायम हुँदैन ।,"कानूनको औचित्य विपरीत जुन कुराहरू गरिएको छ, त्यस्तो कुराहरू पूर्वाभ्यामा नलाग्ने ।"
The seniormost official of the Commission shall act as the Secretary of the Commission until the appointment of such official,त्यस्तो कर्मचारी नियुक्त नभएसम्म आयोगको वरिष्ठतम्‌ कर्मचारीले आयोगको सचिव भई काम गर्नेछ,त्यस्तो कर्मचारी नियुक्ति नभएसम्म आयोगको वरिष्ठतम् कर्मचारीले आयोगको सचिव भई काम गर्नेछ
"Power to frame Directives or Procedures: The Commission may, subject to this Act or rules framed under this Act, issue directives or procedures to conduct or cause to conduct the smooth operation of its functions",निर्देशिका वा कार्यविधि बनाउने अधिकार: आयोगबाट सम्पादन हुने काम सुचारू रूपले सञ्चालन गर्न वा गराउनको लागि आयोगले यो ऐन तथा यस ऐन अन्तर्गत बनेको नियमको अधीनमा रही आवश्यक निर्देशिका वा कार्यविधि बनाउन सक्नेछ,निर्देशिका वा कार्यविधि बनाउने अधिकारः आयोगले यो ऐन वा यस ऐन अन्तर्गत बनेको नियमको अधीनमा रही आफ्नो काम सुचारू रूपले सञ्चालन गर्न वा गराउनको लागि निर्देशिका वा कार्यविधि बनाउन सक्नेछ
"selling without fulfilling the structure, measurement or standard if any, prescribed for selling or providing any goods or service","कुनै वस्तु वा सेवा बिक्री वा प्रदान गर्न कुनै संरचना, मानक वा मापदण्ड तोकिएकोमा त्यस्तो संरचना, मानक वा मापदण्ड पूरा नगरी बिक्री गर्ने","कुनै वस्तु वा सेवा बिक्री वा प्रदान गर्न तोकिएको संरचना, मापन वा कुनै मापदण्ड पूरा नगरी बिक्री गर्ने"
"Definition: Unless the subject or the context otherwise requires, in this Act, Housing means building, house, part of it or such permanent or temporary, partial or full structure constructed for the residential purpose","परिभाषा: विषय वा प्रसङ्गले अर्को अर्थ नलागेमा यस ऐनमा, आवास भन्नाले आवासीय प्रयोजनको लागि निर्माण गरिएको भवन, घर, सोको अंश वा यस्तै स्थायी वा अस्थायी आंशिक वा पूर्ण संरचना सम्झनु पर्छ","परिभाषा: विषय वा प्रसङ्गले अर्को अर्थ नलागेमा यस ऐनमा, आवास भन्नाले आवास प्रयोजनको लागि बनाइएको भवन, घर, त्यसको केही अंश वा त्यस्तो स्थायी वा अस्थायी, आंशिक वा पूर्ण संरचना सम्झनु पर्छ"
"The Juvenile Court may monitor and inspect the child reform homes established within its territorial jurisdiction, issue necessary directives to such child reform homes and order such child reform homes to submit reports on the condition of reform of the children kept in such homes","बाल अदालतले आफ्नो प्रादेशिक क्षेत्राधिकारभित्र स्थापना भएका बाल सुधार गृहको अनुगमन तथा निरीक्षण गर्न, त्यस्तो बाल सुधार गृहलाई आवश्यक निर्देशन दिन र बाल सुधार गृहमा रहेका बालबालिकाको सुधारको स्थितिका सम्बन्धमा त्यस्तो बाल सुधार गृहलाई प्रतिवेदन पेश गर्न लगाउन सक्नेछ","बाल अदालतले आफ्नो क्षेत्राधिकारभित्र स्थापना भएका बाल सुधार गृहको अनुगमन र निरीक्षण गर्न, त्यस्तो बाल सुधार गृहलाई आवश्यक निर्देशन दिन र त्यस्तो बाल सुधार गृहमा रहेका बालबालिकाको सुधारको अवस्थाको प्रतिवेदन पेश गर्न त्यस्तो बाल सुधार गृहलाई आदेश दिन सक्नेछ"
Tomanage budget by the Government of Nepal: The Government of Nepal shall have the obligation of the social security allowance pursuant to this Act,नेपाल सरकारले बजेट व्यवस्था गर्ने: यस ऐन बमोजिम सामाजिक सुरक्षा भत्ताको दायित्व नेपाल सरकारको हुनेछ,नेपाल सरकारले बजेट व्यवस्थापन गर्नेछ: यस ऐन बमोजिम सामाजिक सुरक्षा भत्ताको दायित्व नेपाल सरकारलाई हुनेछ
"Quality of goods and services: In case the quality or standards of any substance inherent in any goods have not been determined, the Government of Nepal shall determine the standards or quality of such goods or services by fulfilling the process as prescribed",वस्तु वा सेवाको गुणस्तर: कुनै वस्तुमा अन्तरनिहित कुनै पदार्थको गुणस्तर वा मापदण्ड निर्धारण भएको रहेनछ भने नेपाल सरकारले त्यस्तो वस्तु वा सेवाको गुणस्तरको मापदण्ड तोकिए बमोजिमको प्रक्रिया पूरा गरी निर्धारण गर्नेछ,वस्तु वा सेवाको गुणस्तर: कुनै वस्तुमा निहित रहेको कुनै पदार्थको गुणस्तर वा मापदण्ड निर्धारण नगरेमा नेपाल सरकारले तोकिए बमोजिमको प्रक्रिया पूरा गरी त्यस्तो वस्तु वा सेवाको मापदण्ड वा गुणस्तर निर्धारण गर्नेछ
The Government of Nepal may provide draft of model law to the Province and Local Level in order to enact laws.,नेपाल सरकारले प्रदेश र स्थानीय तहलाई कानून बनाउनको लागि नमूना कानूनको मस्यौदा बनाई उपलब्ध गराउन सक्नेछ।,नेपाल सरकारले कानून बनाउन प्रदेश र स्थानीय तहलाई नमूना कानूनको प्रारूप उपलब्ध गराउन सक्नेछ ।
"Power, duties and functions of the Registrar: In addition to the power, duties and functions stipulated elsewhere in this Act, the power, duties and function of the Registrar shall be as follows:- To prepare the agenda to be submitted for consideration in the Council meeting in consultation with the Chairperson","रजिष्ट्रारको काम, कर्तव्य र अधिकारः यस ऐनमा अन्यत्र लेखिएका काम, कर्तब्य र अधिकारको अतिरिक्त रजिष्ट्रारको काम, कर्तव्य र अधिकार देहाय बमोजिम हुनेछः परिषद्को बैठकमा पेश गर्नु पर्ने छलफलको विषयसूची अध्यक्षको परामर्शमा तयार गर्ने","रजिष्ट्रारको काम, कर्तव्य र अधिकारः यस ऐनमा अन्यत्र उल्लिखित काम, कर्तव्य र अधिकारका अतिरिक्त रजिष्ट्रारको काम, कर्तव्य र अधिकार देहाय बमोजिम हुनेछ :- अध्यक्षसँग परामर्श गरी परिषद्को बैठकमा विचारको लागि पेश गरिने विषयवस्तु तयार गर्ने"
"Auditor to Certify: An auditor shall mark any certify the accounts, records, books and ledgers audited by him/her by putting his /her signature thereon and also mentioning therein the date on which he/she has audited them","लेखापरीक्षकले प्रमाणित गर्नु पर्ने : लेखापरीक्षकले आफूले परीक्षण गरेको हिसाब किताब, खाता बही, श्रेस्ता र लेखामा आफूले जाँचेको मिति समेत उल्लेख गरी दस्तखत गरी निस्सा लगाई प्रमाणित गर्नु पर्नेछ","प्रमाणित गराउनु पर्ने लेखापरीक्षक : लेखापरीक्षकले आफूले लेखापरीक्षण गरेको लेखा, अभिलेख, बही, बहीखाता र लेखाको प्रमाणीकरण गर्न जुनसुकै बखत राख्नु पर्नेछ र सोमा आफूले लेखापरीक्षण गरेको मिति समेत उल्लेख गर्नु पर्नेछ"
to sell the goods to the customers on a first-come-first-served basis,पहिले आउने उपभोक्तालाई पहिले वस्तु बिक्री गर्ने,उपभोक्तालाई पहिलो आउने पहिलो सेवाको आधारमा वस्तु बिक्री गर्ने
"Prohibition on untouchability and discrimination: No one shall commit, or cause to be committed, untouchability and discrimination",जातीय तथा अन्य सामाजिक छुवाछूत र भेदभाव गर्न नहुने: कसैले पनि जातीय तथा अन्य सामाजिक छुवाछुत तथा भेदभाव गर्न वा गराउन हुँदैन,जातीय तथा अन्य सामाजिक छुवाछूत तथा भेदभाव गर्न नहुने : कसैले पनि जातीय तथा अन्य सामाजिक छुवाछूत तथा भेदभाव गर्न वा गराउन हुँदैन
to give necessary directives to the bodies that protect the rights and interests of the consumers and law enforcement bodies in order to make market monitoring effective,"बजार अनुगमनलाई प्रभावकारी बनाउन उपभोक्ताको हक, हित संरक्षण गर्ने र कानून कार्यान्वयन गर्ने निकायलाई आवश्यक निर्देशन दिने",बजार अनुगमनलाई प्रभावकारी बनाउन उपभोक्ताको हक हित संरक्षण गर्ने निकाय तथा कानून प्रचलन निकायलाई आवश्यक निर्देशन दिने
Coordination to be Made by District Coordination Committee: The District Coordination Committee shall coordinate on following matters: Development works to be carried out by the Federation or Province at the Local Level.,जिल्ला समन्वय समितिले समन्वय गर्ने : जिल्ला समन्वय समितिले देहायका विषयमा समन्वय गर्नेछ:- सङ्ग वा प्रदेशले स्थानीय तहमा गर्ने विकास निर्माण सम्बन्धी कार्य।,जिल्ला समन्वय समितिले समन्वय गर्ने : जिल्ला समन्वय समितिले देहायका विषयमा समन्वय गर्नेछः- स्थानीय तहमा सङ्घ वा प्रदेशले गर्ने विकास कार्य।
"Rights of child victim: A child victim shall have the right to child friendly justice as follows in every stage of investigation, prosecution and judicial process: To get information on the language he or she understands","पीडित बालबालिकाका अधिकार: पीडित बालबालिकालाई अनुसन्धान, अभियोजन र न्यायिक प्रक्रियाको हरेक चरणमा देहाय बमोजिमका बाल अनुकूल न्यायको अधिकार हुनेछ :- आफूले बुझ्ने भाषामा जानकारी पाउने","पीडित बालबालिकाको अधिकार : अनुसन्धान, अभियोजन र न्यायिक प्रक्रियाको प्रत्येक तहमा पीडित बालबालिकालाई अनुसन्धान, अभियोजन र न्यायिक प्रक्रियामा देहाय बमोजिमको बालमैत्री न्यायको अधिकार हुनेछः- निजले बुझेको भाषामा जानकारी प्राप्त गर्ने"
Action for the purpose of compelling a defendant to exhibit a thing or title to his,कुनै सम्पत्ति वा हक देखाउन बाध्य पार्नको लागि गरिने मुद्दा ।,प्रतिवादीलाई निजको हकमा कुनै वस्तु वा उपाधि प्रदर्शन गर्न बाध्य गर्ने प्रयोजनको लागि गरिने उजुरी
"Notwithstanding anything contained in the laws in force, examination of witness or interrogatories executed in a foreign country pursuant to this Act may be taken in evidence as if such examination of witness or written interrogatories were executed in the Court of Nepal",प्रचलित कानूनमा जुनसुकै कुरा लेखिएको भए तापनि यस ऐन बमोजिम विदेशमा गरिएको साक्षी परीक्षण वा बन्द सवाललाई नेपालको अदालतमा नै साक्षी परीक्षण वा बन्द सवाल भए गरे सरह मानी प्रमाणको रुपमा लिन सकिनेछ,प्रचलित कानूनमा जुनसुकै कुरा लेखिएको भए तापनि यस ऐन बमोजिम विदेशी राज्यमा भएको साक्षी परीक्षण वा सोधपुछको प्रमाण यस ऐन बमोजिम नेपालको अदालतमा भएको सरह बुझ्न सकिनेछ
"Classification of Claims: The claims accepted, accepted partially or rejected pursuant to Section 87 shall by a Liquidator be recorded separately segregating them under different headings","दाबीको वर्गीकरण : लिक्वीडेटरले दफा ८७ बमोजिम स्वीकृत, आंशिक रुपमा स्वीकृत वा अस्वीकृत दाबीलाई सोही बमोजिम छुट्टाछुट्टै शीर्षकमा छुट्याई राख्नु पर्नेछ","दाबीको वर्गीकरण : दफा ८७ बमोजिम स्वीकृत, आंशिक रूपमा स्वीकृत वा अस्वीकृत दाबीलाई लिक्विडेटरले छुट्टै छुट्टै शीर्षकमा अभिलेख गर्नु पर्नेछ"
Chapter-4 Miscellaneous Organizational Structure and Employees of the Commission: The organizational structure and appointment of employees of the Commission shall be as approved by the Government of Nepal,परिच्छेद-४ विविध आयोगको सङ्गठनात्मक संरचना र कर्मचारी: आयोगको सङ्गठनात्मक संरचना र कर्मचारीको दरबन्दी नेपाल सरकारले स्वीकृत गरे बमोजिम हुनेछ,परिच्छेद-४ विविध आयोगको सङ्गठनात्मक संरचना र कर्मचारीः आयोगको सङ्गठनात्मक संरचना र कर्मचारीको दरबन्दी नेपाल सरकारले स्वीकृत गरे बमोजिम हुनेछ
The Department may issue a service passport to a Nepali citizen working as local employee in the mission upon written request from the Ministry or the mission,नियोगमा स्थानीय कर्मचारीको रूपमा कार्यरत नेपाली नागरिकलाई मन्त्रालय वा नियोगबाट लेखी आएमा विभागले सर्भिस राहदानी जारी गर्न सक्नेछ,विभागले मन्त्रालयले वा नियोगबाट लेखी आएमा नियोगमा स्थानीय कर्मचारी भई काम गर्ने नेपाली नागरिकलाई सेवा राहदानी जारी गर्न सक्नेछ
"The District Judge, as deputed in accordance with Sub-Section (5), shall work in the assigned District Court during the period as prescribed",उपदफा बमोजिम तोकिएको जिल्ला न्यायाधीशले तोकेको अवधिभर सम्बन्धित जिल्ला अदालतमा रही काम गर्नु पर्नेछ,उपदफा बमोजिम तोकिएको जिल्ला न्यायाधीशले तोकिए बमोजिमको अवधिको लागि तोकिए बमोजिमको जिल्ला अदालतमा काम गर्नेछ
"Upon receipt of such request, the Rastra Bank shall forward the request to the Government of Nepal for necessary actions along with its opinion",त्यस्तो अनुरोध प्राप्त भएपछि राष्ट्र बैङ्कले आफ्नो राय सहित आवश्यक कारबाहीको लागि नेपाल सरकार समक्ष पठाउनेछ,त्यस्तो अनुरोध प्राप्त हुनासाथ राष्ट्र बैङ्कले आवश्यक कारबाहीको लागि राय सहित अनुरोधपत्र नेपाल सरकार समक्ष पठाउनु पर्नेछ
A bank or financial institution may open a branch office outside Nepal by obtaining approval from the Rastra Bank,बैङ्क तथा वित्तीय संस्थाले राष्ट्र बैङ्कको स्वीकृति लिई नेपाल बाहिर शाखा कार्यालय खोल्न सक्नेछ,राष्ट्र बैङ्कको स्वीकृति लिई बैङ्क वा वित्तीय संस्थाले नेपाल बाहिर शाखा कार्यालय खोल्न सक्नेछ
"Notwithstanding anything contained in sub-sections and (3), Province or Local Level shall not enact laws: Prohibiting the exercise of fundamental rights, Constitutional rights or rights provided for in the federal laws, or restricting such rights.","उपदफा र मा जुनसुकै कुरा लेखिएको भए तापनि प्रदेश वा स्थानीय तहले कानून बनाउँदा देहाय बमोजिम हुने गरी बनाउनु हुँदैनः- मौलिक हक, संवैधानिक हक वा सङ्घीय कानूनप्रदत्त हकमा प्रतिबन्ध लगाउने वा त्यस्तो हकको प्रयोगमा सीमा तोक्ने।","उपदफा र मा जुनसुकै कुरा लेखिएको भए तापनि प्रदेश वा स्थानीय तहले आधारभूत, संवैधानिक वा सङ्घीय कानूनमा व्यवस्था भएको अधिकारको प्रयोग गर्न निषेध गर्ने वा त्यस्तो अधिकारलाई सीमित गर्ने कानून बनाउने छैन ।"
"To keep the record to be remained in the Secretariat of the Judicial Council in systematic and secured manner by updating it, To allocate the functions to the employees of the Judicial Council and to assign them in work, To carry on monitoring, control and supervision of the activities of the Secretariat of Judicial Council, To give information of decision of the Judicial Council to concerned person or body, To make contract and coordination with Government of Nepal and other concerned body as per the requirement, To perform other function as prescribed by the Judicial Council","न्याय परिषदको सचिवालयमा रहने अभिलेख प्रमाणित गरी अद्यावधिक, व्यवस्थित र सुरक्षित राखे, न्याय परिषदको कर्मचारीलाई कार्यविभाजन गरी काममा लगाउने, न्याय परिषदको सचिवालयको काम कारवाहीको अनुगमन, नियन्त्रण, सुपरीवेक्षण गर्ने, न्याय परिषदको निर्णय सम्बन्धित व्यक्ति वा निकायलाई जानकारी गराउने, नेपाल सरकार र अन्य सम्बन्धित निकायसँग आवश्यकता अनुसार सम्पर्क र समन्वय गर्ने, न्याय परिषदले तोकेको अन्य काम गर्ने","न्याय परिषदको सचिवालयमा व्यवस्थित र सुरक्षित रूपमा रहने अभिलेख अद्यावधिक गरी राख्ने, न्याय परिषदको कर्मचारीलाई कामको जिम्मा दिने, न्याय परिषदको सचिवालयको काम कारबाहीको अनुगमन, नियन्त्रण र सुपरिवेक्षण गर्ने, न्याय परिषदको निर्णयको जानकारी सम्बन्धित व्यक्ति वा निकायलाई दिने, आवश्यकता अनुसार नेपाल सरकार तथा अन्य सम्बन्धित निकायसँग करार तथा समन्वय गर्ने, न्याय परिषदले तोकेको अन्य काम गर्ने"
Coordinator,संयोजक,समन्वयकर्ता
"Notwithstanding anything contained in Sub-Section, the Chairperson shall call a meeting in case any two members jointly make a written request including the agendas before the Chairperson to call a meeting of the Judicial Council as quick as possible",उपदफा मा जुनसुकै कुरा लेखिएको भए तापनि दुईजना सदस्यले संयुक्त रूपमा बिषय सूची समेत समावेश गरी न्याय परिषदको बैठक बोलाउन अध्यक्ष समक्ष लिखित अनुरोध गरेमा अध्यक्षले यथाशीघ्र बैठक बोलाउनु पर्नेछ,उपदफा मा जुनसुकै कुरा लेखिएको भए तापनि दुई जना सदस्यहरु आपसमा मिलेर विषय सूची सहित लिखित अनुरोध गरेमा अध्यक्षले न्याय परिषदको बैठक यथाशीघ्र बोलाउनु पर्नेछ
The will of a deceased person is changeable until the last moment of life.,मृत्युको समय सम्म कुनै ब्यक्तिको इच्छापत्र परिवर्तन हुन सक्छ ।,मृतक व्यक्तिको इच्छा last moment of lifeसम्म परिवर्तनीय हुन्छ ।
He who fails in a syllable fails in his whole cause.,"जसले शब्द बुझ्दैन, उसले सम्पूर्ण कारण पनि बुझ्दैन ।","जसले शब्दावलीमा असफल हुन्छ, निजको सम्पूर्ण मुद्दामा पनि असफल हुन्छ ।"
"Notwithstanding anything contained elsewhere in this Act, the maximum limit of shares to be subscribed by a promoter or shareholder of an Infrastructure Development Bank or limit of equity investment to be made by any foreign bank, financial institution and other corporate body in shares, debentures or other financial instruments shall be as determined by the Rastra Bank from time to time","यस ऐनमा अन्यत्र जुनसुकै कुरा लेखिएको भए तापनि पूर्वाधार विकास बैङ्कको संस्थापक वा शेयरधनीले लिने अधिकतम शेयर वा कुनै विदेशी बैङ्, वित्तीय संस्था वा अन्य संगठित संस्थाले त्यस्तो बैङ्कको शेयर, डिबेञ्चर वा अन्य वित्तीय उपकरणमा लगानी गर्ने सीमा राष्ट्र बैङ्क समय समयमा निर्धारण गरे बमोजिम हुनेछ","यस ऐनमा अन्यत्र जुनसुकै कुरा लेखिएको भए तापनि पूर्वाधार विकास बैङ्कको संस्थापक वा शेयरधनीले पाउने शेयरको अधिकतम सीमा वा कुनै विदेशी बैङ्क, वित्तीय संस्था वा अन्य सङ्गठित संस्थाले शेयर, डिबेञ्चर वा अन्य वित्तीय उपकरणमा गर्ने शेयर लगानीको सीमा राष्ट्र बैङ्कले समय समयमा निर्धारण गरे बमोजिम हुनेछ"
The Local Level shall have to provide the details of the list collected pursuant to sub-section to the Government of Nepal through the Provincial Government,उपदफा बमोजिम सङ्गलन गरिएको लगतको विवरण स्थानीय तहले प्रदेश सरकार मार्फत्‌ नेपाल सरकारलाई उपलब्ध गराउनु पर्नेछ,उपदफा बमोजिम सङ्कलित सूचीको विवरण स्थानीय तहले प्रदेश सरकार मार्फत नेपाल सरकार समक्ष उपलब्ध गराउनु पर्नेछ
"How much and of what kind, the extent and quality.","कति तथा कस्तो किसिमको, वस्तुको सीमा तथा गुण","कति र कुन किसिमको, परिमाण र गुणस्तर ।"
"No person shall be allowed to sell and distribute tobacco products from any home or shop having under the distance of 100 meter from educational and health institutions, child welfare homes, child care centers, elders’ care home, and other public places as prescribed by Government of Nepal by publishing a notice in the Nepal Gazette",निर्देशिका बनाउन सक्ने: मन्त्रालयले ऐन तथा यस नियमावलीको अधीनमा रही आवश्यक निर्देशिका वनाउन सक्नेछ,"कुनै पनि व्यक्तिले नेपाल सरकारले नेपाल राजपत्रमा सूचना प्रकाशन गरी तोकेको शैक्षिक तथा स्वास्थ्य संस्था, बाल कल्याण गृह, बाल स्याहार केन्द्र, बृद्ध स्याहार गृह र अन्य सार्वजनिक स्थानबाट १०० मीटर तलको दूरीमा रहेको कुनै घर वा पसलबाट धुम्रपान उत्पादन बिक्री वितरण गर्न पाउने छैन"
One who orders or commands is deemed to have done thing himself.,"जसले कुनै काम गर्न आदेश दिन्छ, सो कार्य उसले गरेको मानिन्छ । (हि. मु.अ.स., दफा १२९ को उपदफा (१), मु.अ.स., दफा १२९ को उपदफा (४), २०६ को उपदफा (१), १२९ आदी) को उपदफा (४), १२९ आदी)","जसले आदेश वा आदेश दिएको हुन्छ, निज आफैले गरेको मानिन्छ ।"
One cannot be displeased with that which has once satisfied him in making his election. (That which has once pleased in matter of election cannot afterwards displeased.),छुनोटको विषयमा एकपटक सन्तुष्ट भएपछि त्यस पछाडी असन्तुष्ट हुन सक्तैन । (एकपटक कसैले छुनोट गर्न अधिकार प्रयोग गरिसकेपछि छुनोट गर्ने भन्दा सक्तैन । (अधुतको छुनोटको सन्दर्भमा),"जुन कुराले एकपटक आफ्नो निर्वाचनमा सन्तोषजनक तुल्याएको हुन्छ, त्यस कुराले कुनै पनि व्यक्तिलाई चित्त नलाग्ने ।"
"If, for any reason, the position of an Auditor falls vacant, the Board of Directors shall appoint another Auditor for the remainder of the term",कुनै कारणले लेखापरीक्षकको स्थान रिक्त भएमा बाँकी अवधिको लागि सञ्चालक समितिले अर्को लेखापरीक्षकको नियुक्ति गर्नु पर्नेछ,कुनै कारणवश लेखापरीक्षकको पद रिक्त भएमा सञ्चालक समितिले बाँकी अवधिको लागि अर्को लेखापरीक्षकलाई नियुक्ति गर्नेछ
Recommendation from the concerned Village Development or Municipality certifying the place of birth and relationship,जन्मस्थान र नाता खुल्ने गरी “गाउँपालिका वा नगरपालिकाले गरिदिएको सिफारिस,जन्मस्थान र सम्बन्ध प्रमाणित गर्ने सम्बन्धित गाउँ विकास वा नगरपालिकाको सिफारिस
"Chapter-9 Steering Committee and Coordination Committee Steering Committee: There shall be a Steering Committee for the functions including to co-ordinate, monitor, promote the activities related to the rights, facilities, services and protection of the persons with disabilities and to give direction in the activities related thereto.","परिच्छेद-९ निर्देशन समिति तथा समन्वय समिति निर्देशन समिति : अपाङ्गता भएका व्यक्तिको अधिकार, सेवा सुविधा र संरक्षण सम्बन्धी काम कारबाहीमा समन्वय, रेखदेख, प्रबर्धन गर्ने तथा सो सम्बन्धी काममा निर्देशन दिने काम समेतको लागि एक अपाङ्गता राष्ट्रिय निर्देशन समिति रहनेछ ।","परिच्छेद-९ निर्देशन समिति र समन्वय समिति निर्देशन समिति : अपाङ्गता भएका व्यक्तिको अधिकार, सुविधा, सेवा तथा संरक्षण सम्बन्धी काम कारबाहीको समन्वय, अनुगमन, प्रवर्द्धन तथा सोसँग सम्बन्धित काम कारबाहीमा निर्देशन दिने काम समेतको लागि निर्देशन समिति रहनेछ ।"
The Supreme Court shall have the power to hear an appeal on reference cases submitted before the Supreme Court,सर्वोच्च अदालतमा साधक पेश भएको मुद्वामा समेत सर्वोच्च अदालतलाई पुनरावेदन सुन्ने अधिकार हुनेछ,सर्वोच्च अदालत समक्ष पेश भएको पुनरावेदन उपर सर्वोच्च अदालतलाई पुनरावेदन सुन्ने अधिकार हुनेछ
"The Ministry shall prepare integrated details of the persons with disabilities, on the basis of the records received pursuant to sub-section (2).","उपदफा वा बमोजिमको अभिलेखमा समावेश नभएका अपाङ्गता भएका व्यक्तिलाई नेपाल सरकारले यस ऐन बमोजिम उपलब्ध गराउने सेवा, सुविधा प्रदान गर्न बाध्य हुने छैन ।",उपदफा बमोजिम प्राप्त अभिलेखको आधारमा मन्त्रालयले अपाङ्गता भएका व्यक्तिको एकीकृत विवरण तयार गर्नेछ ।
"The portion of returns to be received from the mobilization of Natural Resources made pursuant to sub-section (1), shall be determined by the Commission on the following grounds and recommendation of the same shall be made to the Government of Nepal: - situation of mobilized natural resources, area affected due to the mobilization of natural resources, dependence upon the mobilized natural resources, population benefitting from the results, population dependent on the natural resources, participation in the protection and sustainable management of natural resources","आयोगले उपदफा बमोजिम प्राकृतिक स्रोतको परिचालनबाट प्राप्त हुने प्रतिफलको हिस्सा देहायका आधारमा निर्धारण गरी नेपाल सरकारमा सिफारिस गर्न पर्नेछ :- परिचालित प्राकृतिक स्रोतको अवस्थिति, प्राकृतिक स्रोतको परिचालनबाट प्रभावित क्षेत्र, परिचालित प्राकृतिक स्रोत उपरको निर्भरता, प्रतिफलबाट लाभान्वित जनसङ्ख्या, प्राकृतिक स्रोतमा आश्रित जनसङ्ख्या, प्राकृतिक स्रोतको संरक्षण र दिगो व्यवस्थापनमा सहभागिता","उपदफा बमोजिमको प्राकृतिक स्रोतको परिचालनबाट प्राप्त हुने प्रतिफलको अंश आयोगले देहायका आधारमा निर्धारण गर्नेछ र सोको सिफारिस नेपाल सरकारलाई गरिनेछः- परिचालन गरिएको प्राकृतिक स्रोतको अवस्था, प्राकृतिक स्रोतको परिचालनबाट प्रभावित क्षेत्र, परिचालन गरिएको प्राकृतिक स्रोतमा निर्भरता, परिणामबाट लाभ लिने जनसंख्या, प्राकृतिक स्रोतमा निर्भर जनसंख्या, प्राकृतिक स्रोतको संरक्षण र दिगो व्यवस्थापनमा सहभागिता"
Invigilation of Examination: The Council may cause invigilation of the examination to be conducted by the relevant educational institution recognized under section 22 to award qualification certificates or other degrees,परीक्षाको पर्यवेक्षण: परिषद्ले दफा २२ बमोजिम मान्यता प्रदान गरिएको शैक्षिक योग्यताको प्रमाणपत्र वा अन्य उपाधिको लागि सम्बन्धित शिक्षण संस्थाबाट लिइने परीक्षाको पर्यवेक्षण गर्न सक्नेछ,परीक्षाको पर्यवेक्षण: दफा २२ बमोजिम मान्यता प्राप्त शिक्षण संस्थाले योग्यता प्रमाणपत्र वा अन्य उपाधि प्रदान गर्न परीक्षाको पर्यवेक्षण गराउन सक्नेछ
What is mine cannot be lost or transferred to another without alienation or forfeiture.,मेरो सम्पत्ति मबाट अलग्ग नगरी वा जफत नगरी अर्कलाई हस्तान्तरण हुन सक्दैन ।,मेरो सम्पत्ति विचलन वा बञ्चित नगरी अन्य व्यक्तिलाई हस्तान्तरण गर्न वा गुमाउन सकिँदैन ।
"Chapter-1 Preliminary Short title and commencement: This Act may be cited as the “Act Relating to Compulsory and Free Education, 2075","परिच्छेद-१ प्रारम्भिक संक्षिप्त नाम र प्रारम्भ: यस ऐनको नाम “अनिवार्य तथा निःशुल्क शिक्षा सम्बन्धी ऐन, २०७५” रहेको छ","परिच्छेद-१ प्रारम्भिक संक्षिप्त नाम र प्रारम्भः यस ऐनको नाम “आवश्यक तथा निःशुल्क शिक्षा सम्बन्धी ऐन, २०७५” रहेको छ"
If no member of the family is self-employed.,परिवारको कुनै पनि सदस्य स्वरोजगार नभएमा।,परिवारको कुनै सदस्य स्वरोजगारमा नरहेकोमा ।
Hearing of the case pursuant to sub-section shall be held in the single Bench of the High Court and the decision or final order made by such a Bench shall be deemed to be the decision or final order of the Court,उपदफा बमोजिम प्राप्त भएको मुद्दाको सम्बन्धमा उच्च अदालतको एक न्यायाधीशको इजलासमा सुनुवाई हुनेछ र त्यस्तो इजलासबाट भएको निर्णय वा अन्तिम आदेश नै अदालतको निर्णय वा अन्तिम आदेश मानिनेछ,उपदफा बमोजिमको मुद्दाको सुनुवाई उच्च अदालतको एकल इजलासमा बस्नेछ र त्यस्तो इजलासबाट भएको निर्णय वा अन्तिम आदेश अदालतको निर्णय वा अन्तिम आदेश मानिनेछ
"Power to issue standards or directives: The Auditor General may, subject to this Act and the rules framed under this Act, make and enforce auditing standards or directives based on international auditing standards and prevailing good practices in order to enhance the quality of audit by making auditing objective, reliable and valid","यो ऐन प्रारम्भ हुँदाका बखत लेखापरीक्षण ऐन, २०४८ बमोजिम लेखापरीक्षण हुन बाँकी रहेको लेखाको लेखापरीक्षण यसै ऐन बमोजिम हुनेछ","मापदण्ड वा निर्देशिका बनाउने अधिकार : महालेखापरीक्षकले यस ऐन र यस ऐन अन्तर्गत बनेको नियमको अधीनमा रही लेखापरीक्षणको गुणस्तरलाई यथार्थ, विश्वसनीय र मान्य बनाई लेखापरीक्षणको मापदण्ड वा निर्देशिका बनाई लागू गर्न सक्नेछ"
"One who succeeds to the right or ownership of another, ought to enjoy the rights of that other.","जसले अर्कको व्यक्तिको अधिकार वा स्वामित्व सक्छ, निजले त्यस्तो व्यक्तिको अधिकार उपयोग गर्दछ ।","जसले अर्को व्यक्तिको अधिकार वा स्वामित्व प्राप्त गरेको हुन्छ, निजले अर्को व्यक्तिको अधिकार प्राप्त गर्नु पर्छ ।"
"Notwithstanding anything contained in sub-section , in cases where it is necessary to carry out any security check under the prevailing law or to search any person in the course of investigation of a criminal offence, the authorized official or any person or security deputed for the purpose of security in accordance with his or her order may carry out search in accordance with law",उपदफा मा जुनसुकै कुरा लेखिएको भए तापनि प्रचलित कानून बमोजिम कुनै सुरक्षा जाँच वा फौजदारी कसूरको अनुसन्धानको सिलसिलामा कुनै व्यक्तिको तलासी लिनु पर्ने अवस्था भएमा कानून बमोजिम अधिकार प्राप्त अधिकारी वा निजको आदेश बमोजिम सुरक्षाको प्रयोजनको लागि खटिएका कुनै व्यक्ति वा सुरक्षाकर्मीले तलासी लिन सक्नेछ,उपदफा मा जुनसुकै कुरा लेखिएको भए तापनि फौजदारी कस्रको अनुसन्धानको सिलसिलामा प्रचलित कानून बमोजिम कुनै सुरक्षा जाँच गर्नु वा कुनै व्यक्तिको खानतलासी गर्नु पर्ने अवस्थामा निजको आदेश बमोजिम अधिकार प्राप्त अधिकारी वा सुरक्षाको प्रयोजनको लागि खटाइएको कुनै व्यक्ति वा सुरक्षाकर्मीले कानून बमोजिम खानतलासी गर्न सक्नेछ
"Miscellaneous Investigation and filling of case: An investigation of a case punishable under section 33 shall be carried out by an officer of the Council appointed by it and after the completion of such investigation, the case shall be filed with a corresponding district court on taking opinion of the government attorney",बिबिध मुद्दाको अनुसन्धान र दायरीः दफा ३३ बमोजिम सजाय हुने मुद्दाको अनुसन्धान परिषद्ले तोकेको परिषद्को अधिकृतले गर्नेछ र त्यस्तो अनुसन्धानको काम पूरा भएपछि सरकारी वकिलको राय लिई सम्बन्धित जिल्ला अदालतमा मुद्दा दायर गर्नेछ,विविध मुद्दाको अनुसन्धान र किनारा : दफा ३३ बमोजिम सजाय हुने मुद्दाको अनुसन्धान परिषद्ले नियुक्त गरेको परिषद्को अधिकृतले गर्नेछ र त्यस्तो अनुसन्धान समाप्त भएपछि सरकारी वकीलको राय लिई सम्बन्धित जिल्ला अदालतमा मुद्दा दायर गर्नु पर्नेछ
An action to penalize someone who wrongfully compelled the plaintiff to assume obligation.,गलत तरिकाले दायित्व बोकाउनेलाई सजाय दिने उजुरी ।,वादीलाई दायित्व पूरा गर्न बाध्य गर्ने कुनै व्यक्तिलाई सजाय दिने उजुरी ।
"Restorative justice: While dispensing the juvenile justice, it shall be made in compliance with the principle of restorative justice",पुनर्स्थापकीय न्याय: बाल न्याय सम्पादन गर्दा पुनर्स्थापकीय न्यायको मान्यता अनुकूल हुने गरी गर्नु पर्नेछ,पुनर्स्थापनामूलक न्याय : बाल न्याय प्रदान गर्दा पुनर्स्थापनामूलक न्यायको सिद्धान्तको अनुरूप गर्नु पर्नेछ
"Rights of children with disabilities: The children with disabilities shall have the right to ensure their dignity and honour, promote self-reliance, participate actively in the society and earn the living in a respectful manner.","अपाङ्गता भएका बालबालिकाको अधिकार : अपाङ्गता भएका बालबालिकालाई आफ्नो मान, प्रतिष्ठा सुनिश्चित गर्ने, आत्मनिर्भरता प्रवर्द्धन गर्ने, समाजमा सक्रिय रुपले सहभागी हुने तथा सम्मानजनक तवरले जीवन व्यतीत गर्ने अधिकार हुनेछ ।","अपाङ्गता भएका बालबालिकाको अधिकार : अपाङ्गता भएका बालबालिकालाई आफ्नो प्रतिष्ठा र सम्मान सुनिश्चित गर्ने, आत्मनिर्भरता प्रवर्द्धन गर्ने, समाजमा सक्रिय रुपमा सहभागी हुने र सम्मानपूर्वक जीवनयापन गर्ने अधिकार हुनेछ ।"
One who does wrong hates the light.,"जसले खराव काम गर्छ, निजले आफूलाई अन्धकारमा राख्छ ।","जसले गल्ती काम गर्छ, निजले उज्यालोलाई घृणा गर्छ ।"
"Relating to installing CCTV camera at public place: If it is necessary to install CCTV camera at any public place, such camera may be installed, or caused to be installed, at a place other than the toilet, bathroom or changing room","सार्वजनिक स्थलमा सिसिटिभि क्यामेरा जडान गर्ने सम्बन्धमा: कुनै पनि सार्वजनिक स्थलमा सिसिटिभि क्यामेरा जडान गर्न आवश्यक भएमा शौचालय, स्नान गृह वा कपडा फेर्ने कक्ष (चेञ्जिङ रुम) बाहेकका ठाउँमा त्यस्तो क्यामेरा जडान गर्न वा गराउन सकिनेछ","सार्वजनिक स्थानमा सिसिटिभि क्यामेरा जडान गर्ने सम्बन्धी : कुनै सार्वजनिक स्थानमा सिसिटिभि क्यामेरा जडान गर्नु पर्ने भएमा शौचालय, तलासी वा मलदानी बाहेक अन्य ठाउँमा त्यस्तो क्यामेरा जडान गर्न वा गराउन सकिनेछ"
"The Fund may make investment in the area of power generation and distribution, agriculture development, tourism and construction of larger infrastructures promoted by Government of Nepal or anybody having under the ownership or control of Government of Nepal.","कोषले नेपाल सरकार वा नेपाल सरकारको स्वामित्व वा नियन्त्रणमा रहेको कुनै निकायद्वारा प्रवद्रिधत उर्जा उत्पादन र प्रशारण, कृषि विकास, पर्यटन र ठूला पूर्वाधार निर्माणको क्षेत्रमा शेयर लगानी गर्न सक्ने।","कोषले नेपाल सरकार वा नेपाल सरकारको स्वामित्व वा नियन्त्रणमा रहेका कुनै पनि व्यक्तिले प्रवर्द्धन गरेको विद्युत उत्पादन वितरण, कृषि विकास, पर्यटन तथा ठूलो पूर्वाधार निर्माणको क्षेत्रमा लगानी गर्न सक्नेछ ।"
"The investigating authority, government attorney or Juvenile Court shall give the information about the diversion of the child pursuant to sub-section to their respective higher office and Juvenile Court","उपदफा बमोजिम अनुसन्धान अधिकारी, सरकारी वकील वा बाल अदालतले बालबालिकालाई दिशान्तर गरेको जानकारी आफ्नो माथिल्लो निकाय र बाल अदालतलाई दिनु पर्नेछ","उपदफा बमोजिम अनुसन्धान अधिकारी, सरकारी वकील वा बाल अदालतले बालबालिका दिशान्तर भएको जानकारी सम्बन्धित उच्च कार्यालय र बाल अदालतलाई दिनु पर्नेछ"
To commence an action.,कारवाहीको शुरुवात ।,उजुरी प्रारम्भ गर्ने ।
The amount of a fine received in the form of cash by the Rastra Bank pursuant to Sub-Sections and shall be deposited to the Government fund,उपदफा र बमोजिम राष्ट्र बैङ्खलाई प्राप्त हुने नगद जरिबाना सरकारी कोषमा दाखिला गर्नु पर्नेछ,उपदफा बमोजिम राष्ट्र बैङ्कले नगद रूपमा प्राप्त गरेको जरिबानाको रकम सरकारी कोषमा जम्मा गर्नु पर्नेछ
"Except for the condition where the Juvenile Court has made a restriction stating that it would be not in the interests of a child, the child living separately from the father or mother or both shall have the right to make direct contact or meet with the father or mother regularly",बालबालिकाको अहित हुने भनी बाल अदालतले रोक लगाएको अवस्थामा बाहेक बाबु वा आमा वा दुवैसँग भिन्न वा अलग बसेको बालबालिकालाई बाबु आमासँग व्यक्तिगत सम्बन्ध कायम राख वा नियमित रूपमा प्रत्यक्ष सम्पर्क वा भेटघाट गर्ने अधिकार हुनेछ,बाल अदालतले कुनै बालबालिकाको हितमा नपर्ने गरी कुनै हदम्याद तोकेको अवस्थामा बाहेक बाबु वा आमाबाट अलग्गै बसोबास गर्ने वा दुवै बालबालिकालाई बाबु वा आमासँग प्रत्यक्ष सम्पर्क गर्ने वा नियमित रूपमा भेटघाट गर्ने अधिकार हुनेछ
Prescribed or as prescribed means prescribed or as prescribed in the rules framed under this Act.,तोकिएको वा “तोकिए बमोजिम” भन्नाले यस ऐन अन्तर्गत बनेको नियममा तोकिएको वा तोकिए बमोजिम सम्झनु पर्छ ।,“तोकिएको” वा “तोकिए बमोजिम” भन्नाले यस ऐन अन्तर्गत बनेको नियममा तोकिएको वा तोकिए बमोजिम सम्झनु पर्छ ।
"While making a recommendation pursuant to sub-section (1), the Commission shall make available the facts, documents and copies of evidences collected in course of investigation that will assist in the filing of the case, to the concerned agency","उपदफा बमोजिम सिफारिस गर्दा आयोगले मुद्दा दायर गर्न सहयोग पुग्ने छानबिनको क्रममा सङ्कलन गरेको तथ्य, कागज तथा प्रमाणको प्रतिलिपि समेत सम्बन्धित निकायलाई उपलब्ध गराउन सक्नेछ","उपदफा बमोजिम सिफारिस गर्दा आयोगले मुद्दा दायर गर्न सहयोग हुने अनुसन्धानको सिलसिलामा सङ्कलन भएको तथ्य, कागजात र प्रमाणको प्रतिलिपि सम्बन्धित निकायलाई उपलब्ध गराउनु पर्नेछ"
"""Public educational trust school"" means a welfare school established or operated under the public educational trust, with non-profit motive",“सार्वजनिक शैक्षिक गुठी विद्यालय” भन्नाले मुनाफा नकमाउने उद्देश्यले सार्वजनिक शैक्षिक गुठी अन्तर्गत स्थापना वा सञ्चालन भएका कल्याणकारी विद्यालयलाई सम्झनु पर्छ,“सार्वजनिक शैक्षिक गुठी विद्यालय” भन्नाले सार्वजनिक शैक्षिक गुठी अन्तर्गत स्थापना वा सञ्चालन भएको मुनाफा नलागेको कल्याणकारी विद्यालय सम्झनु पर्छ
Special Committee may be Formed: The Council may form special committees as required to manage its function and activities.,विशेष समिति गठन गर्न सक्ने : परिषद्ले आफ्नो काम कारबाहीलाई व्यवस्थित गर्न आवश्यकता अनुसार विशेष समिति गठन गर्न सक्नेछु।,विशेष समिति गठन गर्न सक्ने : परिषद्ले आफ्नो काम कारबाही व्यवस्थापन गर्न आवश्यकता अनुसार विशेष समिति गठन गर्न सक्नेछ ।
"If the difference between the dates of birth as mentioned in different certificates according to sub-salaryection is found to be more than one yea, the date of birth shall be determined on the basis of the certificate mentioning only year in accordance with sub-section",उपदफा बमोजिम छुट्टा छुट्टै प्रमाणपत्रमा उल्लेख भएको जन्म मितिको अन्तर एक वर्ष भन्दा बढी देखिएमा वर्ष मात्र उल्लेख भएको प्रमाणपत्रको आधारमा उपदफा बमोजिम जन्म मिति कायम गरिनेछ,उपदफा बमोजिम विभिन्न प्रमाणपत्रमा उल्लिखित जन्म मिति बीचको फरक एक भन्दा बढी भएमा उपदफा बमोजिम वर्ष मात्र उल्लेख गरेको प्रमाणपत्रको आधारमा जन्म मिति निर्धारण गरिनेछ
"Secretary, Ministry of Land Management, Cooperative and Poverty Alleviation","सचिव, भूमि व्यवस्था सहकारी तथा गरिवी निवारण मन्त्रालय","सचिव, भूमि व्यवस्था, सहकारी तथा विपन्नता निवारण मन्त्रालय"
Special Protection and Rehabilitation of Children Children_in need_of special protection: The following children shall be deemed to be children in need of special protection: Orphan children,विशेष संरक्षणको आवश्यकता भएका बालबालिका: देहायका बालबालिका विशेष संरक्षणको आवश्यकता भएका बालबालिका मानिनेछन्‌ :- अनाथ बालबालिका,बालबालिकाको विशेष संरक्षण र पुनर्स्थापना विशेष संरक्षणको आवश्यकता भएका बालबालिकाः देहायका बालबालिका विशेष संरक्षणको आवश्यकता भएका बालबालिका मानिनेछन्ः- अनाथ बालबालिका
"Except in the case of taking action under law by inquiring into any question that is raised regarding the character, conduct or behavior of any person, no person shall make any comments on the character of that person","कुनै व्यक्तिको चरित्र, आचरण वा व्यवहारको सम्बन्धमा कुनै प्रश्न उठेमा त्यस सम्बन्धमा छानबिन गरी कानून बमोजिम कारबाही गर्ने क्रममा बाहेक निजको चरित्रको सम्बन्धमा कसैले कुनै टिप्पणी गर्न हुँदैन","कुनै व्यक्तिको चरित्र, आचरण वा व्यवहारको सम्बन्धमा उठेको कुनै प्रश्न उपर कानून बमोजिम कारबाही चल्ने अवस्थामा बाहेक त्यस्तो व्यक्तिको चरित्रको सम्बन्धमा कुनै पनि व्यक्तिले कुनै टिप्पणी गर्नु हुँदैन"
"To carry out necessary activities in order to maintain harmony in the delivery of service at the Federation, Province and Local Level.","सङ्घ, प्रदेश र स्थानीय तहबाट हुने सेवा प्रवाहको विषयमा सामञ्जस्यता कायम गर्न आवश्यक कार्य गर्ने।","सङ्ग, प्रदेश र स्थानीय तहमा सेवा प्रवाहमा मेलमिलाप कायम गर्न आवश्यक काम कारबाही गर्ने।"
"Without obtaining approval of the Government of Nepal or the concerned Provincial Government or Local Level, providing such housing facility, obtaining loan by pledging and mortgaging in the bank, financial or other institution, selling, lending or giving on rent or lease or transferring ownership to other person or relinquishing the right in any manner from the housing provided under single, group or joint ownership of any person and family pursuant to sub- sections (2), and shall be forbidden","उपदफा (२), र बमोजिम कुनै व्यक्ति तथा परिवारको एकल, सामुहिक वा संयुक्त स्वामित्व रहने गरी उपलब्ध गराइएको आवास त्यस्तो आवास उपलब्ध गराउने सम्बन्धित नेपाल सरकार वा प्रदेश सरकार वा स्थानीय तहको स्वीकृति नलिई बेङ्ग, वित्तीय वा अन्य संस्थामा धितो बन्धक राखी क्रण लिन, बेचबिखन गर्न, भाडा वा लिजमा दिन वा अन्य व्यक्तिलाई स्वामित्व हस्तान्तरण गर्न वा अन्य कुनै प्रकारले हक छाड्न पाइने छैन","उपदफा बमोजिम कुनै व्यक्ति र परिवारको एकल, सामूहिक वा संयुक्त स्वामित्वमा रहेको आवासबाट कुनै किसिमले अधिकार त्याग्ने वा त्यस्तो आवास सुविधा उपलब्ध गराउने, बैङ्क, वित्तीय वा अन्य संस्थामा धितो वा मण्टेगेज गरी कर्जा लिने वा अन्य व्यक्तिलाई स्वामित्व हस्तान्तरण गर्ने वा त्यस्तो आवासको व्यवस्था गर्न नेपाल सरकार वा सम्बन्धित प्रदेश सरकार वा स्थानीय तहको स्वीकृति नलिई निषेध गरिनेछ"
"The Rastra Bank shall, before issuing a license pursuant to Sub-Section , ascertain the following matters:- That granting of a license for carrying out banking and financial transactions will result in development of healthy competition and effective financial intermediary transactions thereby the result in protection of interests of depositors, That it is capable of carrying out banking and financial transactions subject to this Act, Rules, Byelaws framed thereunder, Orders or Directives issued as well as Memorandum of Association and Articles of Association, That the documents and details submitted along with application pursuant to Section 33 for a license are sufficient and adequate physical infrastructures in place, That any official appointed or involved or to be appointed or to be included in the bank or financial institution is capable of carrying out banking and financial transactions","उपदफा बमोजिम इजाजतपत्र दिनु अघि राष्ट्र बैङ्कले देहायका कुराहरुको यकिन गर्नु पर्नेछ :- बैङ्किङ तथा वित्तीय कारोबार गर्न इजाजतपत्र दिँदा स्वस्थ प्रतिस्पर्धात्मक र वित्तीय मध्यस्थता सम्बन्धी कारोबार प्रभावकारी भई निक्षेपकर्ताको हित हुने, यो ऐन वा यस ऐन अन्तर्गत बनेको नियम, विनियम वा दिइएको आदेश वा निर्देशन तथा प्रबन्धपत्र र नियमावलीको अधीनमा रही बैङ्किङ तथा वित्तीय कारोबार सञ्चालन गर्न सक्षम रहेको, दफा ३३ बमोजिम इजाजतपत्रको लागि दिएको निवेदन साथ संलग्न विवरण तथा कागजात पूर्ण रहेको तथा पर्याप्त भौतिक पूर्वाधार भएको, बैङ्क वा वित्तीय संस्थामा नियुक्त वा संलग्न भएको वा नियुक्त गरिने वा संलग्न हुने कुनै पनि पदाधिकारी बैङ्ङग तथा वित्तीय कारोबार सञ्चालन गर्न सक्षम रहेको","उपदफा बमोजिम इजाजतपत्र दिनु अघि राष्ट्र बैङ्कले देहायका कुरा यकिन गर्नु पर्नेछ :- बैङ्किङ तथा वित्तीय कारोबार गर्ने इजाजतपत्र प्रदान गर्दा स्वस्थ प्रतिस्पर्धाको विकास र प्रभावकारी वित्तीय मध्यस्थ कारोबारमा र सोबाट निक्षेपकर्ताको हितको संरक्षणमा पर्नेछ, यो ऐन, नियम, विनियम, आदेश वा निर्देशन तथा प्रबन्धपत्र तथा नियमावलीको अधीनमा रही बैङ्किङ तथा वित्तीय कारोबार गर्न सक्षम हुनेछ, त्यस्तो कागजातको"
Office of the Auditor General: The Auditor General may as required establish offices in the Federation and Province for the functions to be performed by himself or herself,महालेखापरीक्षकको कार्यालयको संगठनात्मक संरचना र कर्मचारीको दरबन्दी महालेखापरीक्षकको सिफारिशमा नेपाल सरकारले स्वीकृत गरे बमोजिम हुनेछ,महालेखापरीक्षकको कार्यालय: महालेखापरीक्षकले आफू आफैंले सम्पादन गर्नु पर्ने कामको लागि आवश्यकता अनुसार सङ्घ र प्रदेशमा कार्यालय स्थापना गर्न सक्नेछ
An argument from the greater to the less.,ठूलो कुरालाई सही ठहर गर्दा सानो कुरा स्वत: सही ठहरिन्छ ।,ठूलो कुराबाट सानो तिरको तर्क ।
to provide storage or details of the goods remained with him or her when the concerned agency or official so demands,सम्बन्धित निकाय वा पदाधिकारीले माग गरेका बखत आफूसँग रहेको वस्तुको मौज्दात वा विवरण उपलब्ध गराउने,सम्बन्धित निकाय वा अधिकारीले माग गरेमा आफूसँग रहेको वस्तुको भण्डारण वा विवरण उपलब्ध गराउने
A common charge in a declaration of damage done by a dog to an individual or to another animal,कुनै कुकुरले व्यक्तिगत रुपमा वा कुनै जीवजन्तुमा पुर्याएको क्षतिको मुद्दामा ।,कुकुरले कुनै व्यक्ति वा अन्य पशुलाई गरेको हानि नोक्सानीको घोषणामा प्रचलित आरोप
It shall be deemed to constitute a quorum for a meeting of the Council if more than fifty percent of the total numbers of the Council are present at the meeting,परिषद्को कुल सदस्य संख्याको पचास प्रतिशतभन्दा बढी सदस्यहरु उपस्थित भएमा परिषद्को बैठकको लागि गणपुरक संख्या पुगेको मानिनेछ,परिषद्को बैठकमा परिषद्को कुल सङ्ख्याको पचास प्रतिशतभन्दा बढी सदस्य उपस्थित भएमा परिषद्को बैठकको लागि गणपूरक सङ्ख्या भएको मानिनेछ
The Employment Service Center shall remove the person who fails to perform the work assigned by the employer pursuant to sub-section from the list of the unemployed persons.,उपदफा बमोजिम रोजगारदाताले लगाएको काम नगर्ने व्यक्तिलाई रोजगार सेवा केन्द्रले बेरोजगारको सूचीबाट हटाउनु पर्नेछ।,उपदफा बमोजिम रोजगारदाताले तोकेको काम नगर्ने व्यक्तिलाई रोजगार सेवा केन्द्रले बेरोजगार व्यक्तिको सूचीबाट हटाउनेछ ।
"Provision of mutual legal assistance: Upon the completion of acts including the collection of evidence, document and taking of evidence relating to mutual legal assistance pursuant to this Chapter, the investigating authority, Court or concerned District Government Attorney Office must send the description thereof to the Central Authority","पारस्परिक कानूनी सहायता उपलब्ध गराउने: यस परिच्छेद बमोजिम पारस्परिक कानूनी सहायता सम्बन्धी कागज प्रमाण सङ्कलन गर्ने तथा प्रमाण बुझ्ने लगायतका कार्य समाप्त भएपछि सोको विवरण अनुसन्धान अधिकारी, अदालत वा सम्बन्धित जिल्ला सरकारी वकील कार्यालयले केन्द्रीय अधिकारी समक्ष पठाउनु पर्नेछ","पारस्परिक कानूनी सहायता प्रदान गर्ने : यस परिच्छेद बमोजिम पारस्परिक कानूनी सहायता सम्बन्धी प्रमाण सङ्कलन, कागजात र प्रमाण बुझ्ने काम समेत सम्पन्न भएपछि अनुसन्धान गर्ने अधिकारी, अदालत वा सम्बन्धित जिल्ला सरकारी वकीलले त्यसको विवरण केन्द्रीय अधिकारी समक्ष पठाउनु पर्नेछ"
"""Public office holder"" means a person who holds a post entitling him or her to exercise any public authority or obliging him or her to perform any duty or obligation pursuant to the Constitution, other prevailing law or any decision or order of the concerned body or authority, and this term also includes any incumbent official or employee holding any post in a public organization","“सार्वजनिक पद धारण गरेको व्यक्ति” भन्नाले संविधान, अन्य प्रचलित कानून वा सम्बन्धित निकाय वा अधिकारीको निर्णय वा आदेश बमोजिम कुनै सार्बजनिक अख्तियारी प्रयोग गर्न पाउने वा कुनै कर्तव्य पालन गर्नु पर्ने वा दायित्व निर्वाह गर्नु पर्ने पदमा बहाल रहेको व्यक्ति सम्झनु पर्छ र सो शब्दले सार्वजनिक संस्थाको कुनै पदमा बहाल रहेको पदाधिकारी वा कर्मचारी समेतलाई जनाउनेछ","“सार्वजनिक पद धारण गर्ने” भन्नाले संविधान, अन्य प्रचलित कानून वा सम्बन्धित निकाय वा अधिकारीको कुनै निर्णय वा आदेश बमोजिम कुनै सार्वजनिक अधिकारीको प्रयोग गर्न वा कुनै कर्तव्य वा दायित्व पूरा गर्न बाध्य गराउने पद धारण गर्ने व्यक्ति सम्झनु पर्छ र सो शब्दले सार्वजनिक संस्थामा कुनै पद धारण गर्ने अवस्थित अधिकारी वा कर्मचारीलाई समेत जनाउँछ"
To provide necessary counselling to the child and his or her family,जतिसुकै बिगो भएको वा जतिसुकै जरिबाना वा कैद हुन सक्नेमा बाल अदालतले,बालबालिका र निजको परिवारलाई आवश्यक परामर्श दिने
"Notwithstanding anything contained in sub-section (1), the Juvenile Court may issue an order to separate any child from his or her father or mother and entrust him or her to any guardian's custody for the best interests of the child, if necessary",उपदफा मा जुनसुकै कुरा लेखिएको भए तापनि बालबालिकाको सर्वोत्तम हितको लागि आवश्यक भएमा बाल अदालतले कुनै बालबालिकालाई बाबु वा आमाबाट अलग गरी कुनै संरक्षकको जिम्मामा रहने आदेश दिन सक्नेछ,उपदफा मा जुनसुकै कुरा लेखिएको भए तापनि बाल अदालतले आवश्यकता अनुसार कुनै बालबालिकालाई निजको बाबु वा आमाबाट छुट्याउन र निजको सर्वोत्तम हितको लागि निजलाई कुनै संरक्षकको जिम्मा लगाउन आदेश दिन सक्नेछ
Sub-committee or task force or expert group may be formed: The Council or Provincial Food Council may form a sub-committee or task force or expert group as necessary for the performance of its functions.,उपसमिति वा कार्यदल वा विज्ञ समूह गठन गर्न सक्ने: परिषद्‌ वा प्रदेश खाद्य परिषद्ले आफ्नो कार्य सञ्चालन गर्नका लागि आवश्यकता अनुसार उपसमिति वा कार्यदल-वा विज्ञ समूह गठन गर्न सक्नेछ ।,उपसमिति वा कार्यदल वा विशेषज्ञ समूह गठन गर्न सकिने : परिषद् वा प्रदेश खाद्य परिषद्ले आफ्नो कार्य सम्पादनको लागि आवश्यकता अनुसार उपसमिति वा कार्यदल वा विशेषज्ञ समूह गठन गर्न सक्नेछ ।
"The Commission, while making recommendation to the Government of Nepal and State for the Conditional Grant to be provided by the Government of Nepal to State and Local Level and by State to Local Level, in accordance with prevailing laws, shall take the subjects contained in the clause and sub-section of sub-article of Article 251 of the Constitution, as bases",नेपाल सरकारले प्रदेश तथा स्थानीय तहलाई र प्रदेशले स्थानीय तहलाई प्रचलित कानून बमोजिम उपलब्ध गराउने सशर्त अनुदानका सम्बन्धमा नेपाल सरकार तथा प्रदेशलाई सिफारिस गर्दा आयोगले संविधानको धारा २५१ को उपधारा (१)को खण्ड र उपदफा मा उल्लिखित विषयहरूलाई आधार लिई गर्न पर्नेछ,आयोगले नेपाल सरकारबाट प्रदेश र स्थानीय तह र प्रदेशबाट स्थानीय तहलाई प्रचलित कानून बमोजिम प्रदान गरिने शर्तो अनुदानको लागि नेपाल सरकार र प्रदेश समक्ष सिफारिस गर्दा संविधानको धारा २५१ को उपधारा को खण्ड र उपदफा मा उल्लिखित विषयलाई आधार मान्नेछ
From the greater to the lesser.,अधिकतम् देखि न्यूनतम्सम्म ।,ठूलोबाट सानोमा ।
"Inspection or monitoring shall be carried out accordingly if the prevailing law provides for monitoring and inspection, with respect to the inspection or inquiry pursuant to sub-section (1), and in other circumstances, the Ministry may form immediately an inspection or inquiry committee or designate any committee formed under this Act or the Inspection Officer to that effect",उपदफा बमोजिम निरीक्षण वा जाँचबुझ गर्ने सम्बन्धमा प्रचलित कानूनमा अनुगमन तथा निरीक्षणको व्यवस्था भएकोमा सोही बमोजिम र अन्य अवस्थामा मन्त्रालयले तत्काल निरीक्षण वा जाँचबुझ समिति गठन गर्न वा यस ऐन बमोजिम गठन भएको कुनै समितिलाई वा निरीक्षण अधिकृतलाई तोक्न सक्नेछ,उपदफा बमोजिमको निरीक्षण वा जाँचबुझको सम्बन्धमा प्रचलित कानूनले अनुगमन वा निरीक्षणको व्यवस्था गरेकोमा र अन्य अवस्थामा मन्त्रालयले तत्काल निरीक्षण वा जाँचबुझ समिति गठन गर्न वा यस ऐन बमोजिम गठन भएको कुनै समिति वा सो सम्बन्धमा निरीक्षण अधिकृत तोक्न सक्ने भएमा निरीक्षण वा अनुगमन गर्नु पर्नेछ
"If a complaint is made pursuant to sub-section (1), the manager shall make necessary inquiry into such a complaint within fifteen days, and if, on such inquiry, the content of the complaint appears to be reasonable, the manager shall make necessary reform or rectify the error.",उपदफा बमोजिम उजूरी परेमा व्यवस्थापकले पन्ध दिनभित्र त्यस्तो उजूरी उपर आवश्यक जाँचबुझ गर्नु पर्नेछ र त्यसरी जाँचबुझ गर्दा उजुरीको व्यहोरा मनासिब देखिएमा आवश्यक सुधार गर्न वा त्रुटी सच्याउनु पर्नेछ ।,उपदफा बमोजिम उजूरी भएमा व्यवस्थापकले त्यस्तो उजूरीको सम्बन्धमा पन्ध्र दिनभित्र आवश्यक जाँचबुझ गर्नेछ र त्यस्तो जाँचबुझ गर्दा उजूरी मनासिब देखिएमा व्यवस्थापकले आवश्यक सुधार वा त्रुटि सुधार गर्नु पर्नेछ ।
"Employees of the Council: The organizational structure of the Council shall be approved by the Ministry based on the Council’s workload, resources, means and financial conditions","परिषद्का कर्मचारीः परिषद्को कार्यभार, स्रोत, साधन र आर्थिक क्षमता समेतको आधारमा परिषद्को सङ्गठनात्मक संरचना मन्त्रालयले स्वीकृत गरेबमोजिम हुनेछ","परिषद्का कर्मचारीः परिषद्को कार्यभार, स्रोत, साधन र आर्थिक अवस्थाको आधारमा मन्त्रालयले परिषद्को सङ्गठनात्मक संरचनाको स्वीकृति दिनेछ"
An action given to creditors by which they could recover property fraudulently alienated by debtors to defeat their rights,सम्पत्ति लुकाउने ऋणीविरुद्ध साहुले चलाउने उजुरी ।,धितोवालाले आफ्नो हक हराउनको लागि धितोवालालाई जालसाजीपूर्वक छुट्याएको सम्पत्ति फिर्ता लिन सक्ने गरी दिइएको उजुरी
"“judicial document” means a plaint, petition of claim, petition or appeal filed in a court, and this term includes an order made by a court","“न्यायिक लिखत” भन्नाले अदालतमा दर्ता भएको फिरादपत्र, दावी पत्र, निवेदन वा पुनरावेदन सम्झनु पर्छ र सो शब्दले अदालतबाट जारी भएको आदेश समेतलाई जनाउँछ","“न्यायिक लिखत” भन्नाले अदालतमा दायर भएको उजुर, दाबीको निवेदन, निवेदन वा पुनरावेदन सम्झनु पर्छ र सो शब्दले अदालतबाट भएको आदेश समेतलाई जनाउँछ"
No revenue stamp fee shall be charged on any kind of deeds or documents related with the bank or financial institution,बैङ्क वा वित्तीय संस्थासँग सम्बन्धित कुनै पनि किसिमको लिखतमा आय टिकट दस्तुर लाग्ने छैन,बैङ्क वा वित्तीय संस्थासँग सम्बन्धित कुनै पनि किसिमको लिखत वा कागजातमा राजस्व चिन्ह शुल्क लाग्ने छैन
"Provided that in the case of a speech or statement made publicly, the provision of this sub-section shall not be applicable",तर सार्वजनिक रूपमा गरिएको भाषण वा वक्तव्यको हकमा यस उपदफाको व्यवस्था लागू हुने छैन,तर सार्वजनिक रुपमा गरिएको व्याख्यान वा बयानको हकमा यस उपदफाको व्यवस्था लागू हुने छैन
"The format, contents, methods of certification and details of the matters to be made public in the balance-sheet and profit and loss accounts to be prepared by a bank or financial institutions pursuant to this Chapter shall be as prescribed or directed by the Rastra Bank","यस परिच्छेद बमोजिम कुनै बैङ्क वा वित्तीय संस्थाले तयार पार्नु पर्ने वासलात र नाफा-नोक्सान हिसाबको ढाँचा, विषयवस्तु, प्रमाणित गर्नु पर्ने तरिका र सार्वजनिक गराउनु पर्ने विवरण समेत राष्ट्र बैङ्कले तोके वा निर्देशन दिए बमोजिम हुनेछ","यस परिच्छेद बमोजिम बैङ्क वा वित्तीय संस्थाले तयार गर्ने वासलातमा सार्वजनिक गर्नु पर्ने विषयको ढाँचा, विषय, प्रमाणीकरणको तरिका र विवरण र नाफा-नोक्सान हिसाब राष्ट्र बैङ्कले तोके बमोजिम हुनेछ"
"selling or providing the goods or services by lying concealing, hiding or misleading the actual quality, quantity, price, measurement, format or composition etc of such goods or services","वस्तु वा सेवाको वास्तविक गुणस्तर, परिमाण, मूल्य, नापतौल, ढाँचा वा बनावट आदि ढाँटी, लुकाई, छिपाई वा झुक्याई त्यस्तो वस्तु वा सेवा बिक्री वा प्रदान गर्ने","वस्तु वा सेवाको वास्तविक गुणस्तर, परिमाण, मूल्य, मापन, ढाँचा वा संरचना आदि लुकाई, लुकाई वा भ्रममा राखी वस्तु वा सेवा बिक्री वा प्रदान गर्ने"
Action based on custom or precedent.,परम्परा वा नजिरमा आधारित उजुरी ।,रीतिरिवाज वा पूर्वाग्रहको आधारमा गरिने उजुरी ।
To perform such other functions as may be prescribed,तोकिए बमोजिमको अन्य काम गर्ने,तोकिए बमोजिमका अन्य काम गर्ने
"If any difficulty arises in the course of exercising any power or discharging any duty by a Liquidator under this chapter, he/she may file an application to the court to remove such difficulty",लिक्विडेटरले यस परिच्छेद बमोजिम कुनै अधिकार प्रयोग गर्दा वा कर्तव्य पालना गर्दा कुनै बाधा उत्पन्न हुन आएमा सोको फुकुवा गर्नका लागि निजले अदालतमा निवेदन दिन सक्नेछ,लिक्विडेटरले यस परिच्छेद बमोजिम कुनै अधिकार वा कर्तव्य पालना गर्दा कुनै कठिनाइ उत्पन्न भएमा त्यस्तो कठिनाइ हटाउन अदालत समक्ष निवेदन दिन सक्नेछ
"Sustainable management of natural, physical and fiscal resources and rational distribution of benefits.","प्राकृतिक, भौतिक तथा वित्तीय स्रोतको दिगो व्यवस्थापन र लाभको न्यायोचित वितरण।","प्राकृतिक, भौतिक तथा आर्थिक स्रोतको दिगो व्यवस्थापन र लाभको विवेकसम्मत वितरण।"
"In case of sending for parliamentary hearing in accordance with Sub- Section, if the letter sent by the Secretariat of Legislature-Parliament stating that the person is qualified for the appointment in the post of Justice of Supreme Court or in the situation that it is not any obstacle to make appointment as per the prevailing laws due to failure to make decision in respect of parliamentary hearing, the Secretary of Judicial Council shall send to the person recommended for the appointment in the post of Justice of Supreme Court to the Office of the President to submit before the President for appointment",उपदफा बमोजिम संसदीय सुनुवाईको लागि पठाईएकोमा संसदीय सुनुवाई भई व्यवस्थापिका-संसद सचिवालयबाट सर्वोच्च अदालतको न्यायाधीशको पदमा नियुक्तिको लागि योग्य ठहरिएको भनी लेखी आएको वा त्यस्तो सुनुवाई सम्बन्धी निर्णय हुन नसकेको अवस्थामा प्रचलित कानून बमोजिम नियुक्तिको लागि बाधा नपर्ने अवस्थामा सर्वोच्च अदालतको न्यायाधीशको पदमा नियुक्तिको लागि सिफारिस गरेको व्यक्तिलाई न्याय परिषदको सचिवले नियुक्तिको लागि राष्ट्रपति समक्ष पेश गर्न राष्ट्रपतिको कार्यालयमा पठाउनु पर्नेछ,उपदफा बमोजिम संसदीय सुनुवाइको लागि पठाउनु पर्ने भएमा त्यस्तो व्यक्ति सर्वोच्च अदालतको न्यायाधीशको पदमा नियुक्तिका लागि योग्य भएको वा संसदीय सुनुवाइको सम्बन्धमा निर्णय नभएकाले प्रचलित कानून बमोजिम नियुक्ति गर्न कुनै बाधा नपर्ने गरी व्यवस्थापिका-संसदको सचिवालयबाट पठाइएको पत्रमा सर्वोच्च अदालतको न्यायाधीशको पदमा नियुक्तिको लागि सिफारिस गरिएको व्यक्तिलाई न्याय परिषदको सचिवले राष्ट्रपति समक्ष नियुक्तिको लागि पेश गर्न राष्ट्रपति समक्ष पठाउनु पर्नेछ
Prohibition to smoke or consume tobacco in public places: No person shall be allowed to smoke or consume tobacco in public places,"सूर्तिजन्य पदार्थको उत्पादन तथा निकासी र पैठारी गर्ने व्यक्ति ऐनको दफा द को उपदफा बमोजिम अफूले निकासी तथा पैठारी गरेको सूर्तिजन्य पदार्थको देहाय बमोजिमको विवरण प्रत्येक वर्षको श्रावण मसान्त भित्र मन्त्रालय समक्ष पेश गर्नुपर्नेछ :- उत्पादन गरेको परिमाण र उत्पादित स्थान, निकासी गरेको परिमाण र निकासी स्थान, पैठारी गरेको परिमाण र पैठारी स्थान, राजस्व बुझाएको विवरण",सार्वजनिक स्थानमा धुम्रपान वा सूर्ति सेवन गर्न नहुने : कसैले पनि सार्वजनिक स्थानमा धुम्रपान वा सूर्ति सेवन गर्न पाउने छैन
"To make investment in such areas as the Fund considers appropriate, against adequate security or guarantee.",कोषले उपयुक्त ठहन्याएको क्षेत्रमा पर्यास घितो वा जमानत लिई लगानी गर्ने।,पर्याप्त सुरक्षा वा जमानत लिई कोषले उपयुक्त ठहन्याएको क्षेत्रमा लगानी गर्ने।
Whatever comes within the reason of the law is adjudged to be within the law itself.,कानूनको विवेक सिध आउने कुनै पनि कुरा लाई कानूनमा रहे सरह नै निर्णय गर्न सकिन्छ ।,कानूनको औचित्यभित्र जुनसुकै कुरा परेमा त्यस्तो कुरा कानूनभित्र नै रहेको ठानिन्छ ।
” It shall commence immediately.,यो ऐन तुरुन्त प्रारम्भ हुनेछ ।,यो कार्य तुरुन्त प्रारम्भ हुनेछ ।
"Director General, Department","महानिर्देशक, विभाग","महानिर्देशक, विभाग"
"In the case of the education up to secondary level, such community may establish and operate separate school or teaching institute in order to provide education referred to in sub-section",उपदफा बमोजिमको शिक्षा प्रदान गर्न त्यस्तो समुदायले माध्यमिक तहसम्मको शिक्षा भए छुट्टै विद्यालय वा शिक्षण संस्था स्थापना तथा सञ्चालन गर्न सक्नेछ,माध्यमिक तहसम्मको शिक्षाको हकमा त्यस्तो समुदायले उपदफा बमोजिमको शिक्षा प्रदान गर्न छुट्टै विद्यालय वा शिक्षण संस्था स्थापना र सञ्चालन गर्न सक्नेछ
"In case where the Commission receives information regarding matters pursuant to sub-section (1), through any other sources, the Commission shall have to record such information and register it within a register book pursuant to sub-section (2).",उपदफा सँग सम्बन्धित विषयमा आयोगलाई अन्य कुनै माध्यमबाट जानकारी प्राप्त हुन आएमा आयोगले त्यस्तो जानकारी लिपिबद्ध गरी उपदफा बमोजिम दर्ता किताबमा दर्ता गर्नु पर्नेछ ।,उपदफा बमोजिम आयोगले अन्य कुनै माध्यमबाट कुनै विषयको जानकारी प्राप्त गरेमा त्यस्तो सूचनाको अभिलेख गरी उपदफा बमोजिम दर्ता किताबमा दर्ता गर्नु पर्नेछ ।
"Mental or psycho-social disability: The inability to behave in accordance with age and situation and delay in intellectual learning due to problems in performing intellectual activities like problems arising in the brain and mental parts and awareness, orientation, alertness, memory, language, and calculation.",श्रवण दृष्टिविहीन अपाङ्गता: सुनाइ सम्बन्धी र दृष्टिसम्बन्धी दुवै अपाङ्गता भएको वा दुईवटा इन्द्रिय सम्बन्धी अपाङ्गताको संयुक्त अन्तरक्रिया रहेको व्यक्ति ।,"मानसिक वा मनोसामाजिक अपाङ्गता : मस्तिष्क र मानसिक क्षेत्रमा उत्पन्न समस्या र सचेतना, अभिमुखीकरण, सचेतना, ब्यवहार, भाषा र गणना जस्ता बौद्धिक क्रियाकलाप सञ्चालनमा समस्याका कारणले उमेर र अवस्था अनुसार व्यवहार गर्न नसक्ने अवस्था र बौद्धिक सिकाइमा विलम्ब ।"
"In case the court orders to issue a passport or not to withhold it under the condition of clause of sub-section , a passport shall be issued in the name of such a person",उपदफा को खण्ड बमोजिमको अवस्थामा अदालतबाट राहदानी जारी गर्न वा राहदानी रोक्का नराख्न आदेश भएमा त्यस्तो व्यक्तिको नाममा राहदानी जारी गरिनेछ,उपदफा को खण्डको अवस्थामा अदालतले राहदानी जारी गर्न वा रोक्का राख्न आदेश दिएमा त्यस्तो व्यक्तिको नाममा राहदानी जारी गर्नु पर्नेछ
Secretariat of Judicial Council: There shall be a separate Secretariat of Judicial Council,न्याय परिषदको सचिवालय: न्याय परिषदको एउटा छुट्टै सचिवालय रहनेछ,न्याय परिषदको सचिवालय: न्याय परिषदको छुट्टै सचिवालय रहनेछ
"At least fifteen percent by the school which has students more than eight hundred""",आठ सयभन्दा बढी विद्यार्थी सङ्ख्या भएका विद्यालयले कम्तीमा पन्ध्र प्रतिशत,आठ सयभन्दा बढी विद्यार्थी भएका विद्यालयले कम्तीमा पन्ध्र प्रतिशत
While concluding a treaty or an agreement on matter that is fallen in the list of powers of the Province.,प्रदेशको अधिकार सूचीमा पर्ने विषयमा सन्धि वा सम्झौता गर्दा।,प्रदेशको अधिकार सूचीमा परेको विषयमा सन्धि वा सम्झौता गर्ने कार्य ।
"Every act, action of the Commission shall be conducted on the basis of the general direction and supervision of the Chairperson",निजको सामान्य निर्देशन र सुपरिवेक्षणमा आयोगको सम्पूर्ण काम कारबाही सञ्चालन हुनेछ,आयोगको प्रत्येक काम कारबाही अध्यक्षको सामान्य निर्देशन र सुपरिवेक्षणको आधारमा गरिनेछ
Right to select employment and to work,रोजगारी छनौट गर्न तथा काम गर्न पाउने अधिकार,रोजगारी छनौट गर्ने र काम गर्ने अधिकार
"Provided that if he or she has already taken any advantage or facility on the basis of such information, application may not be made to correct such information","तर त्यस्तो सूचनाको आधारमा निजले कुनै लाभ, फाइदा वा सुविधा लिइसकेको भए त्यसलाई सच्याउन निवेदन दिन सक्ने छैन",तर त्यस्तो सूचनाको आधारमा निजले पहिले नै कुनै फाइदा वा सुविधा लिएको भएमा त्यस्तो सूचना सुधार गर्न निवेदन दिन सकिने छैन
"One who grants anything, is considered as granting that, without which his grant would be idle, without which the thing itself would not exist.",कसैले कुनै दिएको वस्तु निष्क्रिय भएकोमा वा त्यस्तो वस्तु आफै अस्तित्वमा नरहेको अवस्थामा बाहेक निजले त्यस्तो वस्तु दिएको मानिन्छ ।,"जसले कुनै कुरा प्रदान गर्दछ, निजले त्यस्तो कुरा प्रदान गरेको मानिनेछ, जसको बिना निजको प्रदान निष्क्रिय हुने थियो, जसको बिना वस्तु नै अस्तित्वमा नआएमा ।"
"One who pays late, pays less.","जसले विलम्ब (ढिलो) गरेर तिर्दछ, निजले कम तिर सरह मानिन्छ ।","जसले देरी तिर्दछ, निजले कम्ती तिर्दछ ।"
criminal action or prosecution.,अभियोजनपत्र ।,फौजदारी कारबाही वा अभियोजन ।
"making a provision requiring to purchase other goods too, while purchasing any goods",एउटा वस्तु खरिद गर्दा अर्को वस्तु पनि खरिद गर्नु पर्ने व्यवस्था गर्न,कुनै वस्तु खरिद गर्दा अन्य वस्तु समेत खरिद गर्नु पर्ने व्यवस्था गर्ने
It shall come into force immediately,यो ऐन तुरून्त प्रारम्भ हुनेछ,यो ऐन तुरुन्त प्रारम्भ हुनेछ
"However, nothing in this section shall be deemed to be a bar to the appointment to any political position or to any position which requires making investigations, inquiries or findings on any subject, or submitting advice, opinion or recommendation after carrying out a study or research on any subject","तर कुनै राजनीतिक पदमा वा कुनै विषयको अनुसनधान, जाँचबुझ वा छानविन गर्ने वा कुनै विषयको अध्ययन वा अन्वेषण गरी राय, मन्तव्य वा सिफारिस पेश गर्ने कुनै पदमा नियुक्त भई काम गर्न यस दफामा लेखिएको कुनै कुराले बाधा पुन्याएको मानिने छैन","तथापि, कुनै राजनीतिक पदमा वा कुनै विषयको अनुसन्धान, जाँचबुझ वा खोज गर्नु पर्ने कुनै पदमा नियुक्ति गर्न वा कुनै विषयको अध्ययन वा अनुसन्धान गरी सुझाव, राय वा सिफारिस पेश गर्न यस दफामा लेखिएको कुनै कुराले बाधा पुन्याएको मानिने छैन"
"Power to frame Directives: The Commission may, subject to this Act or Rules framed under this Act, issue directives to conduct or cause to conduct the smooth operation of its work",निर्देशिका बनाउने अधिकार: आयोगले सम्पादन गर्नुपर्ने काम सुचारू रूपले सञ्चालन गर्न वा गराउनको लागि यो ऐन तथा यस ऐन अन्तर्गत बनेको नियमको अधीनमा रही आवश्यक निर्देशिका बनाउन सक्नेछ,निर्देशिका बनाउने अधिकारः आयोगले आफ्नो काम सुचारू रूपले सञ्चालन गर्न वा गराउनको लागि यो ऐन वा यस ऐन अन्तर्गत बनेको नियमको अधीनमा रही निर्देशिका बनाउन सक्नेछ
"Sticks and stones are not included in the term ""arms"".","लाठी तथा ढुंगा ""हतियार"" को पदावलीमा समावेश हु",“हतियार” भन्नाले काठ र ढुङ्गलाई समेत जनाउँछ ।
Argument from analogy.,समानुरुप तर्क,समानीकरणबाट तर्क ।
"Notwithstanding anything contained in sub-section (2), if emergency health service is not available in any health institution, such health institution, after providing treatment available at such an institution, shall refer to another health institution for additional treatment.",उपदफा (२) मा जुनसुकै कुरा लेखिएको भए तापनि कुनै स्वास्थ्य संस्थामा आकस्मिक स्वास्थ्य सेवा उपलब्ध हुन नसकेमा त्यस्तो स्वास्थ्य संस्थाले सो संस्थाबाट उपलब्ध हुने उपचार तत्काल उपलब्ध गराई थप उपचारको लागि अन्य स्वास्थ्य संस्थामा प्रेषण गर्नु पर्नेछ।,उपदफा मा जुनसुकै कुरा लेखिएको भए तापनि कुनै स्वास्थ्य संस्थामा आकस्मिक स्वास्थ्य सेवा उपलब्ध नभएमा त्यस्तो स्वास्थ्य संस्थाले त्यस्तो संस्थामा उपलब्ध हुने उपचार प्रदान गरेपछि थप उपचारको लागि अर्को स्वास्थ्य संस्थामा पठाउनु पर्नेछ ।
"The child welfare authority or Juvenile Court shall, while making arrangement for a child's alternative care, separating a child from his or her parents or guardian, making decision on who has to take care of and maintain a child after divorce between his or her father and mother shall adopt the process as prescribed for the best interests of the child pursuant to this Act","यस ऐन बमोजिम बालकल्याण अधिकारी वा बाल अदालतले बालबालिकाको वैकल्पिक हेरचाह सम्बन्धी व्यवस्था गर्दा, बालबालिकालाई बाबुआमा वा संरक्षकबाट अलग गर्नु पर्दा, बाबु आमाको सम्बन्ध विच्छेद भई छोराछोरीको हेरचाह र पालनपोषण कसले गर्ने भन्ने निर्णय गर्दा तोकिए बमोजिमको उच्चतम हित निर्धारण प्रक्रिया अवलम्बन गर्नु पर्नेछ","बाल कल्याण अधिकारी वा बाल अदालतले बालबालिकाको वैकल्पिक हेरचाहको प्रबन्ध गर्दा, निजको बाबु र आमाबीच छुट्याई बालबालिकाको अभिभावक वा संरक्षकबाट छुट्याई बालबालिकाको हेरचाह गर्ने र पालनपोषण गर्ने निर्णय गर्दा यस ऐन बमोजिम बालबालिकाको सर्वोत्तम हितको लागि तोकिए बमोजिमको प्रक्रिया अवलम्बन गर्नु पर्नेछ"
The child taken under control for investigation shall be provided with counselling by a child psychologist and psycho-social support as required,अनुसन्धानका लागि नियन्त्रणमा लिइएका बालबालिकालाई आवश्यकता अनुसार बालमनोविज्ञको परामर्श तथा मनोसामाजिक सहयोग उपलब्ध गराउनु पर्नेछ,अनुसन्धानका लागि नियन्त्रणमा लिइएको बालबालिकालाई बाल मनोविज्ञबाट परामर्श र आवश्यकता अनुसार मनोसामाजिक सहायता उपलब्ध गराउनु पर्नेछ
To deliver the jail to make jail delivery.,कारावासको आदेश कैद आदेश कार्यान्वयन गर्नु ।,"कारागारको पहुँच गराउने, कारागारको पहुँच गराउने ।"
"Notwithstanding anything contained in Sub-Section , in cases where a special circumstance arises due to emergence of any obstruction or hindrance in the operation of a bank or financial institution or a promoter shareholder is included on the blacklist owing to transactions with another bank or financial institution, shares may be sold or purchased amongst promoters by obtaining approval from the Rastra Bank",उपदफा मा जुनसुकै कुरा लेखिएको भए तापनि कुनै बैङ्क वा वित्तीय संस्थाको सञ्चालनमा कुनै बाधा व्यवधान उत्पन्न भई विशेष परिस्थितिको सिर्जना हुन गएमा वा संस्थापक अन्य बैङ्क वा वित्तीय संस्थाको वित्तीय कारोबारमा कालोसूचीमा समावेश हुन पुगेमा राष्ट्र बैङ्कको स्वीकृति लिई संस्थापकहरुबीच एक आपसमा शेयर खरिद वा बिक्री गर्न सकिनेछ,उपदफा मा जुनसुकै कुरा लेखिएको भए तापनि बैङ्क वा वित्तीय संस्थाको सञ्चालनमा कुनै अवरोध वा बाधा उत्पन्न भएको वा संस्थापक शेयरधनी अर्को बैङ्क वा वित्तीय संस्थासँग गरिएको कारोबारका कारणले कालो सूचीमा परेको अवस्थामा राष्ट्र बैङ्कको स्वीकृति लिई संस्थापकहरूबीच शेयर बिक्री वा खरिद गर्न सकिनेछ
"However, nothing in this clause shall be deemed to be a bar to the appointment to any political position or to any position which requires making investigations, inquiries or findings on any subject, or submitting advice, opinion or recommendation after carrying out a study or research on any subject","तर कुनै राजनीतिक पदमा वा कुनै विषयको अनुसन्धान, जाँचबुझ वा छानबिन गर्ने वा कुनै विषयको अध्ययन वा अन्वेषण गरी राय, मन्तव्य वा सिफारिस पेश गर्ने कुनै पदमा नियुक्त भई काम गर्न यस दफामा लेखिएको कुनै कुराले बाधा पुच्याएको मानिने छैन","तर कुनै राजनीतिक पदमा वा कुनै विषयको अनुसन्धान, जाँचबुझ वा निष्कर्ष निकाल्न वा कुनै विषयको अध्ययन वा अनुसन्धान गरी सुझाव, राय वा सिफारिस पेश गर्न आवश्यक पर्ने कुनै पदमा नियुक्ति गर्न यस खण्डमा लेखिएको कुनै कुराले बाधा पुन्याएको मानिने छैन"
The responsibility to manage free health treatment in the schools of private investment and public educational trust as prescribed shall be vested in the schools concerned,निजी लगानी तथा सार्वजनिक शैक्षिक गुठीका विद्यालयमा तोकिए बमोजिमको निःशुल्क स्वास्थ्य उपचारको व्यवस्था गर्ने दायित्व सम्बन्धित विद्यालयको हुनेछ,निजी लगानी तथा सार्वजनिक शैक्षिक गुठीका विद्यालयमा तोकिए बमोजिम निःशुल्क स्वास्थ्य उपचार व्यवस्थापन गर्ने जिम्मेवारी सम्बन्धित विद्यालयलाई हुनेछ
"Dissolution: If the Board is of the opinion that the Fund has to be dissolved for any reason, the Board shall submit to the Government of Nepal a report setting out the reason for the same, and after such a report is made, the Government of Nepal may dissolve the Fund, upon assuming all liabilities of the Fund.",विघटन: कुनै कारणबाट कोषलाई विघटन गर्नु पर्छ भन्ने समितिलाई लागेमा त्यसको कारण खुलाई समितिले नेपाल सरकारमा प्रतिवेदन पेश गर्नु पर्छ त्यस्तो प्रतिवेदन परेपछि नेपाल सरकारले कोषको सबै दायित्व आफूले बहन गरी कोषलाई विघटन गर्न सक्नेछ ।,विघटन : कुनै कारणबाट कोष विघटन गर्नु पर्ने भनी समितिको राय आएमा समितिले त्यसको कारण खुलाई नेपाल सरकार समक्ष प्रतिवेदन पेश गर्नेछ र त्यस्तो प्रतिवेदन भएपछि कोषको सम्पूर्ण दायित्व व्यहोरा गरी नेपाल सरकारले कोष विघटन गर्न सक्नेछ ।
"Execution of Concurrent Powers: The Federation shall, while implementing or enacting the laws on the matters of concurrent powers, provide as follows: Determination of an offence and punishment, construction of infrastructure of national level or national importance or expanded from more than one Province and determination and regulation of quality standards to be applicable equally in all Provinces shall be in accordance with the federal law.","देहायका विषय प्रदेश कानून बमोजिम हुने:- प्रदेशस्तरका सडक, विद्युत खानेपानी, सिँचाई जस्ता पूर्वाधार संरचनाको निर्माण र सञ्चालन।","साझा अधिकारको कार्यान्वयन : सङ्गले साझा अधिकारको विषयमा कानूनको कार्यान्वयन वा कानून बनाउँदा देहाय बमोजिमको व्यवस्था गर्नु पर्नेछ:- एकभन्दा बढी प्रदेशबाट कसूर र सजायको निर्धारण, राष्ट्रियस्तरको वा राष्ट्रिय महत्वको पूर्वाधारको निर्माण वा विस्तार तथा सबै प्रदेशमा समान रुपमा लागू हुने गुणस्तर मापदण्डको निर्धारण र नियमन सङ्घीय कानून बमोजिम हुनेछ ।"
"""Public service"" means any governmental or non-governmental office, public institution, transport, industrial enterprise or educational institute, company, firm, shop, hotel, resort, lodge, restaurant, cafe, film hall or theatre, and this term also includes any service and facility to be provided by any governmental or non- governmental body for public use or utility","“सार्वजनिक सेवा” भन्नाले सरकारी वा गैर सरकारी कार्यालय, सार्वजनिक संस्था, यातायात, औद्योगिक वा शैक्षिक प्रतिष्ठान, कम्पनी, फर्म, पसल, होटल, रिसोर्ट, लज, रेष्टरेण्ट, क्याफे, सिनेमा हल वा नाचघर सम्झनु पर्छ र सो शब्दले कुनै पनि सरकारी वा गैर सरकारी निकायबाट प्रदान गरिने सार्वजनिक प्रयोग वा उपयोगका कुनै पनि सेवा र सुविधा समेतलाई जनाउनेछ","“सार्वजनिक सेवा” भन्नाले सरकारी वा गैरसरकारी कार्यालय, सार्वजनिक संस्था, यातायात, औद्योगिक प्रतिष्ठान वा शैक्षिक संस्था, कम्पनी, फर्म, पसल, होटल, रिसोर्ट, लज, रेस्तराँ, क्याफे, चलचित्र कक्ष वा театр सम्झनु पर्छ र सो शब्दले सार्वजनिक उपयोग वा उपयोगको लागि कुनै सरकारी वा गैरसरकारी निकायले प्रदान गर्ने कुनै सेवा तथा सुविधालाई समेत जनाउँछ"
"Chapter — 2 Conditions for Provision and Matters of Mutual Legal Assistance Conditions for exchange of mutual legal assistance: Where there exists a bilateral treaty between Nepal and a foreign state on the exchange of mutual legal assistance, mutual legal assistance may be exchanged between Nepal and such a foreign state",परिच्छेद-२ पारस्परिक कानूनी सहायता प्राप्त गर्ने अवस्था र विषय पारस्परिक कानूनी सहायता आदान प्रदान गर्न सकिने अवस्था : नेपाल र विदेशी राज्य बीच पारस्परिक कानूनी सहायता आदान प्रदान गर्ने सम्बन्धमा द्विपक्षीय सन्धि भएको रहेछ भने नेपाल र त्यस्तो विदेशी राज्य बीच पारस्परिक कानूनी सहायता आदान प्रदान गर्न सकिनेछ,परिच्छेद-२ पारस्परिक कानूनी सहायता प्रदान गर्ने शर्त र विषय पारस्परिक कानूनी सहायता आदान प्रदान गर्ने शर्त : पारस्परिक कानूनी सहायता आदान प्रदान गर्ने सम्बन्धमा नेपाल र विदेशी राज्यबीच द्विपक्षीय सन्धि भएकोमा त्यस्तो विदेशी राज्य र नेपालबीच पारस्परिक कानूनी सहायता आदान प्रदान गर्न सकिनेछ
"The child welfare authority may make arrangements for providing necessary services, upon conducting inquiry on the basis of the information received pursuant to sub-section (1)",उपदफा बमोजिम प्राप्त सूचनाको आधारमा बालकल्याण अधिकारीले जाँचबुझ तथा छानबिन गरी आवश्यक सेवाको व्यवस्था गर्न सक्नेछ,उपदफा बमोजिम प्राप्त जानकारीको आधारमा बाल कल्याण अधिकारीले जाँचबुझ गरी आवश्यक सेवा प्रदान गर्ने व्यवस्था मिलाउन सक्नेछ
"The pregnant woman who wants to obtain the safe abortion service shall have to give consent in the prescribed format to the health institution which has obtained a license, or to the health worker who has obtained a license",सुरक्षित गर्भपतनको सेवा प्राप्त गर्न चाहने गर्भवती महिलाले इजाजत प्राप्त स्वास्थ्य संस्था वा इजाजत प्राप्त स्वास्थ्यकर्मीलाई तोकिए बमोजिमको ढाँचामा मञ्जुरीनामा दिनु पर्नेछ,सुरक्षित गर्भपतन सेवा प्राप्त गर्न चाहने गर्भवती महिलाले इजाजतपत्र प्राप्त गरेका स्वास्थ्य संस्था वा स्वास्थ्यकर्मीलाई तोकिए बमोजिमको ढाँचामा सहमति दिनु पर्नेछ
"If any member of a child’s family wishes to stay together with the child who is kept in the observation chamber for assistance, the investigating authority may give permission to stay together specifying the time and conditions as required",निगरानी कक्षमा राखिने बालबालिकाको सहयोगका लागि त्यस्तो बालबालिकाको परिवारका कुनै सदस्य सँगै बस्न चाहेमा अनुसन्धान अधिकारीले आवश्यकता अनुसार समय र शर्त तोकी सँगै बस्न अनुमति दिन सक्नेछ,कुनै बालबालिकाको परिवारको सदस्यले सहयोगको लागि निगरानी कक्षमा रहेका बालबालिकासँग मिलेर बस्न चाहेमा अनुसन्धान अधिकारीले आवश्यकता अनुसार समय र शर्त तोकी एकैसाथ रहने अनुमति दिन सक्नेछ
"Request to be made to foreign state for obtaining mutual legal assistance: If the Central Authority receives a request for mutual legal assistance under Sections 7, 8, 9, 10, 11, 12 or 13, it must request, through the diplomatic channel, the foreign state for the provision of such mutual legal assistance","पारस्परिक कानूनी सहायता प्राप्त गर्न विदेशी राज्यलाई अनुरोध गर्नु पर्ने : दफा ७, ८, ९,१०,११,१२ वा १३ बमोजिम पारस्परिक कानूनी सहायताको लागि लेखी आएमा केन्द्रीय अधिकारीले त्यस्तो कानूनी सहायता प्राप्त गर्न कूटनैतिक माध्यम मार्फत विदेशी राज्य समक्ष अनुरोध गर्नु पर्नेछ","पारस्परिक कानूनी सहायता प्राप्त गर्न विदेशी राज्यलाई अनुरोध गर्नु पर्ने : दफा ७, ८, ९, १०, ११, १२ वा १३ बमोजिम पारस्परिक कानूनी सहायताको लागि केन्द्रीय अधिकारीले अनुरोध गरेमा त्यस्तो पारस्परिक कानूनी सहायता प्रदान गर्न कूटनैतिक माध्यम मार्फत विदेशी राज्यलाई अनुरोध गर्नु पर्नेछ"
"Reward to informant: After eventually settling the case filed upon being investigated as per the information provided by the person who provides information that the offence has been or is going to be committed, such a person shall be rewarded with the ten percent of the claimed amount recovered or one million rupees, whichever is the lesser",सूचना दिनेलाई पुरस्कारः यस ऐन बमोजिमको कसुर गरेको छ वा गर्न लागेको छ भन्ने कुराको सूचना दिने व्यक्तिले दिएको सूचना बमोजिम अनुसन्धान भई दायर भएको मुद्दाको अन्तिम किनारा लागेपछि असूल भएको बिगो रकमको दश प्रतिशत वा दश लाख रूपैयाँमध्ये जुन कम हुन्छ सोही रकम त्यस्तो व्यक्तिलाई पुरस्कार दिइनेछ,सूचना दिने व्यक्तिलाई पुरस्कारः कसूर गरेको वा गराउने व्यक्तिले दिएको जानकारी बमोजिम अनुसन्धान भई दायर भएको मुद्दाको अन्तिम किनारा गरी त्यस्तो व्यक्तिलाई असुल उपर भएको दाबी रकमको दश प्रतिशत वा पिच्छेभन्दा कम हुने दश लाख रुपैयाँ समेत पुरस्कार दिइनेछ
Provision of Fulfillment of Vacancy of District Judge: The Judicial Council shall fulfill the vacant post of the Judge of District Court in accordance with Sub-Article of Article 149 of the Constitution,जिल्ला न्यायाधीशको पदपूर्ति सम्बन्धी व्यवस्था : न्याय परिषदले जिल्ला अदालतमा रिक्त न्यायाधीशको पद संविधानको धारा १४९ को उपधारा बमोजिम पूर्ति गर्नेछ,जिल्ला न्यायाधीशको रिक्त पदपूर्ति गर्ने व्यवस्था : संविधानको धारा १४९ को उपधारा बमोजिमको जिल्ला अदालतको न्यायाधीशको रिक्त पद न्याय परिषदले पूर्ति गर्नेछ
"“Primary Capital” means and includes the funds of a bank or financial institution listed under such headings as the paid-up capital, share premium, non-redeemable preference shares, general reserve fund and accumulated profit and loss, and also such other funds listed under other headings as may be prescribed as primary capital by the Rastra Bank from time to time","प्राथमिक पूँजी” भन्नाले बैङ्क वा वित्तीय संस्थाको चुक्ता पूँजी, शेयर प्रिमियम, फिर्ता नहुने अग्राधिकार शेयर, साधारण जगेडा कोष र सञ्चित नाफा-नोक्सान शीर्षकमा रहेको रकम सम्झनु पर्छ र सो शाब्दले राष्ट्र बैङ्कल समय समयमा प्राथमिक पूँजी भनी तोकिदिएको अन्य शीर्षकमा रहेको कोष वा रकम समेतलाई जनाउँछ","“आधारभूत पूँजी” भन्नाले बैङ्क वा वित्तीय संस्थाको चुक्ता पूँजी, शेयर प्रिमियम, चुक्ता नहुने अग्राधिकार शेयर, सामान्य जगेडा कोष र सञ्चित नाफा-नोक्सान जस्ता शीर्षकमा सूचीकृत कोष सम्झनु पर्छ र सो शाब्दले राष्ट्र बैङ्कले समय समयमा आधारभूत पूँजीको रुपमा तोकेको अन्य शीर्षकमा सूचीकृत कोष समेतलाई जनाउँछ"
By what right.,कुन अधिकार बमोजिम कुनै सम्पत्ति धारण गरेको कारण देखाउने अदालतको आदेश । (अचल सम्पत्तिको स्वामित्वको सन्दर्भमा ।),कुन अधिकारले ।
"To evaluate implementation of Act: Within one year after the entry into force of this Act, and then within one year in every five years, the Ministry shall evaluate the implementation of this Act and present a report to the respective committees of both Houses of the Federal Parliament",ऐन कार्यान्वयन मापन: यो ऐन प्रारम्भ भएको पाँच वर्ष पूरा भएको एक वर्षभित्र र त्यसपछि प्रत्येक पाँच वर्षपछिको एक वर्षभित्र मन्त्रालयले ऐन कार्यान्वयनको मापन गर्नेछ र सोको प्रतिवेदन सङ्घीय संसदको दुवै सदनको सम्बन्धित समितिमा पेश गर्नु पर्नेछ,ऐनको कार्यान्वयनको मूल्याङ्कन गर्नेः यो ऐन प्रारम्भ भएको एक वर्षभित्र र पाँच वर्षमा एक वर्षभित्र मन्त्रालयले यो ऐनको कार्यान्वयनको मूल्याङ्कन गरी सङ्घीय संसदको दुवै सभाका समितिलाई प्रतिवेदन पेश गर्नु पर्नेछ
To the great damage. (a frequent term in divers pleadings),ठूलो क्षति । (कयौं बहसहरुमा प्रयोग हुने शब्द),ठूलो क्षतिको लागि ।
The prescribed body shall coordinate the functions of providing emergency food and nutrition support pursuant to this Section.,यस-“दफा बमोजिम आपतकालीन खाद्य तथा पोषण सहायता उपलब्ध गराउने कार्यको संयोजन तोकिएको निकायले गर्नेछु ।,यस दफा बमोजिम आकस्मिक खाद्य तथा पोषण सहायता उपलब्ध गराउने कार्यको समन्वय तोकिएका निकायले गर्नेछ ।
"One who does not forbid that, which he can forbid, is deemed to assent. (One who does not prevent (prohibit) what he can prevent, is regarded as assenting.)","जसले निषेध गर्न सक्ने नहुँदा पनि काम निषेध गर्दैन, निजले त्यस्तो काम गर्न स्वीकृति दिएको मानिन्छ ।","जसले जुन विषय निषेध गर्न सक्दछ, त्यस्तो विषय निषेध गर्न सक्दैन, निजले त्यस्तो विषयको सहमति जनाउँछ ।"
The educational institutes as prescribed by the Government of Nepal shall provide free higher education to the persons with disabilities.,अपाङ्गता भएका व्यक्तिलाई नेपाल सरकारले तोकिदिए बमोजिमका शैक्षिक संस्थाद्वारा निःशुल्क रूपमा उच्च शिक्षा उपलब्ध गराउनेछ ।,नेपाल सरकारले तोकेको शिक्षण संस्थाले अपाङ्गता भएका व्यक्तिलाई निःशुल्क उच्च शिक्षा प्रदान गर्नु पर्नेछ ।
The period and zone of public health emergency including other aspects may be added or reduced or removed on the basis of available data and information.,जनस्वास्थ्य विपद्को समयावधि र क्षेत्र लगायत अन्य पक्षहरूमा उपलब्ध तथ्याङ्क तथा सूचनाका आधारमा थपघट वा हटाउन सकिनेछ।,"सार्वजनिक स्वास्थ्य आपतकालीन अवस्थाको अवधि र क्षेत्रलाई उपलब्ध तथ्याङ्क र सूचनाको आधारमा थप्न, घटाउन वा हटाउन सकिनेछ ।"
"The concerned Rural Municipality or Municipality shall submit the report issued by the Auditor General pursuant to sub-section to, and have it discussed at, the Village Assembly or Municipal Assembly in accordance with the prevailing law of the Local Level","बेरूजुमा कारबाही गर्नेः नेपाल सरकार, प्रदेश सरकार वा स्थानीय तहको आय-व्यय तथा अन्य रकम कलमको लेखापरीक्षण गर्दा देखिएका त्रुटि तथा बेरूजुमा सम्बन्धित निकायले कानून बमोजिम कारबाही गर्नुपर्नेछ",उपदफा बमोजिम महालेखापरीक्षकले जारी गरेको प्रतिवेदन सम्बन्धित गाउँ नगरपालिका वा नगरपालिकाले स्थानीय तहको प्रचलित कानून बमोजिम गाउँ सभा वा नगरपालिका सभामा पेश गरी छलफल गराउनु पर्नेछ
"The detailed bases and framework determined by the Commission pursuant to sub-section (1), shall be acceptable for five years and the Commission shall review it every five years and make a recommendation to the Government of Nepal",उपदफा बमोजिम आयोगले निर्धारण गरेको विस्तृत आधार र ढाँचा पाँच वर्षको लागि मान्य हुनेछ र आयोगले प्रत्येक पाँच वर्षमा पुनरावलोकन गरी नेपाल सरकारमा सिफारिस गर्नेछ,उपदफा बमोजिम आयोगले निर्धारण गरेको विस्तृत आधार र ढाँचा पाँच वर्षसम्म स्वीकार्य हुनेछ र प्रत्येक पाँच वर्ष आयोगले पुनरावलोकन गरी नेपाल सरकारलाई सिफारिस गर्नेछ
"The policy, directive and procedures framed by the Province and Local Level shall be made public by publishing it.","प्रदेश तथा स्थानीय तहले बनाएको नीति, निर्देशिका र कार्यविधि सार्वजनिक रुपमा प्रकाशन गर्नु पर्नेछ।","प्रदेश र स्थानीय तहले बनाएको नीति, निर्देशन र कार्यविधि सार्वजनिक गरी प्रकाशन गर्नु पर्नेछ।"
The acquisition of the right in property by continued possession. (This is the effect of the positive prescription.),निरन्तर भोगचलनबाट सम्पत्तिको स्वामित्व कायम हुने ।,सम्पत्तिको हक निरन्तर रुपमा प्राप्त गर्ने कार्य ।
From the authority of precedent.,प्रिसेडेन्सको आदेशबाट ।,प्रचलित कानून बमोजिम ।
"doing any of the following acts through oral, written or visual means in the case of goods or services: selling sub-standard goods by showing standard","वस्तु वा सेवाको हकमा मौखिक, लिखित वा दृश्यबाट देहायका कुनै काम गर्नेः- कमसल वस्तुलाई विशिष्ठ वा गुणस्तर भएको स्तरमान","वस्तु वा सेवाको हकमा मौखिक, लिखित वा दृश्यात्मक माध्यमबाट देहाय बमोजिमको कुनै काम गर्नेः- मापदण्ड नदेखाई अमानवीय वस्तु बिक्री गर्ने"
"Notwithstanding anything contained in sub-section (1), a health institution may prioritize on the basis of the seriousness of the health of the patient while carrying out treatment.",उपदफा (१) मा जुनसुकै कुरा लेखिएको भए तापनि बिरामीको स्वास्थ्यको गम्भीरताको आधारमा स्वास्थ्य संस्थाले उपचार गर्दा प्राथमिकीकरण गर्न सक्नेछ।,उपदफा मा जुनसुकै कुरा लेखिएको भए तापनि स्वास्थ्य संस्थाले उपचार गर्दा बिरामीको स्वास्थ्यको गम्भीरताको आधारमा प्राथमिकता निर्धारण गर्न सक्नेछ ।
"How long a reasonable time ought to be is not defined by law, but depends upon the discretion of the judges.",कानून बमोजिम मान्यसिंह समय कतिसम्म हुनुपर्छ भन्ने कुरा निर्धारण नभएमा न्यायाधीशको स्वविवेकमा निर्धारण हुन्छ ।,"कानूनले कति समयसम्म मनासिब हुने कुरा निर्धारण गरेको छैन, तर न्यायाधीशको विवेकसम्मततामा निर्भर छ ।"
"While having examined the report received by the Council purauant to sub-section or the information or explanation received pursuant to sub-section (2), the Ministry shall cause to conduct a further inquiry, if necessary, through a committee or a working group of experts",उपदफा बमोजिम परिषद्बाट प्राप्त प्रतिवेदन वा उपदफा बमोजिम प्राप्त विवरण वा स्पष्टीकरण अध्ययन गर्दा थप जाँचबुझ गराउन आवश्यक देखेमा मन्त्रालयले कुनै विशेषज्ञ सम्मिलित समिति वा कार्यदल मार्फत थप जाँचबुझ गराउन सक्नेछ,उपदफा बमोजिम परिषद्ले प्राप्त गरेको प्रतिवेदन वा उपदफा बमोजिम प्राप्त जानकारी वा स्पष्टीकरणको जाँचबुझ गर्दा मन्त्रालयले आवश्यकता अनुसार समिति वा विशेषज्ञको कार्यदल मार्फत थप जाँचबुझ गराउनु पर्नेछ
An enterprise shall make provision that workers or employees with disabilities can work in an easy manner.,प्रतिष्ठानले अपाङ्गता भएका कामदार वा कर्मचारीका लागि सहज ढङ्गले काम गर्न सक्ने व्यवस्था मिलाउनु पर्नेछ ।,प्रतिष्ठानले अपाङ्गता भएका कामदार वा कर्मचारीले सहज रुपमा काम गर्न सक्ने व्यवस्था गर्नु पर्नेछ ।
"Punishment: If one commits, or causes to be committed, any act that is deemed to be the offence as referred to in Section 25, one shall be liable to the following punishment according the gravity of the offence: Imprisonment for a term not exceeding six months or fine not exceeding fifty thousand rupees or both the penalties for committing or getting committed the offence referred to in clauses (a), (b), (c), and (1)","सजाय : कसैले दफा २५ अन्तर्गत कसूर मानिने कुनै काम गरे वा गराएमा कसूरको मात्रा हेरी देहाय बमोजिम सजाय हुनेछ :- खण्ड (क), (ख), (ग), र बमोजिमको कसूर गर्ने वा गराउनेलाई छ महिनासम्म कैद वा पचास हजार रुपैयाँसम्म जरिबाना वा दुवै सजाय, खण्ड र बमोजिमको कसूर गर्ने वा गराउनेलाई तीन महिनादेखि छ महिनासम्म कैद र पचास हजार रुपैयाँसम्म जरिबाना","सजायः कसैले दफा २५ बमोजिमको कसूर मानिने कुनै कार्य गरेमा वा गराएमा निजलाई कसूरको गम्भीरता अनुसार देहाय बमोजिमको सजाय हुनेछः- छ महिनासम्म कैद वा पचास हजार रुपैयाँसम्म जरिबाना वा खण्ड (क), (ख), (ग), र (१) बमोजिमको कसूर गरे वा गरेको दुवै सजाय"
""" This Act shall commence immediately",यो ऐन तुरुन्त प्रारम्भ हुनेछ,यो ऐन तुरुन्त प्रारम्भ हुनेछ
"Punishment: Punishment shall be imposed as follows for the offence referred to in Section 52: If the offence referred to in clauses and is committed, a fine of one million rupees or imprisonment for a term not exceeding two years or both, If the offence referred to in clauses (b), (d), (e), (f), (g), (h), (i), (), (k), (1), and is committed, a fine from twenty-five thousand up to fifty thousand rupees, If the offence referred to in clause is committed, fine up to fifty thousand rupees or imprisonment for a term not exceeding one year or both, If the offence referred to in clause is committed, a fine of ten thousand rupees is to be imposed on the person who broadcasts the advertisement.","सजाय : दफा ५२ बमोजिमको कसुरमा देहाय बमोजिम सजाय हुनेछ:- खण्ड र बमोजिमको कसूर गरेमा दश लाख रुपैयाँ जरिबाना वा दुई वर्षसम्म कैद वा दुवै सजाय, खण्ड (ख), (घ), (ङ), (च), (छ), (ज), (झ), (ञ), (ट), (ठ), र बमोजिमको कस्र गरेमा पच्चीस हजारदेखि पचास हजारसम्म जरिबाना, खण्ड बमोजिमको कसुर गरेमा पचासहजार रूपैयाँसम्म जरिवाना वा एक वर्षसम्म कैद वा दुवै सजाय, खण्ड बमोजिमको कसूर गरेमा विज्ञापन प्रशारण गर्नेलाई दश हजार रुपैयाँ जरिबाना ।","सजायः दफा ५२ बमोजिमको कसुरमा देहाय बमोजिम सजाय हुनेछः- खण्ड र बमोजिमको कसुर गरेमा दश लाख रुपैयाँ जरिवाना वा दुई वर्षसम्म कैद वा दुवै, खण्ड (ख), (घ), (ङ), (च), (च), (न), (न), (न), र बमोजिमको कसुर गरेमा पच्चीस हजार रुपैयाँदेखि पचास हजार रुपैयाँसम्म जरिवाना, खण्ड (घ), (ङ), (न), र बमोजिमको कसुर गरेमा दश हजार रुपैयाँदेखि पचास हजार रुपैयाँसम्म जरिव"
"The Gurukul, Gumba or Madarsa to be operated for providing education referred to in sub-section shall be registered in the Local Level concerned","उपदफा बमोजिमको शिक्षा प्रदान गर्नको लागि सञ्चालन गरिने गुरुकुल, गुम्बा वा मदरसा सम्बन्धित स्थानीय तहमा दर्ता गर्नु पर्नेछ","उपदफा बमोजिम शिक्षा प्रदान गर्न सञ्चालन हुने गुरुकुल, गुम्बा वा मदरसा सम्बन्धित स्थानीय तहमा दर्ता गरिनेछ"
The authority in accordance with sub-section shall execute functions in accordance with the provisions of this Act,उपदफा बमोजिम तोकिएको अधिकारीले यस ऐन बमोजिमको कार्य सम्पादन गर्नेछ,उपदफा बमोजिमको अधिकारीले यो ऐनको व्यवस्था बमोजिमको काम गर्नेछ
"""School with private investment"" means a school that is established or operated with private investment, and this terms also includes any institutional school existing at the time of the commencement of this Act",“निजी लगानीका विद्यालय” भन्नाले निजी लगानीमा स्थापना वा सञ्चालन भएको विद्यालय सम्झनु पर्छ र सो शब्दले यो ऐन प्रारम्भ हुँदाका बखत कायम रहेको संस्थागत विद्यालयलाई समेत जनाउँछ,“निजी लगानीको विद्यालय” भन्नाले निजी लगानीमा स्थापना वा सञ्चालन भएको विद्यालय सम्झनु पर्छ र सो शब्दले यो ऐन प्रारम्भ हुँदाका बखत कायम रहेको संस्थागत विद्यालयलाई समेत जनाउँछ
"The Government of Nepal may provide full or partial exemption from customs, excise duties, local tax or other fees, in accordance with the prevailing law, to the assistive devices, equipment or tools to be used by the persons with disabilities, disability friendly motor vehicles and goods, machines, spare parts and raw materials that are used for education, training or self-employment of the persons with disabilities.","नेपाल सरकारले अपाङ्गता भएका व्यक्तिले प्रयोग गर्ने सहायक साधन, उपकरण वा औजार, अपाङ्गमैत्री सवारी साधन तथा अपाङ्गता भएका व्यक्तिको शिक्षा, तालिम वा स्वरोजगारका लागि प्रयोग हुने मालसामान, यन्त्र, पाटपूर्जा तथा कच्चा पदार्थमा प्रचलित कानून बमोजिम भन्सार, अन्तःशुल्क, स्थानीय कर वा अन्य दस्तुर सम्पूर्ण वा आंशिक रूपमा छुट दिन सक्नेछ ।","नेपाल सरकारले अपाङ्गता भएका व्यक्तिले प्रयोग गर्ने सहायक उपकरण, उपकरण वा औजार, अपाङ्गतामैत्री सवारी साधन तथा अपाङ्गता भएका व्यक्तिको शिक्षा, तालीम वा स्वरोजगारमा प्रयोग हुने वस्तु, मेसिन, सट्टा-पार्ट तथा कच्चा पदार्थलाई प्रचलित कानून बमोजिम सीमाशुल्क, उत्पाद शुल्क, स्थानीय कर वा अन्य दस्तुरबाट पूर्ण वा आंशिक छुट उपलब्ध गराउन सक्नेछ ।"
Chapter-6,परिच्छेद-६,परिच्छेद-६
To the person.,ब्यक्तिगत ।,व्यक्तिलाई ।
Entering on an inheritance. (The succession or taking up a succession and that whether in several estates of things).,उत्तराधिकार प्राप्त गर्ने । ( उत्तराधिकार प्राप्त गर्ने र उत्तराधिकार लिन ),उत्तराधिकारमा प्रवेश गर्ने ।
Submission of false description to obtain the unemployment support or livelihood allowance referred to in this Act.,यस ऐन बमोजिमको बेरोजगार सहायता वा निर्वाह भत्ता प्राप्त गर्न झुट्टा विवरण पेश गरेमा।,यस ऐन बमोजिमको बेरोजगार सहायता वा निर्वाह भत्ता प्राप्त गर्न झुट्टा विवरण पेश गर्ने।
"Upon receipt of such information, the Secretary of the Commission shall notify all members and such issues shall be considered to have been included in the list",त्यसरी सूचना प्राप्त हुनासाथ आयोगको सचिवले त्यसको जानकारी सबै सदस्यलाई दिनेछ र सो विषय आयोगको कार्यसूचीमा परेको मानिनेछ,त्यसरी सूचना प्राप्त हुनासाथ आयोगको सचिवले त्यसको जानकारी सबै सदस्यलाई दिनेछ र सो विषय आयोगको बैठकको कार्यसूचीमा परेको मानिनेछ
To operate school or teaching institute: The school or teaching institute referred to in sub-section of Section 28 shall be operated and managed by the same community which has established it,बिद्यालय बा शिक्षण संस्था सञ्चालन गर्नु पर्ने दफा २८ को उपदफा बमोजिमको विद्यालय वा शिक्षण संस्था जुन समुदायबाट स्थापना गरिएको हो सोही समुदायबाट सञ्चालन र व्यवस्थापन गर्नु पर्नेछ,विद्यालय वा शिक्षण संस्था सञ्चालन गर्नेः दफा २८ को उपदफा बमोजिमको विद्यालय वा शिक्षण संस्था स्थापना गरेको समुदायले सञ्चालन र व्यवस्थापन गर्नेछ
"To perform, or cause to be performed such other functions as required to manage the fallow lands effectively.",बाँझो भूमिको प्रभावकारी व्यवस्थापन गर्न अन्य आवश्यक काम गर्ने वा गराउने ।,"विपन्न भूमिलाई प्रभावकारी रूपमा व्यवस्थापन गर्न आवश्यक हुने अन्य काम गर्ने, गराउने।"
Classification of disabilities on the basis of severity of disability: Profound disability: A person who is in such a condition that he or she has difficulty with performing his or her day-to-day activities even with continuous support of others.,अटिज्म सम्बन्धी अपाङ्गता : जन्मजात नशा वा तन्तुको विकास र सोको कार्यमा आएको समस्या भएको व्यक्ति ।,अपाङ्गताको गम्भीरताको आधारमा अपाङ्गताको वर्गीकरण : गम्भीर अपाङ्गता : अरुको निरन्तर सहयोग लिई पनि निजको दैनिक क्रियाकलाप सञ्चालन गर्न कठिनाइ हुने अवस्थामा रहेका व्यक्ति ।
"Prior to receiving the capital, investment as held to be of lesser value or unrecoverable pursuant to Sub-section (2), the Fund shall give a report indicating the actual statements, condition of such capital, investment and valuation thereof according to the market value, to the Government of Nepal.",उपदफा बमोजिम कम मोल वा नउठ्ने भन्ने ठहराएको पूँजी लगानी बुझी लिनु अगावै नेपाल सरकारलाई त्यस्तो पूँजी लगानीको यथार्थ विवरण अवस्था बजार भाउले मूल्याङ्गन गरी कोषले प्रतिवेदन पेश गर्नु पर्छ ।,"उपदफा बमोजिम न्यून मूल्य भएको वा फिर्ता लिन नसकिने भनी अनुमान गरिएको पूँजी, लगानी प्राप्त गर्नु अघि कोषले त्यस्तो पूँजी, लगानीको यथार्थ विवरण, अवस्था र बजार मूल्य अनुसार त्यसको मूल्याङ्कन गर्ने गरी नेपाल सरकार समक्ष प्रतिवेदन पेश गर्नु पर्नेछ ।"
"Basis for determining children’s age: While determining the age of a child, the following matters shall be taken as the basis: The date of birth recorded in the child’s birth registration issued by the hospital",बालबालिकाको उमेर कायम गर्ने आधारः बालबालिकाको उमेर कायम गर्दा देहायका कुरालाई आधार मानिनेछ :- अस्पतालबाट जारी भएको बालबालिकाको जन्मदर्तामा उल्लिखित जन्म मिति,बालबालिकाको उमेर निर्धारणको आधार: बालबालिकाको उमेर निर्धारण गर्दा देहायका विषयलाई आधार मान्नु पर्नेछ:- अस्पतालबाट जारी भएको जन्मदर्तामा उल्लेख भएको मिति
This Act to prevail: The matters set forth herein shall be governed by this Act and the other matters by the prevailing laws of Nepal,यस ऐन बमोजिम हुने : यस ऐनमा लेखिएका कुरामा यसै ऐन बमोजिम र अन्यमा प्रचलित नेपाल कानून बमोजिम हुनेछ,यसै ऐन बमोजिम हुनेः यस ऐन बमोजिम लेखिए जति कुरामा यसै ऐन बमोजिम र अन्य कुरामा प्रचलित नेपाल कानून बमोजिम हुनेछ
"If a foreign state refuses to serve a process or judicial document on the basis of a request made for mutual legal assistance pursuant to Section 15 or such country gives information through the diplomatic channel to the Court through the Central Authority that the process or judicial document could not be served since such person was not found or identified, the contents of such process or judicial document shall be published in any national daily newspaper of the country where such person is residing or staying or of Nepal",दफा १५ बमोजिम पारस्परिक कानूनी सहायताको लागि गरिएको अनुरोधको आधारमा विदेशी राज्यले म्याद वा न्यायिक लिखत तामेल गर्न इन्कार गरेमा वा त्यस्तो मुलुकले त्यस्तो व्यक्ति पत्ता नलागेको वा पहिचान हुन नसकेको कारणले म्याद वा न्यायिक लिखत तामेल नभएको जानकारी कूटनैतिक माध्यमबाट केन्द्रीय अधिकारी मार्फत अदालतलाई दिएमा त्यस्तो व्यक्ति रहे बसेको मुलुकको वा नेपालको कुनै राष्ट्रियस्तरको दैनिक समाचारपत्रमा त्यस्तो म्याद वा न्यायिक लिखतको व्यहोरा प्रकाशन गरिनेछ,विदेशी राज्यले दफा १५ बमोजिम पारस्परिक कानूनी सहायताको लागि गरिएको अनुरोधको आधारमा म्याद वा न्यायिक लिखत तामेल गर्न इन्कार गरेमा वा त्यस्तो राज्यले कूटनैतिक माध्यम मार्फत केन्द्रीय अधिकारी मार्फत अदालतलाई त्यस्तो व्यक्ति फेला नपरेको वा पहिचान नभएको कारण म्याद वा न्यायिक लिखत तामेल गर्न नसकिने जानकारी दिएमा त्यस्तो व्यक्ति रहे बसेको वा बसेको वा नेपालको कुनै राष्ट्रिय दैनिक पत्रिकामा त्यस्तो म्याद वा न्यायिक लिखतको विषयवस्तु प्रकाशन गर्नु पर्नेछ
"When submitting a resignation under clause of sub-section (1), the Chairperson shall send it in writing to the Government of Nepal through the Ministry and the other member shall send it in writing to the Chairperson",उपदफा को खण्ड बमोजिम राजिनामा दिँदा अध्यक्षले मन्त्रालय मार्फत नेपाल सरकार समक्ष र अन्य सदस्यले अध्यक्ष समक्ष दिनु पर्नेछ,उपदफा को खण्ड बमोजिम राजीनामा दिँदा अध्यक्षले लिखित रूपमा मन्त्रालय मार्फत नेपाल सरकार समक्ष पठाउनु पर्नेछ र अन्य सदस्यले लिखित रूपमा अध्यक्ष समक्ष पठाउनु पर्नेछ
"Chapter-4 Accounts and Examination thereof Annual accounts: The Fund shall submit to the Government of Nepal the balance sheet and annual profit and loss account signed by the chairperson, any director or administrator and chief office and certified by the Auditor General within Nine months after the completion of each year, in such format and manner as specified by the Auditor General.","परिच्छेद-४ हिसाब किताब र त्यसको जाँच वार्षिक हिसाब: महालेखापरीक्षकले तोकिदिएको ढाँचा र तरिका अनुसार प्रत्यक साल तमाम भएको नौ महिनाभित्र अध्यक्ष, कुनै सञ्चालक वा प्रशासक र मुख्य अधिकृतको सही परेको र महालेखापरीक्षकले प्रमाणित गरेको वासलात र वार्षिक नाफा नोक्सानको विवरण कोषले नेपाल सरकारमा पेश गर्नु पर्नेछ ।","परिच्छेद-४ लेखा र त्यसको परीक्षण वार्षिक लेखा : कोषले प्रत्येक वर्ष आर्थिक वर्ष समाप्त भएको नौ महिनाभित्र महालेखापरीक्षकले तोकेको ढाँचा र तरिकामा अध्यक्ष, कुनै सञ्चालक वा प्रशासक र प्रमुख कार्यालयबाट हस्ताक्षर भएको वा महालेखापरीक्षकबाट प्रमाणित भएको वासलात र वार्षिक नाफा-नोक्सान हिसाबलाई महालेखापरीक्षकले तोकेको ढाँचा र तरिकामा नेपाल सरकार समक्ष पेश गर्नु पर्नेछ ।"
"The citizenship acquired by false representation and having penalized pursuant to this clause, the citizenship thus acquired shall be automatically cancelled",झुठो विवरण दिई नागरिकता प्राप्त गरे बापत यस उपदफा बमोजिम सजाय भएमा त्यसरी प्राप्त गरेको नागरिकता स्वत: रद्द हुनेछ,झुट्टा बयानबाट प्राप्त नागरिकता र यस खण्ड बमोजिम सजाय पाएको नागरिकता स्वत: रद्द हुनेछ
The terms of reference of the sub-committee or task force formed pursuant to sub-section shall be as specified by the Committee.,उपदफा बमोजिम गठित उपसमिति वा कार्यदलको कार्य शर्त समितिले तोकिदिए बमोजिम हुनेछ।,उपदफा बमोजिमको उपसमिति वा कार्यदलको कार्यावधि समितिले तोके बमोजिम हुनेछ ।
"OQbligation of the State: The State shall make necessary arrangement for the basic needs including maintenance, protection, health and education of children in need of special protection, on the basis of the available means and resources","राज्यको दायित्वः विशेष संरक्षणको आवश्यकता भएका बालबालिकाको पालनपोषण, संरक्षण, स्वास्थ्य र शिक्षा लगायतका आधारभूत आवश्यकताको व्यवस्था गर्न राज्यले उपलब्ध स्रोत साधनको आधारमा आवश्यक व्यवस्था मिलाउनेछ","राज्यको अधिकार : राज्यले विशेष संरक्षणको आवश्यकता भएका बालबालिकाको पालनपोषण, संरक्षण, स्वास्थ्य तथा शिक्षा लगायत आधारभूत आवश्यकताको लागि उपलब्ध साधन तथा स्रोतको आधारमा आवश्यक व्यवस्था मिलाउनु पर्नेछ"
"Special social security and programs for target groups: The Local Level and Provincial Government shall make necessary arrangements to implement the programs for special social health security for the women, children, adolescents, Dalits, martyrs' families, and other targeted groups as prescribed by the Government of Nepal.","लक्षित समृहहरूका लागि विशेष सामाजिक सुरक्षा तथा कार्यक्रमहरू : महिला, बालबालिका, किशोर किशोरी, दलित, शहीद परिवार र नेपाल सरकारले तोकेका अन्य लक्षित समूहहरूका लागि विशेष सामाजिक स्वास्थ्य सुरक्षाका कार्यक्रमहरू कार्यान्वयन गर्न स्थानीय तह तथा प्रदेश सरकारले आवश्यक व्यवस्था मिलाउनु पर्नेछ।","विशेष सामाजिक सुरक्षा तथा लक्षित समूहका लागि कार्यक्रम : स्थानीय तह र प्रदेश सरकारले नेपाल सरकारले तोके बमोजिम महिला, बालबालिका, किशोरी, दलित, शहीद परिवार तथा अन्य लक्षित समूहका लागि विशेष सामाजिक स्वास्थ्य सुरक्षाका कार्यक्रम कार्यान्वयन गर्न आवश्यक व्यवस्था मिलाउनेछ ।"
"The report made pursuant to sub-section shall inter-alia, include the following matters, in addition to other details: Details of implementation of annual programs of the Commission and expenses incurred, Details of suggestions, recommendations given by the Commission to Nepal Government or any other agency, The status of the implementation of the suggestions, recommendations given in accordance to clause, Situation of physical and economic resources of the Commission and their utilization, Details of other activities performed by the Commission in course of fulfilling the responsibilities required of the Commission, in accordance to this Act","उपदफा बमोजिमको वार्षिक प्रतिवेदनमा अन्य विषयको अतिरिक्त देहायका विषय समेत समावेश गर्नुपर्नेछ:- आयोगको वार्षिक कार्यक्रमको कार्यान्वयनको विवरण तथा लागत खर्च, आयोगले नेपाल सरकार वा अन्य कुनै निकायलाई दिएको सिफारिस तथा सुझावको विवरण, खण्ड बमोजिमको सिफारिस तथा सुझाव कार्यान्वयनको अवस्था, आयोगको आर्थिक तथा भौतिक स्रोत साधन तथा त्यसको उपयोगको अवस्था, यस ऐन बमोजिम आयोगले पूरा गर्नुपर्ने दायित्व निर्वाहका सम्बन्धमा गरिएको अन्य काम कारबाहीको विवरण","उपदफा बमोजिमको प्रतिवेदनमा अन्य विषयको अतिरिक्त देहायका विषय समेत समावेश गर्नु पर्नेछ: आयोगको वार्षिक कार्यक्रमको कार्यान्वयनको विवरण तथा लागत खर्च, आयोगले नेपाल सरकार वा अन्य कुनै निकायलाई दिएको सिफारिस तथा सुझावको विवरण, खण्ड बमोजिमको सिफारिस तथा सुझाव कार्यान्वयनको अवस्था, आयोगको आर्थिक तथा भौतिक स्रोत साधन तथा त्यसको उपयोगको अवस्था, यस ऐन बमोजिम आयोगले पूरा गर्नु पर्ने दायित्व निर्वाहका सम्बन्धमा गरिएको अन्य काम कारबाहीको विवरण"
"Disqualification of Directors: The following persons shall not be eligible to become a Director of the a bank or financial institution:- If he or she has not attained the age of 25 years, If he or she is of unsound mind or insane, If he or she has been declared bankrupt in Nepal or abroad for being unable to pay debt, If he or she has been blacklisted or declared a defaulter in connection with any transaction with any bank or financial institution in Nepal or in abroad, and a period of at least three years has not been lapsed after removal of his\her name from the blacklist or list of defaulter, An incumbent Director or an employee of any corporate body carrying out transactions of a bank or financial institution or any institution collecting any type of deposits or carrying out transactions relating to insurance, A borrower or an incumbent auditor or an advisor of the concerned bank or financial institution or a person, firm or company who/which is a partner in any kind of contract with the concerned bank or financial institution or having personal interests, Who has acquired the membership of the Stock Exchange to act as a securities broker or a merchant banker, Incumbent Director of a licensed bank or financial institution, A person, who has not subscribed to the minimum number of shares required to subscribe to be eligible for appointment as a Director pursuant to the Articles of Association of a bank or financial institution, Gj) Incumbent employee of the Government of Nepal, or a corporate body having ownership of the Government of Nepal, or Rastra Bank or of a bank or financial institution, Provided that nothing in this clause shall prevent from nominating a Director in a micro-finance institution or infrastructure development bank, of which share has been purchased by the Government of Nepal or an institution having under the ownership of the Government of Nepal or Rastra Bank or bank or financial institution","सञ्चालकको अयोग्यता : बैङ्क वा वित्तीय संस्थाको सञ्चालक हुन देहायको व्यक्ति योग्य हुने छैन :- २४१ वर्ष उमेर पूरा नभएको, मगज बिग्रिएको वा मानसिक सन्तुलन ठीक नभएको, नेपालभित्र वा विदेशमा कर्जा तिर्न नसकी साहुको दामासाहीमा परेको, नेपालभित्र वा विदेशमा बैङ्क वा वित्तीय संस्थासँगको कुनै कारोबारमा कालोसूची वा डिफल्टरमा परी सो कालोसूची वा डिफल्टरबाट फुकुवा भएको मितिले कम्तीमा तीन वर्ष पूरा नभएको, बैङ्क वावित्तीय संस्था वा कुनै पनि प्रकारको निक्षेप संकलन गर्ने तथा बिमा सम्बन्धी व्यवसाय सञ्चालन गर्ने संगठित संस्थाको बहालवाला सञ्चालक वा कर्मचारी, सम्बन्धित बैङ्क वा वित्तीय संस्थाको क्रणी वा बहालवाला लेखापरीक्षक वा सल्लाहकार वा बैङ्क वा वित्तीय संस्थासँग कुनै किसिमको ठेक्का पट्टामा हिस्सेदार रहेको वा निजी स्वार्थ रहेको व्यक्ति, फर्म र कम्पनी, धितोपत्र व्यवसायीको रुपमा कार्य गर्न धितोपत्र बजारको सदस्यता प्राप्त गरेको वा मर्चेण्ट बैङ्कर, इजाजतपत्र प्राप्त संस्थाको सञ्चालकमा बहाल रहेको व्यक्ति, शेयर स्वामित्वका कारणले सञ्चालक हुन सम्बन्धित बैङ्क वा वित्तीय संस्थाको नियमावली बमोजिम सञ्चालक हुनको लागि लिनुपर्ने न्यूनतम शेयर नलिएको व्यक्ति, नेपाल सरकार वा नेपाल सरकारको स्वामित्व प्राप्त संगठित संस्था वा राष्ट्र बैङ्क वा बैङ्क वा वित्तीय संस्थाको बहालवाला कर्मचारी, तर नेपाल सरकार वा नेपाल सरकारको स्वामित्व प्राप्त संस्थाले शेयर खरिद गरेको वा राष्ट्र बैङ्क वा बैङ्क वा वित्तीय संस्थाले शेयर खरिद गरेको लघुवित्त संस्था वा पूर्वाधार विकास बैङ्कमा सञ्चालक मनोनित गर्न यस व्यवस्थाले बाधा पुन्याएको मानिने छैन","सञ्चालकको अयोग्यता : देहाय बमोजिमको व्यक्ति बैङ्क वा वित्तीय संस्थाको सञ्चालक हुन योग्य हुने छैन :- २५ वर्ष उमेर पूरा नगरेमा, विवेकहीन भएमा वा पागल भएमा, कर्जा चुक्ता गर्न नसक्ने गरी नेपालमा वा विदेशमा बैङ्क वा वित्तीय संस्थासँग गरिएको कुनै कारोबारको सम्बन्धमा कालो सूचीमा परेकोमा वा व्यतिक्रम गरेको भनी घोषणा गरेकोमा र त्यस्तो बैङ्क वा वित्तीय संस्थाको कर्जा चुक्ता नगरेमा कम्तीमा तीन वर्षको अवधि व्यतित भई सकेकोमा"
"While forming the committee or working group pursuant to sub-section (1), there shall be representation from within the Dalit Community; based on the principle of proportional representation, as enshrined in the Constitution.",उपदफा बमोजिम समिति वा कार्यदल गठन गर्दा संविधानमा व्यवस्था भए बमोजिम दलित समुदायभित्र पनि समानुपातिक समावेशी सिद्धान्तका आधारमा प्रतिनिधित्व हुनु पर्नेछ ।,उपदफा बमोजिम समिति वा कार्यदल गठन गर्दा संविधानमा व्यवस्था भए बमोजिम समानुपातिक प्रतिनिधित्वको सिद्धान्तको आधारमा दलित समुदायकोभित्रबाट प्रतिनिधित्व हुनु पर्नेछ।
To acquire education from convenient school: Every child shall have the right to acquire education up to the basic level or secondary level from the school which is convenient from the place of residence of his or her guardian,पायक पर्ने विद्यालयबाट शिक्षा प्राप्त गर्नेः प्रत्येक बालबालिकालाई निजको अभिभावकको बासस्थानबाट पायक पर्ने विद्यालयबाट आधारभूत तह वा माध्यमिक तहसम्मको शिक्षा प्राप्त गर्ने अधिकार हुनेछ,सुविधाजनक विद्यालयबाट शिक्षा प्राप्त गर्नेः प्रत्येक बालबालिकालाई आफ्नो अभिभावकको आवास स्थानबाट सुविधाजनक हुने विद्यालयबाट आधारभूत तह वा माध्यमिक तहसम्मको शिक्षा प्राप्त गर्ने अधिकार हुनेछ
The implementation of the provisions relating to the partnership and cooperation pursuant to sub-section shall be carried out pursuant to prevailing law,उपदफा बमोजिमको साझेदारी तथा सहकार्य सम्बन्धी व्यवस्थाको कार्यान्वयन प्रचलित कानून बमोजिम हुनेछ,उपदफा बमोजिमको साझेदारी तथा सहकार्य सम्बन्धी व्यवस्थाको कार्यान्वयन प्रचलित कानून बमोजिम गर्नु पर्नेछ
Hard of hearing: A person who needs a hearing device to hear or who can hear voice from sixty-five to eighty decibels.,"सुनाइ सम्बन्धी अपाङ्गता : सुनाइका अङ्गको बनावट एवं स्वरको पहिचान, स्थान, उतारचढाव तथा स्वरको मात्रा र गुण छुट्याउन नसक्ने।",सुस्त श्रवण : सुन्नको लागि श्रवण उपकरणको आवश्यकता भएको वा साठी डिसिबलदेखि अठार डिसिबल सम्मको स्वर सुन्न सक्ने व्यक्ति ।
Other matters relating to the provision of the specialist's services shall be as prescribed.,विशेषज्ञ सेवा उपलब्ध गराउने सम्बन्धी अन्य व्यवस्था तोकिए बमोजिम हुनेछ।,विशेषज्ञको सेवा प्रदान सम्बन्धी अन्य व्यवस्था तोकिए बमोजिम हुनेछ ।
"If a false result is given or negligence is found to have been made while testing the goods in the laboratory pursuant to sub-section (1), departmental action shall be taken against such an employee",उपदफा बमोजिम प्रयोगशालामा वस्तु परीक्षण गर्दा झुठा परिणाम दिएमा वा लापरबाही गरेको पाइएमा त्यस्तो कर्मचारीलाई कानून बमोजिम विभागीय कारबाही हुनेछ,उपदफा बमोजिम प्रयोगशालामा वस्तु परीक्षण गर्दा झुट्टा नतिजा दिइएको वा लापरवाही गरेको पाइएमा त्यस्तो कर्मचारी विरुद्ध विभागीय कारबाही हुनेछ
An argument from inconvenience avails much in law.,कानूनमा असुविधाबाट हुने तर्क प्रायः फाइदाजनक हुन्छ ।,असुविधाबाट व्युत्पन्न तर्क कानूनमा धेरै फाइदा हुन्छ ।
"Annual report: The Commission shall submit an annual report of the work and activities of the Commission to the President, within three months of the date of expiry of the fiscal year",वार्षिक प्रतिवेदनः आयोगले आफूले गरेको काम कारबाहीको वार्षिक प्रतिवेदन आर्थिक वर्ष समाप्त भएको मितिले तीन महिनाभित्र राष्ट्रपति समक्ष पेश गर्नु पर्नेछ,वार्षिक प्रतिवेदनः आयोगले आफूले गरेको काम कारबाहीको वार्षिक प्रतिवेदन आर्थिक वर्ष समाप्त भएको मितिले तीन महिनाभित्र राष्ट्रपति समक्ष पेश गर्नु पर्नेछ
A penal action doesn't lie against heirs unless he has been made wealthier (or taken advantage) by the act out of which the action arise.,कसैको छोराछोरीलाई कानून बमोजिमको धन वा सम्पत्ति नदिएमा अदालतले उजुरी गर्न सक्ने व्यवस्था,हकवालाको विरुद्ध कुनै फौजदारी कारबाही चल्दैन जबसम्म हकवालालाई जुन कार्यबाट कारबाही चलाइएको हो त्यस्तो कार्यबाट धनी भएको (वा फाइदा लिने) छैन ।
"In the case of the commission of any act referred to in clause or of sub-section of Section 66, a fine of up to one hundred fifty thousand rupees and imprisonment for up to fifteen years",दफा ६६ को उपदफा को खण्ड वा बमोजिमको कुनै कार्य गरेमा एक लाख पचास हजार रूपैयाँसम्म जरिबाना र पन्ध्र वर्षसम्म कैद,दफा ६६ को उपदफा को खण्ड वा बमोजिमको कार्य गरेमा एक लाख पचास हजार रूपैयाँसम्म जरिबाना र पन्ध्र वर्षसम्म कैद
"""Voluntary Liquidation"" means a situation in which a bank or financial institution initiates voluntary liquidation pursuant to Chapter 11","""स्वेच्छिक खारेजी"" भन्नाले परिच्छेद-११ बमोजिम बैङ्क वा वित्तीय संस्थाको स्वेच्छिक खारेजी हुने अवस्था सम्झनु पर्छ",स्वेच्छिक खारेजी” भन्नाले बैङ्क वा वित्तीय संस्थाले परिच्छेद ११ बमोजिम स्वेच्छिक खारेजी प्रारम्भ गरेको अवस्था सम्झनु पर्छ
The Provincial Government may frame necessary rules in order to make the activities relating to market monitoring systematic and effective pursuant to Section 27,दफा २७ बमोजिम बजार अनुगमन सम्बन्धी कार्यलाई व्यवस्थित र प्रभावकारी बनाउन प्रदेश सरकारले आवश्यक नियम बनाउन सक्नेछ,दफा २७ बमोजिम बजार अनुगमन सम्बन्धी काम कारबाहीलाई व्यवस्थित र प्रभावकारी बनाउन प्रदेश सरकारले आवश्यक नियम बनाउन सक्नेछ
Equally.,समान कारणबाट ।,समान रुपमा ।
The unwritten law.,अलिखित कानून (लिखित कानून बाहेकको कानून) ।,बेलेखिएको कानून ।
The rules made pursuant to sub-section shall come into force from the date of publication in the Nepal Gazette,उपदफा बमोजिम आयोगले बनाएको नियम नेपाल राजपत्रमा प्रकाशन भएको मितिबाट प्रारम्भ हुनेछ,उपदफा बमोजिम बनेको नियम नेपाल राजपत्रमा प्रकाशन भएको मितिबाट प्रारम्भ हुनेछ
"Punishment: If any person commits the following offence, the Labor and Employment Office shall punish such a person or institution with the following punishment, according to the degree of offence: A fine of twenty-five thousand rupees in the case of the commission of the offence referred to in clause of Section 25.",सजाय: कसैले देहाय बमोजिमको कस्र गरेमा त्यस्तो कस्र गर्ने व्यक्ति वा संस्थालाई श्रम तथा रोजगार कार्यालयले कस्रको मात्रा हेरी देहाय बमोजिमको सजाय गर्नेछः- दफा २५ को खण्ड बमोजिमको कसूर गर्नेलाई पच्चीस हजार रुपैयाँ जरिवाना।,सजायः कसैले देहाय बमोजिमको कसूर गरेमा श्रम तथा रोजगार कार्यालयले त्यस्तो व्यक्ति वा संस्थालाई कसूरको मात्रा अनुसार देहाय बमोजिमको सजाय हुनेछः- दफा २५ को खण्ड बमोजिमको कसूर गरेमा पच्चीस हजार रुपैयाँ जरिबाना।
"Establishment, Constitution, Functions, Duties and Powers of the Council Establishment of Council: There shall be established a Council of the Animal Health and Livestock Service Professionlas to register names of animal heath and livestock service professionals in accordance with the provincial law in order to make animal health and livestock service profession orderly, high quality and dignified, except for registered veterinarians and can be registered with the Nepal Veterinary Council","परिषदको स्थापना, गठन, काम, कर्तव्य र अधिकार परिषद्को स्थापनाः प्रचलित कानून बमोजिमको नेपाल पशु चिकित्सा परिषद्मा नाम दर्ता भएका र दर्ता हुन योग्य पशु चिकित्सक बाहेकका णशु स्वास्थ्य तथा पशु सेवा व्यवसायीहरुको सेवा र व्यवसायलाई व्यवस्थित, गुणस्तरीय एवं मर्यादित बनाउन पशु स्वास्थ्य तथा पशु सेवा व्यवसायीको योग्यता अनुसार प्रदेश कानून बमोजिम नाम दर्ता गर्ने समेतको व्यवस्था गर्न पशु स्वास्थ्य तथा पशु सेवा व्यवसायी परिषद्को स्थापना हुनेछ","परिषद्को स्थापना, संविधान, काम, कर्तव्य र अधिकार परिषद्को स्थापनाः पशु स्वास्थ्य तथा पशु सेवा व्यवसायीको नाम दर्ता गर्ने गरी पशु स्वास्थ्य तथा पशु सेवा व्यवसायलाई व्यवस्थित, उच्च गुणस्तर तथा मर्यादित बनाउनका लागि पशु स्वास्थ्य तथा पशु सेवा व्यवसायीको नाम दर्ता नगराई नेपाल पशु स्वास्थ्य तथा पशु सेवा परिषद्मा दर्ता हुन सक्ने पशु स्वास्थ्य तथा पशु सेवा व्यवसायीको नाम दर्ता गर्ने पशु स्वास्थ्य तथा पशु सेवा व्यवसायी परिषद्को स्थापना हुनेछ"
"If the Rastra Bank deems appropriate, upon carrying out inquiry into the application and details enclosed with the application as set forth in Sub-Section , to convert a bank or financial institution as a bank or financial institution of a higher class, it may grant prior approval subject to the following terms and conditions:- That it has made payment of the paid up capital requirement for a bank or financial institution of a higher class as prescribed by the Rastra Bank, That it has been continuously maintaining the capital fund adequacy according to the Rastra Bank directives for the last five years, that it is in profit continuously for the last five years, and the average non-performing loans of the last five years are a within the limits as prescribed by the Rastra Bank, That the preliminary expenses have already been written off, That the shares to be issued publicly have been issued and already been allotted, That the General Meeting has already passed a special resolution for conversion into an upper class bank or financial institution, That it has met all the conditions as prescribed by the Rastra Bank","उपदफा बमोजिमको निवेदन र सो साथ संलग्न विवरणहरुको जाँचबुझ गर्दा राष्ट्र बैङ्कले त्यस्तो वित्तीय संस्थालाई एक तह माथिल्लो वर्गको बैङ्क वा वित्तीय संस्थामा परिणत गर्न उपयुक्त हुने देखेमा देहायका कुराहरुको अधीनमा रही पूर्व स्वीकृति दिन सक्नेछ :- माथिल्लो वर्गको बैङ्क वा वित्तीय संस्थाका लागि राष्ट्र बैङ्कले तोके बमोजिमको चुक्ता पूँजी पूरा भएको, विगत पाँच वर्षदेखि लगातार राष्ट्र बैङ्को निर्देशन बमोजिमको पूँजीकोष पर्याप्तता कायम रहेको, लगातार पाँच वर्ष नाफामा रहेको र विगत पाँच वर्षको औसत निष्क्रिय कर्जा राष्ट्र बैङ्कले तोकेको सीमाभित्र रहेको, प्रारम्भिक खर्च अपलेखन गरिसकेको, सार्वजनिक रुपमा निष्काशन गर्नु पर्ने शेयरको निष्काशन भई बाँडफाँट भइसकेको, माथिल्लो वर्गको बैङ्क वा वित्तीय संस्थामा परिणत हुन साधारण सभाले विशेष प्रस्ताव पारित गरेको, राष्ट्र बैङ्कले तोकेको अन्य सबै शर्त पूरा गरेको","उपदफा बमोजिमको निवेदन र सो साथ संलग्न विवरणको जाँचबुझ गरी बैङ्क वा वित्तीय संस्थालाई माथिल्लो वर्गको बैङ्क वा वित्तीय संस्थामा परिणत गर्न राष्ट्र बैङ्कले उपयुक्त ठहन्याएकोमा देहायको शर्तको अधीनमा रही पूर्व स्वीकृति दिन सक्नेछ :- राष्ट्र बैङ्कले तोके बमोजिम माथिल्लो वर्गको बैङ्क वा वित्तीय संस्थाको चुक्ता पूँजीको आवश्यकता पूरा गरेको, राष्ट्र बैङ्कको निर्देशन बमोजिम पूँजीकोषको पर्याप्तता कायम गरेको"
To be free from the hunger.,भोकबाट मुक्त हुने।,भोकमरीबाट मुक्त हुने ।
"“Person Involving in Self-Employment” means the professionals including engineer, medical practitioner, legal practitioner, auditor earning income by carrying out business or profession in private sector or the employee relating to those professionals and the term shall also denotes the person involving in foreign employment, person working temporary or service contract basis, domestic worker, farmer, labor working in unorganized sector, labor of tea estate and employee working in cooperative institution.","“स्वरोजगारमा संलग्न व्यक्ति” भन्नाले निजी रुपमा सञ्चालित व्यवसाय वा रोजगारीबाट आय आर्जन गर्ने इन्जिनियर, चिकित्सक, कानून व्यवसायी, लेखापरीक्षक लगायतका पेशा व्यवसाय गर्ने व्यक्ति वा निजसँग सम्बद्ध कर्मचारी सम्झनु पर्छ र सो शब्दले वैदेशिक रोजगारमा संलग्न व्यक्ति, अस्थायी वा सेवा करारमा कार्यरत व्यक्ति, घरेलु कामदार, कृषक, असङ्गठित क्षेत्रमा कार्यरत श्रमिक, चिया बगानका श्रमिक तथा सहकारी संघ संस्थामा कार्यरत कर्मचारी समेतलाई जनाउँछ ।","“स्वोजगारमा संलग्न व्यक्ति” भन्नाले इन्जिनियर, चिकित्सक, कानून व्यवसायी, निजी क्षेत्रमा व्यवसाय वा व्यवसाय गरी आय प्राप्त गर्ने लेखापरीक्षक वा सो बाहेकका कर्मचारी समेतलाई सम्झनु पर्छ र सो शब्दले विदेशी रोजगारीमा संलग्न व्यक्ति, अस्थायी वा सेवा करारको आधारमा काम गर्ने व्यक्ति, घरेलु कामदार, किसान, सङ्गठित क्षेत्रमा काम गर्ने श्रमिक, चहाबारीको श्रम तथा सहकारी संस्थामा काम गर्ने कर्मचारी समेतलाई जनाउनेछ ।"
"Secretary, Ministry of Health and Population -Chairperson Joint-secretary, Ministry of Women, Children and Senior Citizens -Member Joint-Secretary, Ministry of Education, Science and Technology -Member Director General, Department of Health Services -Member Representative, Nepal Medical Council -Member Representative, Nepal Nursing Council -Member Representative, Nepal Health Professional Council -Member Legal Officer, Ministry of Health and Population -Member Two representatives including one woman nominated by the Ministry from among the professional institutions/persons conducting studies and research or extending service in the field of reproductive health and right to reproduction -Member One representative of Nepal Health Volunteers Association designated by the Ministry -Member Director, Family Welfare Division, Health Service Department -Member-secretary The Coordination Committee may invite the expert engaged in the sector of reproductive health and right to reproduction to the meeting as required,the procedures relating to the meeting of the Committee shall be as determined by the Committee itself","स्वास्थ्य तथा जनसङ्ख्या मन्त्रालयका सचिव -अध्यक्ष महिला, बालबालिका तथा जेष्ठ नागरिक मन्त्रालयका सहसचिव -सदस्य शिक्षा, विज्ञान तथा प्रविधि मन्त्रालयका सहसचिव - सदस्य महानिर्देशक, स्वास्थ्य सेवा विभाग -सदस्य प्रतिनिधि, नेपाल मेडिकल काउन्सिल -सदस्य प्रतिनिधि, नेपाल नर्सिङ्ग परिषद्‌ -सदस्य प्रतिनिधि, नेपाल स्वास्थ्य व्यवसायी परिषद्‌ -सदस्य कानून अधिकृत, स्वास्थ्य तथा जनसङ्ख्या मन्त्रालय - सदस्य प्रजनन स्वास्थ्य तथा प्रजनन अधिकारको क्षेत्रमा अध्ययन अनुसन्धान वा सेवा प्रदान गरिरहेका पेशागत संस्था/व्यक्तिहरु मध्येबाट एक महिला सहित मन्त्रालयबाट मनोनित प्रतिनिधि दुई जना सदस्य मन्त्रालयले तोकेको नेपाल स्वास्थ्य स्वयंसेविका सङ्घको प्रतिनिधि एक जना -सदस्य निर्देशक, परिवार कल्याण महाशाखा, स्वास्थ्य सेवा विभाग सदस्य-सचिव समन्वय समितिले प्रजनन स्वास्थ्य तथा प्रजनन अधिकारको क्षेत्रमा कार्यरत विशेषज्ञलाई आवश्यकता अनुसार बैठकमा आमन्त्रण गर्न सक्नेछ,समितिको बैठक सम्बन्धी कार्यविधि समिति आफैंले निर्धारण गरे बमोजिम हुनेछ","सचिव, स्वास्थ्य तथा जनसंख्या मन्त्रालय - अध्यक्ष संयुक्त सचिव, महिला, बालबालिका तथा समाज कल्याण मन्त्रालय - सदस्य संयुक्त सचिव, शिक्षा, विज्ञान तथा प्रविधि मन्त्रालय - सदस्य महानिर्देशक, स्वास्थ्य सेवा विभाग - सदस्य नेपाल मेडिकल परिषद्को प्रतिनिधि - सदस्य नेपाल नर्सिङ्ग परिषद्को प्रतिनिधि - सदस्य नेपाल स्वास्थ्य व्यावसायिक परिषद्को प्रतिनिधि - सदस्य कानूनी अधिकृत, स्वास्थ्य तथा जनसंख्या मन्त्रालय - सदस्य अध्ययन, अनुसन्धान वा सेवा विस्तार गर्ने व्यावसायिक संस्थाहरुमध्येबाट मन्त्रालयले मनोनयन गरेको एक जना महिला सहित दुई जना प्रतिनिधि"
"The Commission shall have to get the approval of the *Government of Nepal, Ministry of Finance, while making rules pursuant to subsection (1), on matters that impose financial burden or liability to the Government of Nepal.","उपदफा बमोजिम बनाउने नियममा नेपाल सरकारलाई आर्थिक भार वा दायित्व पर्ने विषय समावेश भएमा आयोगले “नेपाल सरकार, अर्थ मन्त्रालयको सहमति लिनु पर्नेछ ।","उपदफा बमोजिम बनाउने नियममा नेपाल सरकारलाई आर्थिक भार वा दायित्व पर्ने विषय समावेश भएमा आयोगले नेपाल सरकार, अर्थ मन्त्रालयको सहमति लिनु पर्नेछ ।"
"To provide employment information: The Employment Service Center shall provide information, relating to the availability of laborers required for the employers, and employment opportunity for the listed unemployed person, within its jurisdiction.",रोजगार सूचना उपलब्ध गराउनेः रोजगार सेवा केन्द्रले आफ्नो क्षेत्रभित्रका रोजगारदाताहरूका लागि आवश्यक श्रमिकहरूको उपलब्धता र सूचीकृत बेरोजगार व्यक्तिका लागि रोजगारीका अवसर सम्बन्धी सूचना उपलब्ध गराउनु पर्नेछ।,रोजगार सूचना उपलब्ध गराउनु पर्ने : रोजगार सेवा केन्द्रले रोजगारदाताको लागि आवश्यक पर्ने श्रमिकको उपलब्धता तथा आफ्नो क्षेत्रभित्रको सूचीकृत बेरोजगार व्यक्तिको रोजगार अवसर सम्बन्धी सूचना उपलब्ध गराउनु पर्नेछ ।
To injure.,आक्रमण पुर्याउने काम ।,चोट पुच्याउने ।
"Amended by The Act Amending Some Nepal Acts 2075 Work, performance of the Commission not to be interrupted: The vacancy of posts of the Chairperson and/or any Member shall not interrupt the works of the Commission",आयोगको काम कारबाहीमा बाधा नपर्ने: कुनै सदस्यको स्थान रिक्त रहेको कारणले मात्र आयोगको काम कारबाहीमा बाधा पर्ने छैन,आयोगको काम कारबाहीमा बाधा नपर्ने : कुनै सदस्यको स्थान रिक्त रहेको कारणले मात्र आयोगको काम कारबाहीमा बाधा पर्ने छैन
"If a bank or financial institution buys back its own shares pursuant to Sub-Section , it shall cancel the shares so bought back within one hundred twenty days of the date of such a buy-back",उपदफा बमोजिम बैङ्क वा वित्तीय संस्थाले आफ्नो शेयर आफैले खरिद गरेकोमा आफूले खरिद गरे जति शेयर त्यसरी खरिद गरेको मितिले एक सय बीस दिनभित्र रह गरिसक्नु पर्नेछ,उपदफा बमोजिम बैङ्क वा वित्तीय संस्थाले आफ्नो शेयर आफैले खरिद गरेमा त्यस्तो शेयर आफैले खरिद गरेको मितिले एकसय बीस दिनभित्र बदर गर्नु पर्नेछ
The report submitted pursuant to sub-section shall be submitted to the Provincial Assembly through the Chief Minister,स्थानीय तहको लेखापरीक्षणः प्रत्येक गाउँपालिका र नगरपालिकाले महालेखापरीक्षकबाट लेखापरीक्षण गराउनु पर्नेछ,उपदफा बमोजिमको प्रतिवेदन मुख्य मन्त्री मार्फत प्रदेश सभामा पेश गर्नु पर्नेछ
On sharing of natural resources and their benefits.,प्राकृतिक स्रोत तथा त्यसको लाभको बाँडफाँट गर्दा ।,प्राकृतिक स्रोत तथा त्यसको लाभको बाँडफाँट।
Government of Nepal to be plaintiff: The Government of Nepal shall be the plaintiff of the cases under this Act.,नेपाल सरकार बादी हुने : यस ऐन अन्तर्गतको मुद्दा नेपाल सरकार बादी हुनेछ।,नेपाल सरकार वादी हुनेः यस ऐन अन्तर्गतको मुद्दाको वादी नेपाल सरकार हुनेछ ।
Things which are done contrary to the custom and manner of our ancestors neither please nor seem right.,परम्परा र हाम्रा पिता पुर्खाको व्यवहार प्रतिकूल भएका विषय न शोभनीय हुन्छन् न त उपयुक्त नै मानिन्छन् ।,"जुन काम पूर्वजको रीतिरिवाज र व्यवहार विपरीत गरिएको हुन्छ, त्यस्तो काम राम्रो हुने छैन र राम्रो देखिँदैन ।"
"The meeting of the Council shall be convened at least twice a year, and the interval between the two meetings shall not be more than six months",परिषद्को बैठक वर्षमा कम्तीमा दुई पटक बस्नेछ र दुई बैठक बीचको अवधि छ महिनाभन्दा बढी हुने छैन,परिषद्को बैठक वर्षको कम्तीमा दुई पटक बस्नेछ र दुई पटक बस्ने अवधि छ महिनाभन्दा बढी हुने छैन
Other provisions regarding buy-back of its own shares by a bank or financial institution shall be as prescribed by the Rastra Bank,बैङ्क वा वित्तीय संस्थाले आफ्नो शेयर आफैले खरिद गर्ने सम्बन्धी अन्य व्यवस्था राष्ट्र बैङ्कले तोके बमोजिम हुनेछ,बैङ्क वा वित्तीय संस्थाले आफ्नो शेयर आफै खरिद गर्ने सम्बन्धी अन्य व्यवस्था राष्ट्र बैङ्कले तोके बमोजिम हुनेछ
"Because, it issued mistakenly.",भुलवस जारी भएकोले । (कुनै रिट भुलवस जारी भएको अवस्थामा सो खारेज र बदर गर्न जारी हुने आधार ।),किनकि गलत तरिकाले जारी गरिएको ।
"""School"" means a school with public or private investment, that is operated upon being established pursuant to the prevailing law, and this term also refers to any community or institutional school existing under the prevailing law at the time of the commencement of this Act",“विद्यालय” भन्नाले प्रचलित कानून बमोजिम स्थापना भई सञ्चालन भएको सार्वजनिक वा निजी लगानीका विद्यालय सम्झनु पर्छ र सो शब्दले यो ऐन प्रारम्भ हुँदाका बखत प्रचलित कानून बमोजिम कायम रहेका सामुदायिक वा संस्थागत विद्यालयलाई समेत जनाउँछ,“शाखा” भन्नाले प्रचलित कानून बमोजिम स्थापना भई सञ्चालनमा रहेका सार्वजनिक वा निजी लगानीको विद्यालय सम्झनु पर्छ र सो शब्दले यो ऐन प्रारम्भ हुँदाका बखत प्रचलित कानून बमोजिम विद्यमान कुनै सामुदायिक वा संस्थागत विद्यालयलाई समेत जनाउँछ
"Qualified and capable children shall be admitted to the seats reserved pursuant to sub-section on the ground of competition among the groups prescribed, in accordance with the selection procedures as adopted",उपदफा बमोजिम आरक्षण गरिएको स्थानमा छनौट कार्यविधि अवलम्बन गरी तोकिएका समूहबीचको प्रतिस्पर्धाको आधारमा योग्य र सक्षम बालबालिकालाई भर्ना गर्नु पर्नेछ,उपदफा बमोजिम आरक्षण गरिएको स्थानमा तोकिए बमोजिमका समूहहरूबीच प्रतिस्पर्धाको आधारमा अवलम्बन भएको छनौट कार्यविधि बमोजिम योग्यतायुक्त र योग्य बालबालिकाहरू भर्ना गरिनेछ
This Act shall commence at once,यो ऐन तुरुन्त प्रारम्भ हुनेछ,यो ऐन तुरुन्त प्रारम्भ हुनेछ
"Upon receipt of a petition referred to in sub-section, the complaint hearing authority shall enforce such a decision or conciliation in accordance with the prevalent laws",उपदफा बमोजिम निवेदन पर्न आएमा उजूरी सुन्ने अधिकारीले प्रचलित कानून बमोजिम त्यस्तो फैसला वा मिलापत्रको कार्यान्वयन गराईदिनु पर्नेछ,उपदफा बमोजिमको निवेदन प्राप्त हुन आएमा उजूरी सुन्ने अधिकारीले त्यस्तो निर्णय वा मिलापत्र प्रचलित कानून बमोजिम कार्यान्वयन गर्नु पर्नेछ
"It holds good, according to natural law, that all men are equal.","प्राकृतिक कानून बमोजिम यो निष्कर्ष गरिन्छ कि, सम्पूर्ण मानिस (व्यक्ति) समान हुन्छन् ।",स्वाभाविक कानून बमोजिम सबै व्यक्ति समान भएको कुरा असल कुरा हो ।
"Formation of the Juvenile Court: The Government of Nepal may, on recommendation of the Judicial Council, form the required number of Juvenile Courts to originally proceed, try and settle the offence committed by the children","बाल अदालतको गठन: बालबालिकाले गरेको कसूरजन्य कार्यको शुरू कारबाही, सुनुवाइ र किनारा गर्न नेपाल सरकारले न्याय परिषद्को सिफारिसमा आवश्यक संख्यामा बाल अदालत गठन गर्न सक्नेछ","बाल अदालतको गठनः बालबालिकाले गरेको कसूरको प्रारम्भिक कारबाही, कारबाही र किनारा गर्न न्याय परिषदको सिफारिसमा नेपाल सरकारले आवश्यक सङ्ख्याको बाल अदालत गठन गर्न सक्नेछ"
"The Chief Executive of any bank or financial institution shall not perform business as the Chief Executive, office bearer, employee or holds any other position in any other business organization: Provided that nothing in this Sub-Clause prevents from becoming a Director of an Infrastructure Development Bank in which the bank or financial institution has made investment","कुनै बैङ्क वा वित्तीय संस्थाको कार्यकारी प्रमुख अर्को कुनै व्यावसायिक संस्थामा कार्यकारी प्रमुख, पदाधिकारी, कर्मचारी वा अन्य कुनै पदमा रही काम गर्न पाउने छैन तर बैङ्क वा वित्तीय संस्थाले पूर्वाधार विकास बैङ्कमा लगानी गरेको अवस्थामा सो विकास बैङ्कको सञ्चालक हुन यस उपदफाले बाधा पुन्याएको मानिने छैन","कुनै बैङ्क वा वित्तीय संस्थाको कार्यकारी प्रमुखले कार्यकारी प्रमुख, पदाधिकारी, कर्मचारी वा अन्य कुनै व्यवसाय संस्थामा अन्य कुनै पदमा काम गर्न पाउने छैन तर यस उपदफामा लेखिएको कुनै कुराले त्यस्तो बैङ्क वा वित्तीय संस्थाले लगानी गरेको पूर्वाधार विकास बैङ्कको सञ्चालक हुनबाट रोक लगाउने छैन"
Legal or lawful action.,कानून सम्मत कार्य ।,कानूनी वा कानूनसमत कारबाही ।
The law favors those who are vigilant.,कानूनले सचेत व्यक्तिलाई सहयोग गर्दछ ।,कानूनले सजग व्यक्तिलाई प्राथमिकता दिन्छ ।
Local Level means the Rural Municipality or Municipality.,“स्थानीय तह” भन्नाले गाउँपालिका वा नगरपालिका सम्झनु पर्छ ।,स्थानीय तह भन्नाले गाउँ नगरपालिका वा नगरपालिका सम्झनु पर्छ ।
"The Judicial Council shall, on the basis of workload, determine the number of Judges to be remained in each District Court subject to the total number of post of Judges in accordance with Sub-Section and the number of District Judges determined so may be altered on the basis of workload",न्याय परिषदले उपदफा बमोजिम कायम भएको कूल दरबन्दीको अधीनमा रही कार्यबोझ अनुसार प्रत्येक जिल्ला अदालतमा रहने न्यायाधीशको सङ्ख्या निर्धारण गर्नेछ र त्यसरी निर्धारण गरेको न्यायाधीशको सङ्ख्या कार्यबोझको आधारमा थपघट गर्न सक्नेछ,उपदफा बमोजिमको न्यायाधीशको कुल पद सङ्ख्याको अधीनमा रही न्याय परिषदले कार्यloadको आधारमा प्रत्येक जिल्ला अदालतमा रहने न्यायाधीशको सङ्ख्या निर्धारण गर्नेछ र कार्यloadको आधारमा तोकिए बमोजिमको जिल्ला न्यायाधीशको सङ्ख्यामा हेरफेर गर्न सकिनेछ
"Delegation of Power: The Commission may delegate some authority accorded to it by this Act, as per necessity, with set conditions for its use and adherence, to the Chairperson, Member, Government of Nepal, State Government, official employee of any agency or Local Government","अघ्चिकार प्रत्यायौजन: आयोगले यस ऐन बमोजिम आफूलाई प्राप्त अधिकारमध्ये आवश्यकता अनुसार कुनै अधिकार तोकिएको शर्तको अधीनमा रही प्रयोग र पालना गर्ने गरी अध्यक्ष, सदस्य, नेपाल सरकार, प्रदेश सरकार, कुनै निकाय वा स्थानीय सरकारको कुनै अधिकृत कर्मचारीलाई प्रत्यायोजन गर्न सक्नेछ","अधिकार प्रत्यायोजनः आयोगले यस ऐन बमोजिम आफूलाई प्राप्त अधिकारमध्ये आवश्यकता अनुसार कुनै अधिकार तोकिएको शर्तको अधीनमा रही प्रयोग र पालना गर्ने गरी अध्यक्ष, सदस्य, नेपाल सरकार, प्रदेश सरकार, कुनै निकाय वा स्थानीय सरकारको कुनै अधिकृत कर्मचारीलाई प्रत्यायोजन गर्न सक्नेछ"
The Government of Nepal shall have to publish the notice of the matters of the standards or quality of any goods or service determined pursuant to sub-section in the Nepal Gazette,उपदफा बमोजिम कुनै वस्तु वा सेवाको गुणस्तरको मापदण्ड निर्धारण गरेको विषयको सूचना नेपाल सरकारले नेपाल राजपत्रमा प्रकाशन गर्नु पर्नेछ,उपदफा बमोजिम निर्धारण भएको कुनै वस्तु वा सेवाको मापदण्ड वा गुणस्तरको विषयको सूचना नेपाल सरकारले नेपाल राजपत्रमा प्रकाशन गर्नु पर्नेछ
"Notwithstanding anything contained in sub-section (2), the scholarship which is being provided by any school at the time of the commencement of this Act must not be reduced",उपदफा मा जुनसुकै कुरा लेखिएको भए तापनि यो दफा प्रारम्भ हुँदाका बखत कुनै विद्यालयले उपलव्ध गराउँदै आएको छात्रवृत्ति घटाउन पाइने छैन,उपदफा मा जुनसुकै कुरा लेखिएको भए तापनि यो ऐन प्रारम्भ हुँदाका बखत कुनै विद्यालयले प्रदान गरेको छात्रवृत्तिमा कटौती गर्नु हुँदैन
"Definitions: Unless the subject or the context otherwise requires, in this Act, - ""Chairperson"" means the Chairperson of the Commission and the word also includes the member working as the Acting Chairperson","परिभाषा: विषय वा प्रसङ्गले अर्को अर्थ नलागेमा यस ऐनमा,- “अध्यक्ष” भन्नाले आयोगको अध्यक्ष सम्झनु पर्छ र सो शब्दले कार्यबाहक अध्यक्षलाई समेत जनाउँछ","परिभाषा: विषय वा प्रसङ्गले अर्को अर्थ नलागेमा यस ऐनमा,- “अध्यक्ष” भन्नाले आयोगको अध्यक्ष सम्झनु पर्छ र सो शब्दले कार्यवाहक अध्यक्षलाई समेत जनाउँछ"
For avoiding.,हटाउने ।,दुरुत्साहनको लागि ।
The decision made by the Labor Court pursuant to sub-section shall be final.,उपदफा बमोजिम श्रम अदालतबाट भएको निर्णय अन्तिम हुनेछ।,उपदफा बमोजिम श्रम अदालतले गरेको निर्णय अन्तिम हुनेछ ।
"A director, office bearer or employee of any bank or financial institution who is removed or dismissed from his position shall not be eligible to become a director, office bearer or employee of any other bank or financial institution until a period of five years is expired from the date of such actions taken or until, if he or she has filed an appeal at the court, until the exoneration by the court","पदबाट हटाइएको वा बर्खास्त गरिएको कुनै बैङ्क वा वित्तीय संस्थाको सञ्चालक, पदाधिकारी वा कर्मचारी त्यस्तो कारबाही भएको मितिले पाँच वर्ष नपुगेसम्म वा निजले अदालतमा पुनरावेदन गरेको भएमा सो अदालतबाट सफाइ नपाएसम्म कुनै बैङ्क वा वित्तीय संस्थाको सञ्चालक, पदाधिकारी वा कर्मचारी भई काम कारबाही गर्न सक्ने छैन","कुनै बैङ्क वा वित्तीय संस्थाको सञ्चालक, पदाधिकारी वा कर्मचारीबाट हटाइएको वा पदबाट हटाइएको व्यक्ति त्यस्तो काम कारबाही भएको मितिले पाँच वर्ष पूरा नभएसम्म वा अदालतमा पुनरावेदन दायर गरेको भए अदालतबाट छुट नभएसम्म अन्य कुनै बैङ्क वा वित्तीय संस्थाको सञ्चालक, पदाधिकारी वा कर्मचारी हुन सक्ने छैन"
One who is learning legal practice.,कानूनी व्यवसाय सिकिरहेको व्यक्ति ।,कानून व्यवसायको अध्ययन गर्ने व्यक्ति ।
All amounts received by the Fund.,कोषलाई प्राप्त भएका सबै रकमहरु ।,कोषबाट प्राप्त सबै रकम ।
Details of complaints filed with the Commission and the decisions taken and orders given with regards to them by the Commission.,आयोगमा परेका उजुरीको विवरण तथा त्यस्तो उजुरी उपर आयोगले गरेको निर्णय तथा आदेशको विवरण।,आयोगमा परेको उजूरको विवरण तथा आयोगले त्यस्तो उजूरको सम्बन्धमा गरेको निर्णय तथा आदेश ।
Every Nepali community residing in Nepal shall have the right to acquire education in the mother tongue,नेपालमा बसोबास गर्ने प्रत्येक नेपाली समुदायलाई मातृभाषामा शिक्षा प्राप्त गर्ने अधिकार हुनेछ,नेपालमा बसोबास गर्ने प्रत्येक नेपाली समुदायलाई मातृभाषामा शिक्षा प्राप्त गर्ने अधिकार हुनेछ
"If the amount payable within the time limit as referred to in Sub-Section is not paid, the said amount shall be recovered as government due from any account of such a Director, office bearer or employee or from the account of any of his/her family members that has been kept at any bank or financial institution or from any movable or immovable property belonging to him or her or his or her family member","उपदफा बमोजिमको अवधिभित्र नतिरे नबुझाएमा त्यस्तो सञ्चालक, पदाधिकारी वा कर्मचारी वा निजको परिवारको नाममा रहेको कुनै बैङ्क वा वित्तीय संस्थाको खाता वा निज वा निजको परिवारको कुनै पनि चल अचल सम्पत्तिबाट सरकारी बाँकी सरह असुल उपर गरिनेछ","उपदफा बमोजिमको अवधिभित्र तिर्नु पर्ने रकम चुक्ता नगरेमा त्यस्तो सञ्चालक, पदाधिकारी वा कर्मचारीको कुनै खाताबाट वा त्यस्तो सञ्चालक, पदाधिकारी वा कर्मचारीको कुनै बैङ्क वा वित्तीय संस्थामा रहेको कुनै पनि परिवारको सदस्यको खाताबाट वा निज वा निजको परिवारको सदस्यको स्वामित्वमा रहेको कुनै पनि चल अचल सम्पत्तिबाट त्यस्तो रकम सरकारी रकम सरह असूल उपर गरिनेछ"
"Dispute resolution: Regarding the use of the housing facility provided under this Act, if any dispute, excluding the title, arises between the persons and families settled in such housing, the local Judicial Committee shall have the authority to deal with such a dispute",बिबादको समाधान; यस ऐन बमोजिम उपलब्ध गराइएको आवास सुविधाको उपभोग गर्ने सम्बन्धमा त्यस्तो आवासमा बसोबास गर्ने व्यक्ति तथा परिवारहरूबीच भएको हक बेहक सम्बन्धी बाहेकको कुनै विवाद उत्पन्न भएमा त्यस्तो विवाद हेर्ने अधिकार स्थानीय न्यायिक समितिलाई हुनेछ,विवाद समाधान : यस ऐन बमोजिम उपलब्ध गराइएको आवास सुविधाको प्रयोगको सम्बन्धमा त्यस्तो आवासमा बसोबास गर्ने व्यक्ति तथा परिवारबीच हक बाहेक कुनै विवाद उत्पन्न भएमा त्यस्तो विवाद समाधान गर्ने अधिकार स्थानीय न्यायिक समितिलाई हुनेछ
"If there is any liability of a Director, Chief Executive, office bearer, employee or shareholder of the bank or financial institution or other person under this Act or other prevailing laws, such liability shall continue to remain as it is","बैङ्क वा वित्तीय संस्थाको बाध्यात्मक खारेजीले सो बैङ्क वा वित्तीय संस्थाको कुनै सञ्चालक, कार्यकारी प्रमुख, पदाधिकारी, कर्मचारी, सोको शेयरधनी वा अन्य व्यक्तिको यस ऐन वा प्रचलित कानून बमोजिमको कुनै दायित्व भए त्यस्तो दायित्व कायम नै रहनेछ","बैङ्क वा वित्तीय संस्थाको सञ्चालक, कार्यकारी प्रमुख, पदाधिकारी, कर्मचारी वा शेयरधनी वा यस ऐन वा अन्य प्रचलित कानून बमोजिम अन्य कुनै व्यक्तिको दायित्व भएमा त्यस्तो दायित्व कायम रहनेछ"
"The provisions relating to other functions, duties and powers of the Inspection Officer and the implementation of the report furnished by the Inspection Officer shall be as prescribed","निरीक्षण अधिकृतको अन्य काम, कर्तव्य र अधिकार तथा निरीक्षण अधिकृतले दिएको प्रतिवेदन कार्यान्वयन सम्बन्धी व्यवस्था तोकिए बमोजिम हुनेछ","निरीक्षण अधिकृतको अन्य काम, कर्तव्य र अधिकार सम्बन्धी व्यवस्था र निरीक्षण अधिकृतले दिएको प्रतिवेदनको कार्यान्वयन सम्बन्धी व्यवस्था तोकिए बमोजिम हुनेछ"
"The Member or Justice, as per the Sub-Section shall submit the initial enquiry report with his her opinion before the Judicial Council within the period as prescribed by the Judicial Council",उपदफा बमोजिम तोकेको सदस्य वा न्यायाधीशले न्याय परिषदले तोकेको अवधिभित्र आफ्नो राय सहितको प्रारम्भिक छानबिन प्रतिवेदन न्याय परिषदमा पेश गर्नु पर्नेछ,उपदफा बमोजिमको सदस्य वा न्यायाधीशले आफ्नो राय सहित प्रारम्भिक जाँचबुझ प्रतिवेदन न्याय परिषदले तोकेको अवधिभित्र न्याय परिषद समक्ष पेश गर्नु पर्नेछ
"Power to send for implementation in writing: If the Commission finds that any agency or official has not made available necessary assistance to the Commission, it may write to the higher agency or official above such agency or official for assistance in the matter",कार्यान्वयनका लागि लेखी पठाउन सक्ने : कुनै निकाय वा पदाधिकारीले आयोगलाई आवश्यक सहयोग उपलब्ध नगराएमा आयोगले सहयोगको लागि त्यस्तो निकाय वा अधिकारीको तालुक निकाय वा अधिकारी समक्ष लेखी पठाउन सक्नेछ,कार्यान्वयनको लागि लेखी पठाउन सक्ने : कुनै निकाय वा पदाधिकारीले आयोगलाई आवश्यक सहयोग उपलब्ध नगराएमा आयोगले त्यस्तो निकाय वा पदाधिकारीको तालुक निकाय वा अधिकारी समक्ष आवश्यक सहयोगको लागि लेखी पठाउन सक्नेछ
"Timely audit: The Auditor General may, on the selective basis, perform timely audit of the bodies referred to in sub-section of Section 3 before the completion of the fiscal year or after the completion of transactions",सामयिक लेखापरीक्षण: महालेखापरीक्षकले दफा ३ को उपदफा बमोजिमका निकायको छनौटको आधारमा आर्थिक वर्ष समाप्त नहुँदै वा कारोबार सम्पन्न भएपश्चात्‌ सामयिक लेखापरीक्षण गर्न सक्नेछ,समय समयमा लेखापरीक्षण गर्न सक्ने : महालेखापरीक्षकले दफा ३ को उपदफा बमोजिमको निकायको लेखापरीक्षण आर्थिक वर्ष समाप्त हुनु अघि वा कारोबार समाप्त भएपछि छनौटको आधारमा समय समयमा गर्न सक्नेछ
An argument from division is more powerful in law.,विभिन्न आधारबाट व्युत्पन्न तर्क कानूनमा बढी शक्तिशाली हुन्छ ।,कानूनमा विभाजनबाट व्युत्पन्न तर्क बढी प्रभावकारी हुन्छ ।
"The Inquiry Committee shall not give permission to any other person, excluding the judge who has been charged, concerned lawyer and the complainant, to be present or take part in at the place where the proceedings of inquiry has been undertaken","जाँचबुझ समितिले जाँचबुझको कारवाही भएको ठाउँमा आरोप लागेको उच्च अदालत वा जिल्ला अदालतको न्यायाधीश, सम्बन्धित कानून व्यवसायी तथा उजूरवाला बाहेक अरू कुनै व्यक्तिलाई उपस्थित हुने वा कारवाहीमा भाग लिने अनुमति दिने छैन","जाँचबुझ समितिले आरोपित न्यायाधीश, सम्बन्धित वकील र उजूरीकर्ता बाहेक अन्य कुनै व्यक्तिलाई जाँचबुझको कारबाही भएको ठाउँमा उपस्थित हुन वा भाग लिन जाँचबुझ समितिले अनुमति दिने छैन"
An argument drawn from an impossibility.,असम्भावनाको कोणबाट उपलब्ध तर्क,असम्भवबाट व्युत्पन्न तर्क ।
"The Government of Nepal, Province Government and Local Level shall take necessary measures required for preventive and security service including prevention of possible accidents, minimization of risks that may occur on the children, in order to protect the rights of the child to live and development","नेपाल सरकार, प्रदेश सरकार र स्थानीय तहले बालबालिकाको बाँच्न पाउने अधिकार र बालबालिकाको विकासको लागि बालबालिका माथि हुन सक्ने दुर्घटनाको रोकथाम, जोखिमको न्यूनीकरण लगायतका प्रतिरोधात्मक र सुरक्षा सेवाका लागि आवश्यक उपाय अवलम्बन गर्नेछन्‌","नेपाल सरकार, प्रदेश सरकार र स्थानीय तहले बालबालिकाको जीवनयापन तथा विकासको अधिकारको संरक्षण गर्न सम्भावित दुर्घटनाको रोकथाम, बालबालिकालाई हुन सक्ने जोखिमको न्यूनतमीकरण लगायत संरक्षण तथा सुरक्षा सेवाका लागि आवश्यक पर्ने उपायहरू गर्नेछ"
Ministry means the Ministry of the Government of Nepal looking after the matters relating to health,“मन्त्रालय भन्नाले स्वास्थ्य सम्बन्धी विषय हेर्ने नेपाल सरकारको मन्त्रालय सम्झनु पर्छ,मन्त्रालय भन्नाले स्वास्थ्य सम्बन्धी विषय हेर्ने नेपाल सरकारको मन्त्रालय सम्झनु पर्छ
To provide textbooks: The Government of Nepal shall provide the Local Level with the amount as prescribed for the textbooks to the children of every public school who acquire education of the basic level or secondary level,पाठ्यपुस्तक उपलब्ध गराउनु पर्ने; नेपाल सरकारले आधारभूत तह वा माध्यमिक तहसम्मको शिक्षा प्राप्त गर्ने प्रत्येक सार्वजनिक विचालयका बालबालिकालाई पाठ्यपुस्तक बापतको रकम तोकिए बमोजिम स्थानीय तहलाई उपलब्ध गराउनेछ,पाठ्यपुस्तक उपलब्ध गराउने: प्रत्येक सार्वजनिक विद्यालयका आधारभूत तह वा माध्यमिक तहको शिक्षा प्राप्त गर्ने बालबालिकालाई नेपाल सरकारले पाठ्यपुस्तकको लागि तोकिए बमोजिमको रकम स्थानीय तहलाई उपलब्ध गराउनेछ
Chapter-10,परिच्छेद-१०,परिच्छेद-१०
"Every corporal punishment, even the least (soft), is greater than any pecuniary punishment.",शारीरिक सजाय जतिसुकै कम (नरम) भए पनि जरिवानाको सजायभन्दा कडा हुन्छ ।,सबैभन्दा सानो (लघु) तापनि कुनै शारीरिक सजाय कुनै आर्थिक सजायभन्दा ठूलो हुन्छ ।
"“animal” means any kind of domestic or wild animals, birds or fishes, and it also includes aquatic animals and amphibians","“पशु” भन्नाले जुनसुकै प्रकारको घरपालुवा वा जङ्गली जनावर, पन्छी वा माछा सम्झनु पर्छ र सो शब्दले अन्य जलचर र उभयचरलाई समेत जनाउँछ","“जानवर” भन्नाले कुनै पनि प्रकारको घर्घरी वा जंगली पशु, चराचुरुङ्गी वा माछा सम्झनु पर्छ र सो शाब्दले जलचर पशु र जलपक्षी समेतलाई जनाउँछ"
The Secretary of the Commission shall be a gazetted first class officer of the Nepal Civil Service,नेपाल निजामती सेवाको राजपत्रांकित प्रथम श्रेणीको अधिकृतले आयोगको सचिवको रुपमा काम गर्नेछ,आयोगको सचिव नेपाल निजामती सेवाको राजपत्रांकित प्रथम श्रेणीको अधिकृत हुनेछ
"Compensation: If any kind of damage, loss or injury is caused to any person due to the commission of any act deemed to be the offence or any other act under this Act, the concerned person or victim may make a complaint to the concerned District Court to get compensation paid for such damage, loss or pain, as well","क्षतिपूर्ति: यस ऐन अन्तर्गत कुनै कसूर मानिने वा अन्य कुनै काम गरेको कारणबाट कसैलाई कुनै प्रकारको हानि, नोक्सानी हुन गएमा वा क्षति पुग्न गएमा सरोकारवाला वा पीडित व्यक्तिले त्यस्तो हानि, नोक्सानी वा पीडा बापत क्षतिपूर्ति समेत भराई पाउन सम्बन्धित जिल्ला अदालतमा उजूर गर्न सक्नेछ","क्षतिपूर्ति: यस ऐन अन्तर्गतको कसूरजन्य कार्य वा अन्य कुनै कार्य गरेमा कुनै व्यक्तिलाई कुनै किसिमको हानि, नोक्सानी हुन गएमा सम्बन्धित व्यक्ति वा पीडितले त्यस्तो हानि, नोक्सानी वा पीडाको क्षतिपूर्ति लिन सम्बन्धित जिल्ला अदालतमा उजूरी दिन सक्नेछ"
"""Person"" means natural person",“व्यक्ति” भन्नाले प्राकृतिक व्यक्ति सम्झनु पर्छ,“वैयक्ति” भन्नाले प्राकृतिक व्यक्ति सम्झनु पर्छ
"Delegation of Power: The Council may delegate some of the powers conferred to it to the sub-committee or any other officer employee of the Council, as necessary.",अधिकार प्रत्यायोजन: परिषद्ले आफूलाई प्राप्त अधिकारमध्ये आवश्यकता अनुसार केही अधिकार उपसमिति वा परिषद्को अन्य कुनै अधिकृतस्तरको कर्मचारीलाई प्रत्यायोजन गर्न सक्नेछ ।,अधिकार प्रत्यायोजनः परिषद्ले आफूलाई प्राप्त अधिकारमध्ये केही अधिकार आवश्यकता अनुसार उपसमिति वा परिषद्को अन्य कुनै अधिकृत कर्मचारीलाई प्रत्यायोजन गर्न सक्नेछ ।
The presence of more than fifty percent Members of the total number of Members of the Steering Committee shall be deemed to constitute a quorum for a meeting of the Steering Committee.,निर्देशन समितिको बैठकको अध्यक्षता सो समितिको अध्यक्षले गर्नेछ ।,निर्देशन समितिको बैठकको लागि कुल सदस्य सङ्ख्यामा पचास प्रतिशतभन्दा बढी सदस्य उपस्थित रहेको मानिनेछ ।
"To require the submission of any document related to the operation of business of any body partially owned by the Government of Nepal, Provincial Government or Local Level, and of any national or international non-governmental organization","शुल्क लिन सक्नेः महालेखापरीक्षकले नेपाल सरकार, प्रदेश सरकार वा स्थानीय तहको पूर्ण स्वामित्व भएको सङ्गठित संस्थाको लेखापरीक्षण गरे बापत त्यस्तो संस्थाबाट तोकिए बमोजिमको शुल्क लिन सक्नेछ","नेपाल सरकार, प्रदेश सरकार वा स्थानीय तहको आंशिक स्वामित्व भएको कुनै निकाय तथा कुनै राष्ट्रिय वा अन्तर्राष्ट्रिय गैरसरकारी संस्थाको कार्य सञ्चालनसँग सम्बन्धित कुनै कागजात पेश गर्नु पर्ने"
That which is once mine cannot be mine more completely.,"जुन कुरा कुनै कालखण्डमा मेरो थियो, सो कुरा पछिपनि मेरो नहुन सक्छ ।","जुन विषय मेरो हो, त्यस्तो विषय अझ पूर्ण रुपमा मेरो हुन सक्दैन ।"
"The decision of the majority shall be the decision of the Commission and in case of a tie, the Chairperson shall give a decisive vote.",आयोगको निर्णय बहुमतद्वारा हुनेछ र मत बराबर भएमा अध्यक्षले निर्णायक मत दिनेछ ।,आयोगको निर्णय बहुमतको हुनेछ र मत बराबर भएमा अध्यक्षले निर्णायक मत दिनेछ ।
"The Rastra Bank shall, prior to taking a licensed institution under its control pursuant to Sub-Section , give an opportunity to the concerned bank or financial institution to defend itself, by providing it with a time-limit not exceeding fifteen days, depending on the situation",राष्ट्र बैङ्क उपदफा बमोजिम इजाजतपत्र प्राप्त संस्थालाई आफ्नो नियन्त्रणमा लिनु अघि सम्बन्धित इजाजतपत्र प्राप्त संस्थालाई अवस्था हेरी पन्ध्र दिनसम्मको म्याद दिई आफ्नो सफाइ पेश गर्ने मौका दिनु पर्नेछ,उपदफा बमोजिम इजाजतपत्र प्राप्त संस्थालाई आफ्नो नियन्त्रणमा लिन राष्ट्र बैङ्कले परिस्थिति अनुसार पन्ध्र दिनसम्म समयावधि तोकी सम्बन्धित बैङ्क वा वित्तीय संस्थालाई आफ्नो प्रतिरक्षाको अवसर दिनु पर्नेछ
Other matters relating to conducting the programs pursuant to sub- section shall be as prescribed.,उपदफा बमोजिमको कार्यक्रम सञ्चालन सम्बन्धी अन्य व्यवस्था तोकिए बमोजिम हुनेछ।,उपदफा बमोजिम कार्यक्रम सञ्चालन सम्बन्धी अन्य व्यवस्था तोकिए बमोजिम हुनेछ ।
"The decision taken under sub-section shall be implemented, or caused to be implemented by the concerned party.","उपदफा बमोजिम भएको निर्णय सम्बन्धित पक्षले कार्यान्वयन गर्नु, गराउनु पर्नेछ ।",उपदफा बमोजिम गरिएको निर्णय सम्बन्धित पक्षले कार्यान्वयन गर्नु पर्नेछ ।
The details referred to in sub-section shall be published for the information of the public in general.,उपदफा बमोजिमको विवरण सर्वसाधारणको जानकारीको लागि सार्वजनिक गर्नु पर्नेछ ।,उपदफा बमोजिमको विवरण सर्वसाधारणको जानकारीको लागि सार्वजनिक गर्नु पर्नेछ ।
"Notwithstanding anything contained in sub-section , the following person may provide the information on behalf of the following person: In the case of the person who has not attained to the age of eighteen years or who is of unsound mind, his or her guardian or curator, provided there will be no harm to him or her when such information is so provided In the case of the other person, the attorney or representative authorized by him or her","उपदफा मा जुनसुकै कुरा लेखिएको भए तापनि देहायको व्यक्तिको तर्फबाट देहायका व्यक्तिले सूचना दिन सक्नेछ: अठार वर्ष उमेर नपुगेको वा होस ठेगानमा नरहेको व्यक्तिको हकमा त्यस्तो सूचना दिँदा निजको अहित नहुने भएमा निजको संरक्षक वा माथवर व्यक्ति, अन्य व्यक्ति भए निजले अख्तियारी दिएको वारिस वा प्रतिनिधि","उपदफा मा जुनसुकै कुरा लेखिएको भए तापनि देहायको व्यक्तिको पक्षमा देहायको व्यक्तिले जानकारी दिन सक्नेछः- अठार वर्ष उमेर पूरा नभएका वा विवेकहीन व्यक्तिको हकमा निजको संरक्षक वा माथवर, त्यस्तो जानकारी दिँदा निजलाई कुनै हानि नपर्ने गरी अन्य व्यक्तिको हकमा निजबाट अधिकार प्राप्त वकील वा प्रतिनिधि"
"Multiple disability: A person who has a problem of two or more than two types of disability mentioned above (for example, cerebral palsy).",(जस्तो : डाउन्स सिन्ड्रोम समेत) अनुवंशीय रक्तश्राव (हेमोफिलिया) सम्बन्धी अपाङ्गता : अनुवंशीय असरका कारण रगतमा हुने फ्याक्टरमा विचलन आई रगत जम्ने कार्यमा समस्या उत्पन्न हुने शारीरिक अवस्थाको व्यक्ति ।,बहुविध अपाङ्गता : माथि उल्लिखित दुई वा दुईभन्दा बढी प्रकारका अपाङ्गताको समस्या भएको व्यक्ति ।
Prescribed or As prescribed means laws prescribed or as prescribed under the Rules framed under this Act,तोकिएको वा तोकिए बमोजिम भन्नाले यस ऐन अन्तर्गत बनेको नियममा तोकिएको वा तोकिए बमोजिम सम्झनु पर्छ,“तोकिएको” वा “तोकिए बमोजिम” भन्नाले यस ऐन अन्तर्गत बनेको नियममा तोकिएको वा तोकिए बमोजिम सम्झनु पर्छ
"While making an order pursuant to sub-section (2), the High Court may warn the person or chief of the organization or agency that has violated the rights of the child or has not fulfilled their duties towards the child or to impose punishment on them and order the recovery of compensation from them pursuant to this Act","उपदफा बमोजिम आदेश जारी गर्दा उच्च अदालतले बालबालिकाको अधिकार उल्लङ्घन गर्ने वा बालबालिकाप्रतिको दायित्व पूरा नगर्ने व्यक्ति, संस्था वा निकायका प्रमुखलाई सचेत गराउन वा यस ऐन बमोजिम सजाय गर्न र निजबाट क्षतिपूर्ति भराउने आदेश गर्न सक्नेछ",उपदफा बमोजिम आदेश जारी गर्दा उच्च अदालतले बालबालिकाको अधिकार उल्लङ्घन गर्ने वा बालबालिकाप्रतिको कर्तव्य पालना नगर्ने व्यक्ति वा संस्था वा निकायको प्रमुखलाई सचेत गराउन वा निजलाई सजाय गर्न र यस ऐन बमोजिम निजबाट क्षतिपूर्ति भराउने आदेश गर्न सक्नेछ
"Language of instruction: The medium of instruction to be provided by the schools shall be the Nepali language, English language or both the languages or mother tongue of the Nepali community concerned","शिक्षणको माध्यम भाषाः विद्यालयले प्रदान गर्ने शिक्षणको माध्यम नेपाली भाषा, अङ्ग्रेजी भाषा वा दुवै भाषा वा सम्बन्धित नेपाली समुदायको मातृभाषा हुन सक्नेछ","शिक्षण भाषा: विद्यालयले प्रदान गर्ने शिक्षण माध्यम नेपाली भाषा, अंग्रेजी भाषा वा सम्बन्धित नेपाली समुदायको दुवै भाषा वा मातृभाषा हुनेछ"
Before the war.,युद्ध भन्दा पहिले ।,युद्ध हुनुभन्दा अगाडि ।
"Notwithstanding anything contained in sub-section , information provided by the concerned person may be collected after obtaining his or her consent for the purpose of conducting any study, research or collection of public opinion",उपदफा मा जुनसुकै कुरा लेखिएको भए तापनि कुनै खास विषयमा अध्ययन वा अनुसन्धान गर्ने वा जनमत सङ्कलन गर्ने प्रयोजनका लागि सम्बन्धित व्यक्तिको मञ्जरी लिई निजले दिएको सूचना सङ्कलन गर्न सकिनेछ,"उपदफा मा जुनसुकै कुरा लेखिएको भए तापनि कुनै अध्ययन, अनुसन्धान वा जनचेतना सङ्कलन गर्ने प्रयोजनको लागि सम्बन्धित व्यक्तिले मञ्जरी लिई दिएको सूचना सङ्कलन गर्न सकिनेछ"
"Provisions relating to punishment: If the child is less than ten years of age at the time of commission of the offence, no case and punishment of any kind shall be instituted against and imposed on him or her",सजाय सम्बन्धी व्यवस्था: कसूरजन्य कार्य गर्दा बालबालिकाको उमेर दश वर्षभन्दा कम भए निज उपर कुनै प्रकारको मुद्दा चलाइने र निजलाई कुनै किसिमको सजाय हुने छैन,सजाय सम्बन्धी व्यवस्था: कसूरजन्य कार्य गरेकै बखत बालबालिकाको उमेर दश वर्षभन्दा कम भएमा निजलाई कुनै किसिमको मुद्दा र सजाय हुने छैन
"If the certificate referred to in clause or the date of birth is not available, the date recorded in the certificate of age issued by the hospital",खण्ड बमोजिमको प्रमाणपत्र वा जन्म मिति पनि नभएमा अस्पतालबाट प्रमाणित उमेर सम्बन्धी प्रमाणपत्रमा उल्लिखित मिति,खण्ड बमोजिमको प्रमाणपत्र वा जन्म मिति नभएमा अस्पतालबाट जारी भएको उमेरको प्रमाणपत्रमा लेखिएको मिति
"to formulate policy and programs to establish and mobilize living museum for the protection and promotion of the physical, non-physical culture of the Muslim community and to make recommendations to the Government of Nepal for their implementation","मुस्लिम समुदायको भौतिक, अभौतिक संस्कृतिको संरक्षण र सम्वर्द्धनका लागि जिवित सङ्ग्रहालय स्थापना तथा उदगम्‌ स्थलको खोज अनुसन्धान गरी त्यस्ता पुरातात्विक र ऐतिहासिक संरचना, वस्तु र स्थलहरूको संरक्षण र सम्वर्द्धनका लागि नीति तथा कार्यक्रम तर्जुमा गर्ने र कार्यान्वयनका लागि नेपाल सरकारलाई सिफारिस गर्ने","मुस्लिम समुदायको भौतिक, गैर भौतिक संस्कृतिको संरक्षण र सम्बर्द्धन गर्नका लागि जीउँदो संग्रहालय स्थापना र परिचालन गर्ने गरी नीति तथा कार्यक्रम तर्जुमा गरी कार्यान्वयनका लागि नेपाल सरकारलाई सिफारिस गर्ने"
"Notwithstanding anything contained in sub-section and in the prevailing law, no appeal shall be admissible against a decision of the Juvenile Court that acquits a child, other than in the circumstances affecting justice because of erroneous interpretation of law, wrong use of precedent or non-admission of an admissible evidence or admission of a non-admissible evidence","उपदफा र प्रचलित कानूनमा जुनसुकै कुरा लेखिएको भए तापनि बाल अदालतबाट बालबालिकाले सफाई पाउने गरी भएको फैसला उपर कानूनको व्याख्या सम्बन्धी त्रुटी भएको, नजीरको गलत प्रयोग भएको वा बुझ्नु पर्ने प्रमाण नबुझेको वा बुझ्न नहुने प्रमाण बुझेको कारणबाट इन्साफमा फरक परेको अवस्थामा बाहेक अन्य अवस्थामा पुनरावेदन लाग्ने छैन","उपदफा र प्रचलित कानूनमा जुनसुकै कुरा लेखिएको भए तापनि कानूनको त्रुटिपूर्ण व्याख्या, पूर्वका घटनाको गलत प्रयोग वा स्वीकार्य प्रमाण स्वीकार नभएको वा स्वीकार्य प्रमाण स्वीकार नभएको कारणले न्यायलाई असर पुन्याएको अवस्थामा बाहेक बाल अदालतले बालबालिकालाई सफाई दिने निर्णय उपर कुनै पुनरावेदन गर्न सक्ने छैन"
"Responsibility of the media sector: It shall be the responsibility of the media sector to publish and transmit information, without violating the rights of the child and causing adverse effect on the interests of the child",सञ्चार क्षेत्रको दायित्व बालअधिकारको उल्लङ्घन र बालबालिकाको हित प्रतिकूल नहुने गरी सूचना प्रकाशन वा प्रसारण गर्नु सञ्चार क्षेत्रको दायित्व हुनेछ,सञ्चार क्षेत्रको दायित्व: बालबालिकाको अधिकार उल्लङ्घन नगरी र बालबालिकाको हितमा प्रतिकूल प्रभाव नपर्ने गरी सूचना प्रकाशन र प्रसारण गर्ने जिम्मेवारी सञ्चार क्षेत्रको हुनेछ
To make investment in cash certificate fixed deposits of banks established as per the prevailing law.,प्रचलित कानून बमोजिम स्थापित बैङ्कहरुको नगद प्रमाणपत्र (क्यास सर्टिफिकेट) मुद्दती डिपोजिटमा लगानी गर्ने।,प्रचलित कानून बमोजिम स्थापित बैङ्कको नगद प्रमाणपत्र चल निक्षेपमा लगानी गर्ने।
"If the Rastra Bank is satisfied, from the report referred to in Sub-Section , that the concerned licensed institution has become capable of fulfilling the responsibilities required to be fulfilled by it or has reached a stage under which it has become able to operate smoothly, the Rastra Bank may take the following actions:- To lift the suspension of the Board of Directors of the licensed institution made as referred to in Sub-Section and handover the management of the institution again to that Board of Directors, or To disolve the Board of Directors of the licensed institution which has been suspended pursuant to Sub-Section (1), and then form a new Board of Directors from among the shareholders of the licenseed institution and handover the management of that institution to a new Board of Directors, or To convene the General Meeting of the licensed institution, and get a new Board of Directors formed by the Meeting, and handover the management of the institution to the Board of Directors, or To take any other action as the Rastra Bank may deem appropriate","उपदफा बमोजिमको प्रतिवेदनबाट सम्बन्धित इजाजतपत्र प्राप्त संस्था आफूले पूरा गर्नु पर्ने दायित्व पूरा गर्न समर्थ भएको वा सुचारु रुपले सञ्चालन हुने अवस्थामा पुगेको कुरामा राष्ट्र बैङ्क विश्वस्त भएमा राष्ट्र बैङ्कले देहाय बमोजिम गर्न सक्नेछ :- इजाजतपत्र प्राप्त संस्थाको सञ्चालक समितिलाई उपदफा बमोजिम गरेको निलम्बन फुकुवा गरी पुन: सोही सञ्चालक समितिलाई सो संस्थाको व्यवस्थापन जिम्मा लगाउने, वा उपदफा बमोजिम इजाजतपत्र प्राप्त संस्थाको निलम्बित सञ्चालक समितिलाई बर्खास्त गरी इजाजतपत्र प्राप्त संस्थाको शेयरधनीमध्येबाट नयाँ सञ्चालक समितिको गठन गरी सो संस्थाको व्यवस्थापन जिम्मा लगाउने, वा इजाजतपत्र प्राप्त संस्थाको साधारण सभा बोलाई सो सभाबाट नयाँ सञ्चालक समितिको गठन गरी सो संस्थाको व्यवस्थापन जिम्मा लगाउने, वा राष्ट्र बैङ्कले उपयुक्त देखेको अन्य कुनै कारबाही चलाउने","उपदफा बमोजिमको प्रतिवेदनबाट सम्बन्धित इजाजतपत्र प्राप्त संस्थाले पूरा गर्नु पर्ने दायित्व पूरा गर्न सक्ने अवस्था पुगेको वा सुचारु रूपमा सञ्चालन गर्न सक्ने अवस्था पुगेको कुरामा राष्ट्र बैङ्क सन्तुष्ट भएमा राष्ट्र बैङ्कले देहाय बमोजिमको कार्य गर्न सक्नेछ :- उपदफा बमोजिमको इजाजतपत्र प्राप्त संस्थाको सञ्चालक समितिको निलम्बन हटाई सो सञ्चालक समितिलाई पुनः हस्तान्तरण गर्ने, वा इजाजतपत्र प्राप्त संस्थाको सञ्चालक समिति विघटन गर्ने"
"Notwithstanding anything contained in sub-section (2), if such a person or institution or chief of office makes an application to the Court or the Director General of the Department, within the time-limit determined by the Court or the Director General, specifying the reason for not being able to abide by such order, stating that fine should not be imposed, and if the statement of such application is found to be reasonable, the Court or the Director General of the Department may revoke such an order for imposition of the fine",उपदफा मा जुनसुकै कुरा लेखिएको भए तापनि त्यसरी जरिबाना गर्ने आदेश भएपछि त्यस्तो व्यक्ति वा संस्था वा कार्यालय प्रमुखले अदालत वा विभागको महानिर्देशकले निर्धारण गरेको अवधिभित्र त्यस्तो आदेश पालना हुन नसकेको कारण उल्लेख गरी जरिबाना हुन नपर्ने भनी अदालतमा वा विभागको महानिर्देशक समक्ष निवेदन गरेमा र सो निवेदनको व्यहोरा मनासिब देखिएमा अदालत वा विभागको महानिर्देशकले त्यस्तो जरिबानाको आदेश रद्द गर्न सक्नेछ,उपदफा मा जुनसुकै कुरा लेखिएको भए तापनि त्यस्तो व्यक्ति वा संस्था वा कार्यालयका प्रमुखले अदालत वा विभागको महानिर्देशक समक्ष त्यस्तो आदेश पालना गर्न नसक्ने कारण खुलाई जरिबाना गर्न नहुने भनी अदालत वा महानिर्देशकले तोकेको समयभित्र निवेदन दिएमा र त्यस्तो निवेदन मनासिब देखिएमा अदालत वा विभागको महानिर्देशकले त्यस्तो आदेशबाट जरिबाना गर्न रद्द गर्न सक्नेछ
Tied to the land.,जमिनसँग बाँधिएको ।,जमिनको अधीनमा रहेको ।
"Applicability of this Act: The matters referred to in this Act or any rules made hereunder shall be ruled by this Act, while other matters be subject to the prevailing law of Nepal",यसै ऐन बमोजिम हुनेः यस ऐनमा लेखिए जति कुरामा यसै ऐन बमोजिम र अरुमा प्रचलित कानून बमोजिम हुनेछ,यो ऐन लागू हुनेः यस ऐन वा यस अन्तर्गत बनेको कुनै नियम बमोजिमको विषयमा यस ऐन बमोजिम र अन्य विषयमा प्रचलित नेपाल कानून बमोजिम हुनेछ
"If the liability pursuant to sub-section is not fulfilled or any fault, deficiency and defect occurs in the process of production, construction",उपदफा बमोजिमको दायित्व पूरा नगरेको वा कुनै वस्तुको उत्पादन,"उपदफा बमोजिमको दायित्व पूरा नभएको वा उत्पादन, निर्माण प्रक्रियामा कुनै त्रुटि, अभाव र त्रुटि भएमा"
For similar cases.,समान मुद्दाको लागि ।,यस्तै प्रकृतिको मुद्दाको लागि ।
"Delegation of Power: The Commission may delegate some authority accorded to it by the Constitution and this Act, as per necessity, with set conditions for its use and adherence, to the Chairperson, Member or other government official","अधिकार प्रत्यायोजनः आयोगले संविधान तथा यस ऐन बमोजिम आफूलाई प्राप्त अधिकारमध्ये आवश्यकता अनुसार कुनै अधिकार तोकिएको शर्तको अधीनमा रही प्रयोग र पालना गर्ने गरी अध्यक्ष, सदस्य वा कुनै सरकारी कर्मचारीलाई प्रत्यायोजन गर्न सक्नेछ","अधिकार प्रत्यायोजनः आयोगले संविधान र यस ऐन बमोजिम आफूलाई प्राप्त अधिकारमध्ये आवश्यकता अनुसार कुनै अधिकार तोकिएको शर्तको अधीनमा रही प्रयोग र पालना गर्ने गरी अध्यक्ष, सदस्य वा अन्य सरकारी पदाधिकारीलाई प्रत्यायोजन गर्न सक्नेछ"
"To conceal is one thing, to be silent another.",कुनै कुरा लुकाउनु र चुप लाग्नु भिन्न कुरा हुन ।,लुकाउनु भनेको एक कुरा हो र मौन रहने भनेको अर्को कुरा हो ।
An equitable arbitration renders each person’s due.,मध्यस्थत निर्णयले सबैको हक कायम गर्छ । ।,न्यायोचित मध्यस्थताले प्रत्येक व्यक्तिको हक बमोजिम हुनेछ ।
One official as a representative from the Nepal Veterinary Council,नेपाल णशु चिकित्सा परिषद्का पदाधिकारी प्रतिनिधि एकजना,नेपाल पशु चिकित्सा परिषद्को प्रतिनिधिको रूपमा एक पदाधिकारी
"Disability associated with autism: A person who has problem in the development of veins or tissues and functionality thereof (for example, a person wo has difficulty to communicate, to understand and apply general social rules, and who does not show normal behaviour along with the age, who shows abnormal reaction, repeats the same activity, does not assimilate with others or makes reaction instantly).",बौद्धिक अपाङ्गता : उमेरको बृद्धिसँगै बौद्धिक सचेतनाको विकास हुन नसकी बौद्धिक विकास नभएका कारणले उमेर वा वातावरणमा सापेक्ष क्रियाकलाप गर्न समस्या हुने अवस्थाको व्यक्ति ।,अशक्तता सम्बन्धी अपाङ्गता : अशक्त अशक्त अशक्त अशक्त अपाङ्गता : अशक्त अशक्त अपाङ्गता : अशक्त अपाङ्गता : अशक्त अपाङ्गता जुनसुकै प्रकारको अशक्त अपाङ्गता ।
"to review, monitor and evaluate the awareness generating programs conducted by the Government of Nepal and other institutions for the protection, promotion and empowerment of the rights and interests of the Dalit Community.","दलित समुदायको हक हितको संरक्षण, सम्वर्धन र सशक्तीकरणका लागि नेपाल सरकार र अन्य सङ्घ संस्थाहरूले सञ्चालन गर्ने चेतनामूलक कार्यक्रमहरुको समीक्षा, अनुगमन तथा मूल्याङ्कन गर्ने।","दलित समुदायको हक हितको संरक्षण, संवर्द्धन र सशक्तीकरणका लागि नेपाल सरकार तथा अन्य संस्थाले सञ्चालन गरेका चेतनामूलक कार्यक्रमहरूको समीक्षा, अनुगमन तथा मूल्याङ्कन गर्ने।"
"An action by the borrower against a lender, to compel the execution of the contract.",करार कार्यान्वयन गर्नको लागि ऋणीले ऋणदाता विरुद्ध दायर गरेको उजुरी ।,क्रणीले कर्जा दिने व्यक्ति विरुद्ध क्रणीले करार कार्यान्वयन गर्न बाध्य तुल्याउने उजुरी ।
"The functions, duties and powers of the Provincial Market Monitoring Committee referred to in sub-section shall be as prescribed","उपदफा बमोजिमको प्रदेश बजार अनुगमन समितिको काम, कर्तव्य र अधिकार तोकिए बमोजिम हुनेछ","उपदफा बमोजिमको प्रदेश बजार अनुगमन समितिको काम, कर्तव्य र अधिकार तोकिए बमोजिम हुनेछ"
For legislators overlook or ignore that which has only happened once or twice.,"(युन विषय एक दुई पटक मात्र भएको हुँदा, त्यस्तो विषयलाई अनदेखा वा उपेक्षा गरेको हुन्छ । नगर । नियम वा विधाको हकमा)","जुन कुरा एक वा दुई पटक मात्र भएको छ, त्यस्तो कुराका लागि विधायकले उपेक्षा वा उपेक्षा गर्दछन् ।"
"The Judicial Council may, for the purpose of Part of Sub-Section and Sub-Section collect the inspection report, report relating to performance or evaluation and other details in respect to service from concerned Court or office and study it","न्याय परिषदले उपदफा को खण्ड र उपदफा को प्रयोजनको लागि निरीक्षण प्रतिवेदन, कार्य सम्पादन सम्बन्धी प्रतिवेदन वा मूल्याङ्कन तथा सेवा सम्बन्धी अन्य विवरण सम्बन्धित अदालत वा कार्यालयबाट झिकाई हेर्न सक्नेछ","उपदफा र उपदफा को खण्डको प्रयोजनको लागि न्याय परिषदले सम्बन्धित अदालत वा कार्यालयबाट सेवा सम्बन्धी निरीक्षण प्रतिवेदन, निष्पादन वा मूल्याङ्कन सम्बन्धी प्रतिवेदन तथा अन्य विवरण सङ्कलन गरी अध्ययन गर्न सक्नेछ"
Determination of the price of medicines shall be as prescribed by the Government of Nepal.,औषधिको मूल्य निर्धारण नेपाल सरकारले तोके बमोजिम हुनेछ।,औषधिको मूल्य निर्धारण नेपाल सरकारले तोके बमोजिम हुनेछ ।
No valid conclusion as to the use of a thing can be deduced from its abuse.,कुनै वस्तुको दुरुपयोगबाट यसको सदुपयोग बारेमा निकालिएको परिणामसम्बन्धी निष्कर्ष मूल्यवान हुँदैनन् ।,कुनै वस्तुको दुरुपयोगबाट त्यसको प्रयोगको सम्बन्धमा कुनै मान्य अनुमान गर्न सकिँदैन ।
Other provisions regarding reconciliation shall be as prescribed,मेलमिलाप सम्बन्धी अन्य व्यवस्था तोकिए बमोजिम हुनेछ,मेलमिलाप सम्बन्धी अन्य व्यवस्था तोकिए बमोजिम हुनेछ
Fifty percent Fund deduction shall be made at the rate specified in Sub-section(1)* while on leave with half pay.,आधा तलबी अवस्थामा “उपदफा मा तोकिएको दरले पचास प्रतिशत कोष कट्टी गरिनेछ ।,आधा तलब पाएको बिदामा उपदफा बमोजिमको दरमा पचास प्रतिशत कोष कट्टी गर्नु पर्नेछ ।
"Power to make procedures and directives: The Government of Nepal, Provincial Government and Local Level may make necessary procedures or directives subject to this Act and the Rules framed under this Act","कार्यविधि तथा निर्देशिका बनाउन सक्ने: नेपाल सरकार, प्रदेश सरकार तथा स्थानीय तहले यस ऐन तथा यस ऐन अन्तर्गत बनेको नियमको अधीनमा रही आवश्यक कार्यविधि वा निर्देशिका बनाउन सक्नेछु","कार्यविधि तथा निर्देशिका बनाउने अधिकार: नेपाल सरकार, प्रदेश सरकार र स्थानीय तहले यो ऐन र यस ऐन अन्तर्गत बनेको नियमको अधीनमा रही आवश्यक कार्यविधि वा निर्देशिका बनाउन सक्नेछन्"
Other provisions relating to the complaint shall be as prescribed.,उजूरी सम्बन्धी अन्य व्यवस्था तोकिए बमोजिम हुनेछ ।,उजुरी सम्बन्धी अन्य व्यवस्था तोकिए बमोजिम हुनेछ ।
"In the event of the death of a depositor, a nominee appointed by him/ her, if any, and if such nominee also dies or if no nominee has been appointed by the depositor, the surviving person from amongst his/her relatives, in the following order of priority, shall have right to such deposits in the first place: - The husband or wife living in the joint family, The son or daughter, or adopted son or adopted daughter or widow daughter-in-law, living in the joint family, The father, mother, grandson or granddaughter living in the joint family, The husband or wife, son, daughter, father or mother, son, daughter-in- law or married daughter living separately, The grandfather, grandmother, brother, nephew, niece, sister living in the joint family, the grandfather or grandmother living separately, The step mother living in the joint family, and grandson and unmarried granddaughter of the son living separately, The elder or younger brother living separately and nephew, niece, sister, nephew, niece The uncle, widowed aunt, sister-in-law (elder or younger brother's wife), or grand-daughter-in-law living in the joint family, Married sisters, grand-daughter-in-law living separately","निक्षेप राख्ने व्यक्तिको मृत्यु भएमा निजले कसैलाई इच्छाएको भए त्यस्तो इच्छाइएको व्यक्तिको र त्यस्तो इच्छाइएको व्यक्तिको पनि मृत्यु भएको रहेछ वा कसैलाई इच्छाइएको रहेनछ भने देहायको व्यक्तिमध्ये प्राथमिकता क्रमानुसार जुन व्यक्ति जीवित छ सोही व्यक्तिको त्यस्तो निक्षेप उपर पहिलो हक दाबी लाग्नेछ :- सगोलको पति वा पत्नी, सगोलको छोरा वा छोरी, धर्मपुत्र वा धर्मपुत्री वा विधवा बुहारी, सगोलको बाबु, आमा, नाति वा नातिनी, भिन्न बसेको पति वा पत्नी, छोरा, छोरी, बाबु वा आमा, छोरा, बुहारी वा विवाहित छोरी, सगोलको बाजे, बज्यै, दाजु, भाइ, भदा, भदै, दिदी वा बहिनी, भिन्न बसेका बाजे, बज्यै, सगोलको सौतेनी आमा, भिन्न बसेको छोरा पट्टिको नाति वा अविवाहित नातिनी, भिन्न बसेको दाजु वा भाइ, भदा, भदै, दिदी, बहिनी, भतिजा, भतिजी सगोलको काका, विधवा काकी, भाउजु, भाइ बुहारी वा नातिनी बुहारी, विवाहित दिदी, बहिनी, भिन्न बसेको नातिनी बुहारी","निक्षेपकर्ताको मृत्यु भएमा निजले तोकेको कुनै पनि व्यक्तिको मृत्यु भएमा वा निक्षेपकर्ताले तोकेको कुनै पनि व्यक्तिको मृत्यु भएमा निजको नातेदारमध्येबाट बाँचेको व्यक्तिलाई देहायको प्राथमिकता क्रममा पहिलो स्थानमा त्यस्तो निक्षेपको अधिकार हुनेछः- संयुक्त परिवारमा बसोबास गर्ने पति वा पत्ली, संयुक्त परिवारमा बसोबास गर्ने छोरा वा छोरी वा धर्मपुत्र वा धर्मपुत्री वा विधवा"
"To be disqualified: Notwithstanding anything contained in the prevailing law, for the purpose of creating environment for compulsorily acquiring basic education by all the citizens, the person who has not acquired the basic education shall be deemed to be disqualified to obtain any of the following opportunities after 1 Baishakh 2085: To enter into the service of the Government of Nepal, Provincial Government, any governmental service of the Local Level or any institution that is under the full or partial ownership, grant or control of the Government of Nepal, Provincial Government or Local Level, or to be elected, appointed or nominated to any post of any institution established in the governmental, non-governmental or private sector, To incorporate any company, firm, cooperative organization or non-governmental organization or to become promotor shareholder, director or member or any office bearer of such a company, firm or organization","योग्य नहुने: प्रचलित कानूनमा जुनसुकै कुरा लेखिएको भए तापनि सम्पूर्ण नागरिकले आधारभूत शिक्षा अनिवार्य रूपमा प्राप्त गर्ने वातावरण सिर्जना गर्ने प्रयोजनका लागि सम्वत्‌ २०८५ साल बैशाख १ गतेपछि आधारभूत शिक्षा प्राप्त नगरेको व्यक्ति देहायको कुनै अवसर प्राप्त गर्न योग्य मानिने छैनः- (क). नेपाल सरकार, प्रदेश सरकार वा स्थानीय तहको कुनै पनि सरकारी सेवामा वा नेपाल सरकार, प्रदेश सरकार वा स्थानीय तहको पूर्ण वा आंशिक स्वामित्व, अनुदान वा नियन्त्रणमा रहेको कुनै संस्थाको सेवामा प्रवेश गर्न वा कुनै पनि सरकारी, गैरसरकारी वा निजी क्षेत्रमा स्थापित कुनै पनि संस्थामा कुनै पनि पदमा निर्वाचित, नियुक्ति वा मनोनयन हुन वा कुनै रोजगारी प्राप्त गर्न, कुनै पनि कम्पनी, फर्म, सहकारी संस्था वा गैरसरकारी संस्थाको संस्थापन गर्न वा त्यस्तो कम्पनी फर्म वा संस्थाको संस्थापक सेयरधनी, सञ्चालक वा सदस्य वा कुनै पदाधिकारी हुन","अयोग्य हुनेः सबै नागरिकले अनिवार्य रूपमा आधारभूत शिक्षा प्राप्त गर्ने वातावरण सृजना गर्ने प्रयोजनको लागि प्रचलित कानूनमा जुनसुकै कुरा लेखिएको भए तापनि आधारभूत शिक्षा प्राप्त नगरेका व्यक्ति २०५८ साल बाishakh एकपछि देहायका कुनै पनि अवसर प्राप्त गर्न अयोग्य मानिनेछः- नेपाल सरकार, प्रदेश सरकार, स्थानीय तहको कुनै सरकारी सेवा वा नेपाल सरकार, प्रदेश सरकार वा स्थानीय तहको पूर्ण वा आंशिक स्वामित्व, अनुदान वा नियन्त्रणमा रहेको कुनै संस्थाको सेवामा प्रवेश गर्ने"
"""Helpless single women” means the women referred to in Section 7, who have no basis, income source or property for making the life, are incapacitated and helpless having income less than that specified by the Government of Nepal by publishing a notice in the Nepal Gazette","""आर्थिक रूपले विपन्न"" भन्नाले जीवनयापन गर्ने कुनै आधार, आयश्रोत वा सम्पत्ति नभएको नेपाल सरकारले नेपाल राजपत्रमा सूचना प्रकाशन गरी तोकेको भन्दा न्यून आय भएका व्यक्ति सम्झनु पर्छ","“सहायक एकल महिला” भन्नाले दफा ७ बमोजिमको आधार, आय स्रोत वा जीवनयापन गर्ने सम्पत्ति नभएको, अशक्त र नेपाल सरकारले नेपाल राजपत्रमा सूचना प्रकाशन गरी तोकेकोभन्दा कम आय भएका, असहाय महिला सम्झनु पर्छ"
"The following amount shall be credited to the fund referred to in sub-section : Amount received from the Government of Nepal, Amount received from the Provincial Government, Amount received from the Local Level, Amount received from any non-governmental and private organization and institution, Amount received from any foreign organization and institution.","उपदफा बमोजिमको कोषमा देहाय बमोजिमको रकम रहनेछन्‌:- नेपाल सरकारबाट प्राप्त रकम, प्रदेश सरकारबाट प्राप्त रकम, स्थानीय तहबाट प्राप्त रकम, गैरसरकारी तथा निजी सङ्घ संस्थाबाट प्राप्त रकम, विदेशी सङ्घ संस्थाबाट प्रापत रकम।","उपदफा बमोजिमको कोषमा देहाय बमोजिमको रकम जम्मा गरिनेछः- नेपाल सरकारबाट प्राप्त रकम, प्रदेश सरकारबाट प्राप्त रकम, स्थानीय तहबाट प्राप्त रकम, गैरसरकारी तथा निजी संस्थाबाट प्राप्त रकम, विदेशी संस्थाबाट प्राप्त रकम।"
"Notwithstanding anything contained elsewhere in this Section, the Government of Nepal may, at any time, alter the directors elected or nominated pursuant to Sub-section (2).",यस दफामा अन्यत्र जुनसुकै कुरा लेखिएको भए तापनि उपदफा बमोजिम नियुक्त वा मनोनीत सञ्चालकहरुलाई नेपाल सरकारले जुनसुकै बखत हेरफेर गर्न सक्नेछ ।,यस दफामा अन्यत्र जुनसुकै कुरा लेखिएको भए तापनि उपदफा बमोजिम निर्वाचित वा मनोनीत सञ्चालकलाई नेपाल सरकारले जुनसुकै बखत हेरफेर गर्न सक्नेछ ।
"Reform period may be reduced or remitted: If there is satisfactory improvement in the behaviour of a child kept in the child reform home or kept under the protection or supervision of any institution or person pursuant to the decision of the Juvenile Court, the child welfare authority may recommend the Juvenile Court to reduce or remit the period of reform of such a child","सुधार अवधि घटाउन वा छूट दिन सक्नेः बाल अदालतको निर्णय बमोजिम बाल सुधार गृह, कुनै संस्था वा व्यक्तिको संरक्षण वा निगरानीमा बसेका बालबालिकाको व्यवहारमा सन्तोषजनक सुधार आएमा बाल कल्याण अधिकारीले त्यस्तो बालबालिकाको सुधार अवधि घटाउन वा छुट दिन बाल अदालत समक्ष सिफारिस गर्न सक्नेछ",सुधार अवधि घटाउन वा खारेज गर्न सक्ने : बाल सुधार गृहमा राखे वा बाल अदालतको निर्णय बमोजिम कुनै संस्था वा व्यक्तिको संरक्षण वा सुपरिवेक्षणमा राखे बालबालिकाको व्यवहारमा सन्तोषजनक सुधार भएमा बाल कल्याण अधिकारीले त्यस्तो बालबालिकाको सुधार अवधि घटाउन वा खारेज गर्न बाल अदालतलाई सिफारिस गर्न सक्नेछ
Argument from analogy.,सादृश्यताको तर्क ।,समानीकरणबाट तर्क ।
To perpetual record of the matter.,कार्यवाहीको सबै विवरण सधैको अभिलेख राख्न ।,विषयको अनन्त अभिलेख गर्ने ।
"To Conduct Study of Laws of Federal, Provincial and Local Level: The body designated by Government of Nepal shall conduct study the laws and status of their implementation at Federal, Provincial and Local Level.","सङ्ग, प्रदेश र स्थानीय कानुनको अध्ययन गर्ने : नेपाल सरकारले तोकेको निकायले सङ्घ, प्रदेश वा स्थानीय तहले बनाएको कानून तथा सोको कार्यान्वयनको अवस्था सम्बन्धमा अध्ययन गर्नेछु ।","सङ्घीय, प्रदेश र स्थानीय तहको कानूनको अध्ययन गर्ने : नेपाल सरकारले तोकेको निकायले सङ्घीय, प्रदेश र स्थानीय तहको कानून तथा त्यसको कार्यान्वयनको अवस्थाको अध्ययन गर्नेछ ।"
"Details of Directors to be Collected: A bank or financial institution shall collect the following details of a Director: - Name, surname, address, academic qualifications, occupation and experience of its Director, Details as to the designation and responsibility if he/she has worked earlier as a Director, official or employee of any other entity, Details as to name and surname of the family of the Director and the relevant person's details and financial interests of himself/herself or his/her family in a bank or financial institution or other entities, share ownership in his/her name and names of the family of the said institution, Details as to the shares and debentures subscribed by the Director or his/her family members in the bank or financial institution or its holding or subsidiary company, Details of the family members working as office bearer or employee in the bank or financial institution, if any, Details as to whether the concerned bank or financial institution has, or is going to have, any type of contract with himself/herself or his/her family member, Details as to whether there is any type of interests or concerns with regard to the appointment of the Chief Executive, Company Secretary and Auditor, Written authority given to the Rastra Bank to allow it to conduct an inquiry or to cause to be conducted the inquiry into the financial and professional background of the Director, Self-declaration that he/she is qualified to be a Director pursuant to this Act, Any other details as may be specified by Rastra Bank from time to time to be furnished before the Rastra Bank and the Board of Directors","सञ्चालकको विवरण लिनु पर्ने : बैङ्क वा वित्तीय संस्थाले सञ्चालकको देहाय बमोजिमको विवरण लिनु पर्नेछ :- सञ्चालकको नाम, थर, ठेगाना, शैक्षिक योग्यता, पेशा र अनुभव, अन्य कुनै निकायको सञ्चालक, पदाधिकारी वा कर्मचारी भई काम गरेको भए सोको दर्जा र जिम्मेवारी उल्लेख गरिएको विवरण, सञ्चालकको परिवारको नाम, थर एवं सम्बद्ध व्यक्तिको विवरण तथा बैङ्क वा वित्तीय संस्था र अन्य निकायमा निज र निजको परिवारको वित्तीय स्वार, निज र निजको परिवारको नाममा रहेको उक्त संस्थाको शेयर स्वामित्व, सञ्चालक वा निजको परिवारले बैङ्क वा वित्तीय संस्था वा त्यसको मुख्य वा सहायक कम्पनीमा लिएको शेयर वा डिबेञ्चरको विवरण, परिवारको कुनै सदस्य बैङ्क वा वित्तीय संस्थामा पदाधिकारी वा कर्मचारीको हैसियतमा काम गरिरहेको भए सोको विवरण, बैङ्क वा वित्तीय संस्थासँग निज वा निजको परिवारको कुनै सदस्यले कुनै किसिमको करार गरेको वा गर्न लागेको भए सोको विवरण, कार्यकारी प्रमुख, कम्पनी सचिव तथा लेखापरीक्षकको नियुक्तिको सम्बन्धमा कुनै प्रकारको स्वार्थ वा सरोकार भए सोको विवरण, सञ्चालकको वित्तीय तथा व्यावसायिक पृष्ठभूमिको सम्बन्धमा जाँचबुझ गर्न वा गराउन वा त्यस्तो सूचना तथा जानकारी आदान प्रदान गर्न गराउन राष्ट्र बैङ्लाई दिएको लिखित अख्तियारी, यस ऐन बमोजिम सञ्चालक हुन योग्य रहेको स्वघोषणा, राष्ट्र बैङ्क तथा सञ्चालक समितिलाई जानकारी गराउनु पर्ने भनी राष्ट्र बैङ्क समय समयमा तोकिदिएको अन्य विवरण","सञ्चालकको विवरण सङ्कलन गर्नु पर्ने : बैङ्क वा वित्तीय संस्थाले सञ्चालकको देहाय बमोजिमको विवरण सङ्कलन गर्नु पर्नेछ:- सञ्चालकको नाम, थर, ठेगाना, शैक्षिक योग्यता, पेशा र अनुभव, सञ्चालक, अन्य कुनै संस्थाको पदाधिकारी वा कर्मचारीको रुपमा निज पहिले काम गरेको भए निजको नियुक्ति र जिम्मेवारीको विवरण, सञ्चालकको परिवारको नाम र थर तथा सम्बन्धित व्यक्तिको विवरण तथा बैङ्क वा वित्तीय संस्था वा अन्य संस्थामा निज आफै वा निजको परिवारको आर्थिक हित, निजको नाम र थरको शेयर स्वामित्व, निजको सम्पत्तिको स्वामित्व,"
"""Public place"" means the places as prescribed in Section 3",पर्यटकीय स्तरको होटलको व्यवस्थापकले उप नियम बमोजिम व्यवस्था गरी धुम्रपान तथा सूर्ति सेवनका लागि छुट्टै केठाको व्यवस्थ गर्न नसकेमा मानिसको आवत जावत कम हुने र धुम्रपान तथा सूर्ति सेवन नगर्ने व्यक्तिलाई प्रतिकूल असर नपर्ने गरी होटल बाहिरको कुनै एक ठाउँ धुम्रपान तथा सूर्ति सेवन गर्ने प्रयोजनका लागि तोक्न सक्नेछ,“सार्वजनिक स्थान” भन्नाले दफा ३ बमोजिमको स्थान सम्झनु पर्छ
"For the purpose of Sub-Section, the Committee may get opinion with regard to the concerned Judge from Chief Judge of concerned High Court, other Judges and employees of the Court where the concerned Judge is working, legal practitioner practicing in concerned court or service seeker of the Court","उपदफा को प्रयोजनको लागि आवश्यकता अनुसार सम्बन्धित उच्च अदालतका मुख्य न्यायाधीश, सम्बन्धित न्यायाधीश बहाल रहेको अदालतको अन्य न्यायाधीश, कर्मचारी, त्यस्तो अदालतमा कानून व्यवसाय गर्ने कानून व्यवसायी वा सेवाग्राहीसँग सम्बन्धित न्यायाधीशका सम्बन्धमा रहेको धारणा बुझ्न सक्नेछ","उपदफा को प्रयोजनको लागि आयोगले सम्बन्धित उच्च अदालतको मुख्य न्यायाधीश, सम्बन्धित न्यायाधीश कार्यरत अदालतका अन्य न्यायाधीश र कर्मचारी, सम्बन्धित अदालतमा कार्य गर्ने कानून व्यवसायी वा अदालतको सेवाग्राहीबाट सम्बन्धित न्यायाधीशको सम्बन्धमा राय लिन सक्नेछ"
"To provide information to local administration: In case anybody takes a person to any health institution for the treatment due to accident or any other reason, such a health institution shall provide such a person with treatment service as immediately available with it, and if such person is not identified, it shall provide such information to the concerned local administration.",स्थानीय प्रशासनलाई जानकारी गराउने : कसैले दुर्घटना वा अन्य कुनै कारणले कुनै व्यक्तिलाई उपचारको लागि कुनै स्वास्थ्य संस्थामा लगेमा त्यस्तो स्वास्थ्य संस्थाले त्यस्तो व्यक्तिलाई तत्काल आफुसँग उपलब्ध भएसम्मको उपचारको सेवा प्रदान गर्नु पर्नेछ र त्यस्तो व्यक्तिको पहिचान हुन नसकेमा सोको जानकारी तत्काल सम्बन्धित स्थानीय प्रशासनलाई दिनु पर्नेछ।,स्थानीय प्रशासनलाई जानकारी गराउनु पर्नेः कसैले कुनै दुर्घटना वा अन्य कुनै कारणले कसैलाई उपचारको लागि कुनै स्वास्थ्य संस्थामा लैजानेमा त्यस्तो स्वास्थ्य संस्थाले त्यस्तो व्यक्तिलाई तत्काल उपलब्ध हुने उपचार सेवा उपलब्ध गराउनु पर्नेछ र त्यस्तो व्यक्ति पहिचान नभएमा सम्बन्धित स्थानीय प्रशासनलाई जानकारी गराउनु पर्नेछ ।
"""Prescribed"" or “as prescribed"" means prescribed or as prescribed in the Rules framed under this Act","प्याकेट तथा -्यापर्समा उल्लेख गर्नु पर्ने क्राः उत्पादकले सूर्तिजन्य पदार्थको प्याकेट तथा न्यापर्समा ऐनको दफा ७ को उपदफा को खण्ड र मा उल्लेखित कुराहरुको अतिरिक्त सूर्तिजन्य पदार्थमा समावेश गरिएका नाईट्रोसोमाईन, बेन्जोपाईरिन, टार, कार्वनमोनोअक्साईड लगायतका रासायनिक तत्वहरु र सोको मात्रा समेत उल्लेख गर्नु पर्नेछ",“तोकिएको” वा “तोकिए बमोजिम” भन्नाले यस ऐन अन्तर्गत बनेको नियममा तोकिएको वा तोकिए बमोजिम सम्झनु पर्छ
To provide non-formal and open education: The children who cannot regularly study upon getting admission to a school may be provided with education of the secondary level from any non-formal or open school,अनौपचारिक तथा खुला शिक्षा प्रदान गर्नेः विद्यालयमा भर्ना भई नियमित रूपमा अध्ययन गर्न नसक्ने बालबालिकालाई माध्यमिक तहको शिक्षा अनौपचारिक वा खुला विद्यालयबाट प्रदान गर्न सकिनेछ,अनौपचारिक तथा खुला शिक्षा प्रदान गर्न सक्नेः विद्यालयमा भर्ना भई नियमित रूपमा अध्ययन गर्न नसक्ने बालबालिकालाई कुनै अनौपचारिक वा खुला विद्यालयबाट माध्यमिक तहको शिक्षा प्रदान गर्न सकिनेछ
Provided that the Supreme Court may frame the rules relating to procedures on the dispensation of juvenile justice,तर बाल न्याय सम्पादन गर्ने कार्यविधि सम्बन्धी नियम सर्वोच्च अदालतले बनाउनेछ,तर सर्वोच्च अदालतले बाल न्यायको प्रशासन सम्बन्धी कार्यविधि सम्बन्धी नियम बनाउन सक्नेछ
to make recommendations to the Government of Nepal for the protection and promotion of the rights and interests of the Dalit Community and the empowerment of such community.,दलित समुदायको हक हितको संरक्षण र सम्वर्धन तथा सो समुदायको सशक्तीकरणका सम्बन्धमा नेपाल सरकारलाई सिफारिस गर्ने।,दलित समुदायको हक हितको संरक्षण र सम्बर्द्धन तथा त्यस्तो समुदायको सशक्तीकरणको लागि नेपाल सरकारलाई सिफारिस गर्ने।
The children transferred pursuant to sub-section shall not be readmitted to such a school,उपदफा बमोजिम स्थानान्तरण हुने बालबालिकालाई त्यस्तो विद्यालयमा पुनः भर्ना गराउनु पर्ने छैन,उपदफा बमोजिम स्थानान्तरण भएका बालबालिकालाई त्यस्तो विद्यालयमा पुनः भर्ना गरिने छैन
It is just that no one should be enriched at the expense of another.,कसैले पनि अरुको हानी गरेर लाभ लिनु हुँदैन ।,कसैले पनि अर्काको खर्चमा समृद्ध हुन हुँदैन ।
Chapter-3 Procedure related to complaint action Complaint may be filed: A written or oral complaint may be filed to the Commission by the victim or anyone on behalf of the victim in case of caste based discrimination and untouchability committed by any person or organization or victimization through social malpractices or restriction in use of Dalit rights.,परिच्छेद-३ उजुरी कारबाही सम्बन्धी कार्यविधि उजुरी दिन सक्ने : कुनै व्यक्ति वा संस्थाले गरेको जातीय भेदभाव तथा छुवाछूत वा सामाजिक कुरीतिबाट पीडित भएको वा दलितको हक प्रयोगबाट वञ्चित गरेको विषयमा पीडित व्यक्ति वा निजको तर्फबाट जोसुकैले आयोग समक्ष लिखित वा मौखिक उजुरी दिन सक्नेछ ।,परिच्छेद-३ उजूरी कारबाही सम्बन्धी कार्यविधि उजूरी दिन सक्ने : कुनै व्यक्ति वा संस्थाले जातीय भेदभाव र छुवाछुत गरेमा वा सामाजिक कुरीतिको माध्यमबाट पीडितीकरण गरेमा वा दलित अधिकारको प्रयोगमा अवरोध गरेमा पीडितले वा पीडितको तर्फबाट जोसुकैले आयोगमा लिखित वा मौखिक रूपमा उजूरी दिन सक्नेछ ।
"Goods which are stale, rotten or stored or prepared in dirty or toxic conditions or in which any chemical, colour or flavour has been used, so that they become harmful to human health","मानव स्वास्थ्यलाई हानि हुने गरी सडेको, गलेको, फोहोरमैला, बिषादी मिश्रण गरी तयार गरिएको वा स्वास्थ्यलाई हानि हुने कुनै रसायन, रङ वा सुगन्ध प्रयोग गरिएको","मानव स्वास्थ्यलाई हानिनोक्सानी हुने गरी मसला, मसला वा मसलाको प्रयोग गरी मसला, मसला वा मसलाको प्रयोग गरी मसला, मसला, मसला वा मसलाको प्रयोग गरी मसला, मसला वा मसला तयार गरी तयार गरिएको वस्तु"
Disability associated with haemophilia: A person who has such physical condition that there arises problem in the clotting of blood due to deflection in factors in blood because of genetic effect.,"मानसिक वा मनोसामाजिक अपाङ्गता : मस्तिष्क र मानसिक अङ्गमा आएको समस्या तथा सचेतना, अभिमुखीकरण, स्फूर्ति, स्मरणशक्ति, भाषा, गणनाजस्ता बौद्धिक कार्य सम्पादनका सन्दर्भमा आउने समस्याको कारणले उमेर र परिस्थिति अनुसार व्यवहार गर्न समस्या हुने अवस्थाको व्यक्ति ।",रक्तमैथुनासँग सम्बन्धित अपाङ्गता : आनुवंशिक प्रभावका कारण रक्तमा रहेको तत्वको विचलनबाट रक्तको सतहीमा समस्या उत्पन्न हुने शारीरिक अवस्था भएको व्यक्ति ।
"Work, performance of the Commission not to be interrupted: The vacancy of post of the Chairperson or any member shall not interrupt the works of the Commission",आयोगको काम कारबाहीमा बाधा नपर्ने: अध्यक्ष वा कुनै सदस्यको स्थान रिक्त रहेको कारणले मात्र आयोगको काम कारबाहीमा बाधा पर्ने छैन,आयोगको काम कारबाहीमा बाधा नपर्ने: कुनै सदस्यको स्थान रिक्त रहेको कारणले मात्र आयोगको काम कारबाहीमा बाधा पर्ने छैन
"To take action on irregularities: The concerned body shall take action, in accordance with the law, on the errors and irregularities found in the performance of audit of income- expenditure and other amounts, moneys of the Government of Nepal, Provincial Government or Local Level, as the case may be",महालेखापरीक्षकले निर्देशन दिन सक्नेः महालेखापरीक्षकले संविधान र यस ऐनको अधीनमा रही लेखा सम्बन्धी व्यवस्था मिलाउन वा नियमितता ल्याउनको लागि सम्बन्धित निकायलाई समय समयमा निर्देशन दिन सक्नेछ,"अनियमितता उपर कारबाही गर्ने : नेपाल सरकार, प्रदेश सरकार वा स्थानीय तहको आय, खर्च तथा अन्य रकम, रकमको लेखापरीक्षण गर्दा देखिएका त्रुटि र अनियमितताका सम्बन्धमा सम्बन्धित निकायले कानून बमोजिम कारबाही गर्नेछ"
"It shall be the duty of the Province, Local Level and all the concerned to comply with the standards referred to in sub-section","उपदफा बमोजिमको मापदण्ड पालना गर्नु प्रदेश, स्थानीय तह तथा सम्बन्धित सबैको कर्तव्य हुनेछ ।","उपदफा बमोजिमको मापदण्डको पालना गर्नु प्रदेश, स्थानीय तह र सम्बन्धित सबैको कर्तव्य हुनेछ"
It is better to suffer an injustice than to do injustice,अन्याय गर्नु भन्दा अन्याय सहनु राम्रो हुन्छ ।,अन्यायपूर्ण व्यवहार गर्नुभन्दा अन्यायपूर्ण व्यवहार गर्नु राम्रो हुन्छ
Employee serving in a post below the Gazetted First Class of the Government of Nepal or the Tenth level of a body corporate or a level equivalent thereto.,नेपाल सरकारको राजपत्रांकित प्रथम श्रेणी वा संगठित संस्थाको दशौं तह वा सो सरहको तह भन्दा तल्लो तहका पदमा कार्यरत कर्मचारी।,नेपाल सरकारको राजपत्रांकित प्रथम श्रेणी वा सङ्गठित संस्थाको दशौं तह वा सो सरहको पदमा कार्यरत कर्मचारी ।
"Whom failing, failing in the sense of having succeeded in died and differing in that respect.","सक्कार नगरेको, सक्कार नगरेकन मृत्यु भएको कारणले ।","कसैको विफलता, मृत्यु हुन सफल भएको अर्थमा विफलता र त्यस सम्बन्धमा फरक ।"
"While making a demand for laborers pursuant to sub-sections and (2), the employer shall write to the Employment Service Center, setting out the number of laborers, their qualification, capacity, skills and the nature of work, in such a format as prescribed.","उपदफा र बमोजिम श्रमिक माग गर्दा तोकिए बमोजिमको ढाँचामा श्रमिकको सङ्ख्या, श्रमिकको योग्यता, क्षमता, सीप र कामको प्रकृति खुलाई रोजगार सेवा केन्द्रमा लेखी पठाउनु पर्नेछु।","उपदफा र बमोजिम कामदार माग गर्दा रोजगारदाताले तोकिए बमोजिमको ढाँचामा कामदारको सङ्ख्या, योग्यता, क्षमता, सीप र कामको प्रकृति खुलाई रोजगार सेवा केन्द्रमा लेखी पठाउनु पर्नेछ ।"
"If the written clarification submitted pursuant to Clause is not found to be satisfactory, the Rastra Bank may take action as referred to in Section 99 or impose a fine pursuant to as set forth in Section 100",खण्ड बमोजिम पेश भएको लिखित सफाइ चित्त बुझ्दो नदेखिएमा त्यस्तो बैङ्क वा वित्तीय संस्था वा व्यक्तिलाई राष्ट्र बैङ्कलोे दफा ९९ बमोजिमको कारबाही वा दफा १०० बमोजिमको जरिबाना गर्नेछ,खण्ड बमोजिम पेश भएको लिखित स्पष्टीकरण सन्तोषजनक नदेखिएमा राष्ट्र बैङ्कले दफा ९९ बमोजिमको कारबाही वा दफा १०० बमोजिम जरिबाना गर्न सक्नेछ
The Government of Nepal shall make provisions for special trainings for the teachers with disabilities and teachers who teach the students with disabilities.,नेपाल सरकारले अपाङ्गता भएका विद्यार्थीलाई अध्यापन गराउने शिक्षक तथा अपाङ्गता भएका शिक्षकका लागि विशेष तालिमको व्यवस्था गर्नेछ ।,नेपाल सरकारले अपाङ्गता भएका शिक्षक तथा अपाङ्गता भएका विद्यार्थीलाई सिकाउने शिक्षकलाई विशेष प्रशिक्षणको व्यवस्था गर्नेछ ।
"By setting up units at different places for providing blood transmission service, the institution obtaining the license pursuant to sub-section shall provide blood transmission service and other related services subject to the license.",उपदफा बमोजिम इजाजतपत्र प्राप्त संस्थाले इजाजतपत्रको अधीनमा रही रक्त सञ्चार सेवा प्रदान गर्नको लागि विभिन्न स्थानमा एकाइहरू खडा गरी रक्त सञ्चार सेवा तथा सोसँग सम्बन्धित अन्य सेवा प्रदान गर्नु पर्नेछ।,उपदफा बमोजिम इजाजतपत्र प्राप्त संस्थाले रक्त सञ्चार सेवा प्रदान गर्न विभिन्न ठाउँमा एकाई खडा गरी इजाजतपत्रको अधीनमा रही रक्त सञ्चार सेवा तथा अन्य सम्बन्धित सेवा प्रदान गर्नु पर्नेछ ।
"If it is deemed that special protection is not necessary and the child’s father, mother, other family member or guardian has been traced, the child welfare authority may hand over the custody of such children to them","त्यसरी विशेष संरक्षण गर्न आवश्यक नदेखिएमा र निजको बाबु, आमा, परिवारको अन्य सदस्य वा संरक्षक फेला परेमा बालकल्याण अधिकारीले त्यस्तो बालबालिकालाई निजको जिम्मा लगाउनु पर्नेछ","विशेष संरक्षणको आवश्यकता नदेखिएमा र बालबालिकाको बाबु, आमा, परिवारको अन्य सदस्य वा संरक्षक पत्ता लागेमा त्यस्तो बालबालिकाको हेरचाह बाल कल्याण अधिकारीले निजलाई दिन सक्नेछ"
"Subject to this Act and the Articles of Association, the General Meeting of a bank or financial institution shall appoint the Directors: Provided that,- Until the First Annual General Meeting of the bank or financial institution is held, promoters shall appoint the Directors","सञ्चालकको नियुक्ति यस ऐन तथा नियमावलीको अधीनमा रही बैङ्क वा वित्तीय संस्थाको साधारण सभाले गर्नेछ तर,- बैङ्क वा वित्तीय संस्थाको प्रथम वार्षिक साधारण सभा नभएसम्मको अवधिको लागि सञ्चालकको नियुक्ति संस्थापकद्वारा गरिनेछ",यो ऐन र नियमावलीको अधीनमा रही बैङ्क वा वित्तीय संस्थाको साधारण सभाले सञ्चालकको नियुक्ति गर्नेछ तर बैङ्क वा वित्तीय संस्थाको पहिलो वार्षिक साधारण सभा नभएसम्म संस्थापकले सञ्चालकको नियुक्ति गर्नेछ
Act and proceedings of the Inquiry Committee to be conducted in accordance with this Section shall be confidential,यस दफा अन्तर्गत हुने जाँचबुझ समितिको काम कारवाही गोप्य हुनेछ,यस दफा बमोजिमको जाँचबुझ समितिको काम कारबाही गोप्य रहनेछ
"The Act Relating to Children, 2048 (1992) is hereby repealed","बालबालिका सम्बन्धी ऐन, २०४८. बमोजिम भए गरेका काम कारबाही यसै ऐन बमोजिम भए गरेको मानिनेछ","बालबालिका सम्बन्धी ऐन, २०४८ (९२) खारेज गरिएको छ"
No meeting of the Board of Directors shall be held unless it is attended by at least fifty-one percent of the total number of Directors,कूल सञ्चालक संख्याको कम्तीमा एकाउन्न प्रतिशत सञ्चालक उपस्थित नभई सञ्चालक समितिको बैठक बस्ने छैन,सञ्चालकको कुल सङ्ख्याको कम्तीमा पचास प्रतिशत सदस्य उपस्थित नभएसम्म सञ्चालक समितिको बैठक बस्ने छैन
"If it is necessary to locate or identify any person, who is related to any judicial proceedings and is in the territory of a foreign state, the Court may make an order for that purpose",कुनै न्यायिक कारबाहीसँग सम्बन्धित कुनै व्यक्ति रहेको विदेशी राज्यको स्थान पत्ता लगाउनु पर्ने वा व्यक्ति सनाखत गर्नु पर्ने भएमा अदालतले सो प्रयोजनको लागि आदेश गर्न सक्नेछ,कुनै न्यायिक कारबाहीसँग सम्बन्धित कुनै व्यक्तिलाई विदेशी राज्यको क्षेत्रभित्र रहेको पत्ता लगाउन वा सनाखत गर्नु पर्ने भएमा अदालतले सो प्रयोजनको लागि आदेश गर्न सक्नेछ
"Preamble: Whereas, it is expedient to make provision on the execution of mutual legal assistance between Nepal and foreign states in matters of judicial proceedings; Now, therefore, the Constituent Assembly has, in capacity of the Legislature Parliament under Article 83 of the Interim Constitution of Nepal, 2063 made this Act","प्रस्तावना: न्यायिक कारबाहीका विषयमा नेपाल र विदेशी राज्यबीच पारस्परिक कानूनी सहायता आदान प्रदान गर्ने सम्बन्धमा कानूनी व्यवस्था गर्न वाञ्छनीय भएकोले, नेपालको अन्तरिम संविधान, २०६३ को धारा ८३ बंमोजिम व्यवस्थापिका-संसद्को हैसियतमा संविधान सभाले यो ऐन बनाएको छ","प्रस्तावना: न्यायिक कारबाहीको विषयमा नेपाल र विदेशी राज्यबीच पारस्परिक कानूनी सहायता प्रदान गर्ने व्यवस्था गर्न वाञ्छनीय भएकोले, नेपालको अन्तरिम संविधान, २०६३ को धारा ८३ बमोजिम संविधान सभाको हैसियतले यो ऐन बनाएको छ"
"Prior to granting the approval of the Ministry pursuant to sub- section (2), the consent of the Ministry of Finance in matters of financial liability shall be required to obtain",उपदफा बमोजिम मन्त्रालयले स्वीकृति दिनुअघि आर्थिक दायित्व पर्ने विषयमा अर्थ मन्त्रालयको सहमति लिनु पर्नेछ,उपदफा बमोजिम मन्त्रालयले स्वीकृति दिनु अघि वित्तीय दायित्वको विषयमा अर्थ मन्त्रालयको सहमति लिनु पर्नेछ
The intention of recovering.,पुन: प्राप्त गर्ने मनसायले ।,उपर गर्ने मनसाय ।
The award of decision of a good man.,सज्जन व्यक्तिले गरेको निर्णय ।,असल व्यक्तिको निर्णयको निर्णय ।
"If any Member nominated pursuant to sub-section fails to perform the duties of his or her office, the Ministry may, at any time, remove such a Member from office.",उपदफा बमोजिम मनोनीत कनै सदस्यले आफ्नो पदीय जिम्मेवारी पूरा नगरेमा मन्त्रालयले त्यस्ता सदस्यलाई जुनसुकै बखत सदस्यको पदबाट हटाउन सक्नेछ ।,उपदफा बमोजिम मनोनीत कुनै सदस्यले आफ्नो पदको कर्तव्य पालना नगरेमा मन्त्रालयले त्यस्तो सदस्यलाई जुनसुकै बखत पदबाट हटाउन सक्नेछ ।
"To Provide Opportunity to Defend: In case it is observed from the report of inquiry received in accordance with Section 17, 18 and 19 that the Judge of High Court or District Court, who has been charged is to be punished under the Constitution, this Act or other prevailing laws, the Judicial Council shall, within a reasonable time, give the notice of the same enclosing the causes and reasons to present his\her clarification","सफाईको मौका दिने: दफा १७, १८ वा १९ बमोजिम प्राप्त प्रतिवेदन अध्ययन गर्दा आरोपित उच्च अदालत वा जिल्ला अदालतको न्यायाधीशलाई संविधान, यस ऐन वा अन्य प्रचलित कानून बमोजिम कारवाही गर्नु पर्ने देखिएमा न्याय परिषदले कारण र आधार खुलाई मनासिव अवधि तोकी सफाई पेश गर्ने मौका दिनु पर्नेछ","प्रतिरक्षा गर्ने अवसर उपलब्ध गराउनेः दफा १७, १८ र १९ बमोजिम प्राप्त जाँचबुझको प्रतिवेदनबाट संविधान, यो ऐन वा अन्य प्रचलित कानून बमोजिम आरोप लागेको उच्च अदालत वा जिल्ला अदालतको न्यायाधीशलाई सजाय हुने देखिएमा न्याय परिषदले निजलाई सफाई पेश गर्न कारण र कारण खुलाई उचित समयभित्र सोको सूचना दिनु पर्नेछ"
Chapter- 4 Operation of the Commission Office of the Commission: A central office of the Commission shall be established in the Kathmandu Valley for the operation of work of the Commission.,परिच्छेद-४ आयोगको कार्य सञ्चालन १६ आयोगको कार्यालय: आयोगको कार्य सञ्चालनको लागि काठमाडौं उपत्यकामा आयोगको एक केन्द्रीय कार्यालय रहनेछ ।,परिच्छेद-४ आयोगको कार्य सञ्चालन आयोगको कार्यालय: आयोगको कार्य सञ्चालनको लागि काठमाडौं उपत्यकामा आयोगको एक केन्द्रीय कार्यालय रहनेछ ।
Meeting of the Commission: The meeting of the Commission shall decide the activities of the Commission to be performed in accordance with the Constitution and this Act,आयोगको बैठकः संविधान वा यस ऐन बमोजिम आयोगले गर्नुपर्ने काम आयोगको बैठकको निर्णय बमोजिम हुनेछ,आयोगको बैठकः संविधान र यस ऐन बमोजिम गर्नु पर्ने काम आयोगको बैठकको निर्णय बमोजिम हुनेछ
Other provisions for the compensation to be provided pursuant to sub- section shall be as prescribed.,उपदफा बमोजिम दिइने क्षतिपूर्ति सम्बन्धी अन्य व्यवस्था तोकिए बमोजिम हुनेछ ।,उपदफा बमोजिम प्रदान गरिने क्षतिपूर्तिको अन्य व्यवस्था तोकिए बमोजिम हुनेछ ।
Application is the life of a rule.,कानूनको व्याख्यात्मक कार्य कानूनको मुल अंश हो ।,प्रयोग भनेको नियमको जीवन हो ।
"Other provisions regarding the investigation of the complaints, shall be as prescribed.",उजुरीको छानबिन सम्बन्धी अन्य व्यवस्था तोकिए बमोजिम हुनेछ ।,उजुरीको अनुसन्धान सम्बन्धी अन्य व्यवस्था तोकिए बमोजिम हुनेछ ।
An action by the owner of material incorporated without payment into the defendant’s building.,कसैको घरबनाउँदा परेकोबाट सामाग्रीको बक्यौता उठाउन गरिने दावी । व्याख्याः निर्माणकर्ताले भवन निर्माण गरी बक्यौता नतिरेको अवस्थामा घरधनीले निर्माण सामाग्रीको रकम लिन दायर गर्ने दावी ।,प्रतिवादीको भवनमा बिना भुक्तानी संस्थापना भएको सामग्रीको धनीबाट गरिने उजुरी ।
The qualification of the Inspection Officer appointed or designated pursuant to sub-section shall be as prescribed,उपदफा बमोजिम नियुक्त वा तोकेको निरीक्षण अधिकृतको योग्यता तोकिए बमोजिम हुनेछ,उपदफा बमोजिम नियुक्त वा तोकेको निरीक्षण अधिकृतको योग्यता तोकिए बमोजिम हुनेछ
Assessment to be made: The Council may make assessment of the curricula and requirements determined for the admission of such educational institutions which is recognized pursuant to section 22,सूल्याङ्कन गर्न सक्नेः परिषद्ले दफा २२ बमोजिम मान्यता प्रदान गरिएको शैक्षिक योग्यताको प्रमाणपत्र वा अन्य उपाधि प्रदान गर्ने शिक्षण संस्थाले त्यस्तो प्रमाणपत्र वा अन्य उपाधिको लागि निर्धारण गरेको पाठ्यक्रम तथा भर्नाको लागि निर्धारण गरेका शर्तहरुको मूल्याङ्कन गर्न सक्नेछ,मूल्याङ्कन गर्न सक्नेः परिषद्ले दफा २२ बमोजिम मान्यता प्राप्त शैक्षिक संस्थाहरूलाई भर्नाका लागि निर्धारण भएका पाठ्यक्रम तथा आवश्यकताको मूल्याङ्कन गर्न सक्नेछ
The Supreme Court may frame juvenile justice procedures or guidelines subject to this Act or the Rules framed under this Act,यो ऐन वा यस ऐन बमोजिम बनेको नियमावलीको अधीनमा रही सर्वोच्च अदालतले बाल न्याय कार्यविधि वा निर्देशिका बनाउन सक्नेछ,यो ऐन वा यस ऐन अन्तर्गत बनेको नियमको अधीनमा रही सर्वोच्च अदालतले बाल न्याय सम्बन्धी कार्यविधि वा निर्देशिका बनाउन सक्नेछ
No person shall broadcast information or news through any communication media by disclosing the identity of a child victim of an offence against children,कसैले पनि बालबालिका विरुद्धको कसूरबाट पीडित बालबालिकाको पहिचान खुल्ने गरी कुनै पनि सञ्चार माध्यममा सूचना वा समाचार सम्प्रेषण गर्नु हुँदैन,कसैले पनि बालबालिका विरूद्धको कसूरजन्य कार्यको पीडित बालबालिकाको पहिचान खुलाई कुनै सञ्चार माध्यम मार्फत सूचना वा समाचार प्रसारण गर्न हुँदैन
To support the entertainment centres and organisations that provide services to the persons with disabilities.,अपाङ्गता भएका व्यक्तिलाई सेवा उपलब्ध गराउने मनोरञ्जन केन्द्र तथा संघसंस्थालाई सहयोग गर्ने।,अपाङ्गता भएका व्यक्तिलाई सेवा प्रदान गर्ने मनोरञ्जन केन्द्र तथा संस्थालाई सहयोग गर्ने।
"Not to disturb that, which is quiescent. (Don't move settled things.)",मौन स्वीकृति जनाउँदाको विषय छलवल नपार्ने । (समधान भइसकेको विषय नखल्बलाउने ।),मौन रहेको विषयलाई बाधा पुच्याउन नहुने ।
to approve the annual plans and program of the Commission,आयोगको वार्षिक योजना र कार्यक्रम स्वीकृत गर्ने,आयोगको वार्षिक योजना तथा कार्यक्रम स्वीकृत गर्ने
They who seek a reason for everything subvert reason.,हरेक कुरामा तर्क (औचित्य) खोज्नेहरूले तर्क (औचित्य) लाई लयालिंग बनाउँछन् । (तहसनहस),"जसले हरेक कुराको कारण खोज्दछ, निजले कारणलाई भङ्ग गर्दछन् ।"
General Reserve Fund: A bank or financial institution shall maintain a general reserve fund,साधारण जगेडा कोष : बैङ्क वा वित्तीय संस्थाले एक साधारण जगेडा कोष कायम राख्नु पर्नेछ,साधारण जगेडा कोष : बैङ्क वा वित्तीय संस्थाले साधारण जगेडा कोष कायम गर्नु पर्नेछ
Meeting of the Commission: The meeting of the Commission shall decide the activities to be performed in accordance with the Constitution and this Act,आयोगको बैठक : संविधान वा यस ऐन बमोजिम गर्नु पर्ने काम आयोगको बैठकको निर्णय बमोजिम हुनेछ,आयोगको बैठकः संविधान र यस ऐन बमोजिम गर्नु पर्ने काम आयोगको बैठकको निर्णय बमोजिम हुनेछ
"The Government of Nepal may grant naturalized citizenship as prescribed to those foreign citizens, who have contributed specially for the upliftment of science, philosophy, art, literature, world peace, human welfare or Nepalese industry, finance or social development and have fulfilled the following conditions or status: who is able to read and write Nepali or any other language in practice in Nepal","देहायका शर्त र अवस्था पूरा गरिसकेका विदेशी नागरिकमध्ये विज्ञान, दर्शनशास्त्र, कला, साहित्य, विश्वशान्ति, मानव कल्याण वा नेपालको औद्योगिक, आर्थिक वा सामाजिक उन्नतिमा विशेष योगदान पुच्याएको वा पुस्याउन सक्ने भनी मनासिब आधारमा नेपाल सरकारले ठहस्याएको व्यक्तिलाई तोकिए बमोजिम अङ्गीकृत नेपाली नागरिकता प्रदान गर्न सकिनेछ :- नेपाली वा नेपालमा प्रचलित अन्य कुनै भाषा बोल्न र लेख्न जानेको","विज्ञान, दर्शन, कला, साहित्य, विश्व शान्ति, मानव कल्याण वा नेपाली उद्योग, वित्त वा सामाजिक विकासकोलागि विशेष योगदान दिएका र देहायको शर्त वा स्थिति पूरा गरेका विदेशी नागरिकलाई नेपाल सरकारले तोकिए बमोजिम अङ्गीकृत नागरिकता दिन सक्नेछ:- नेपालमा व्यवहारमा नेपाली वा अन्य कुनै भाषा पढ्न र लेख्न सक्ने"
"If the details of the households which are not prone to food insecurity are found to have been included in the records referred to in sub-section (1), or if the households included in the records do not fall under the targeted households for any reason whatsoever, the Local Level may remove the details of such family from the records in any circumstance.",उपदफा बमोजिमको अभिलेखमा खाद्य असुरक्षाको जोखिममा नरहेका घर परिवारको विवरण समेत समावेश भएको पाइएमा वा अभिलेखमा परेको घर परिवार कुनै कारणबाट लक्षित घर परिवारमा नपर्ने भएमा जुनसुकै अवस्थामा स्थानीय तहले त्यस्तो परिवारको विवरण अभिलेखबाट हटाउन सक्नेछ ।,उपदफा बमोजिमको अभिलेखमा खाद्य असुरक्षाको जोखिम नपर्ने घर परिवारको विवरण समावेश भएको पाइएमा वा कुनै कारणवश अभिलेखमा समावेश भएको घर परिवार लक्षित घर परिवारको अधीनमा नरहेमा स्थानीय तहले कुनै अवस्थामा त्यस्तो परिवारको विवरण अभिलेखबाट हटाउन सक्नेछ ।
The Juvenile Court shall make the child participate while trying the case and shall provide an opportunity to freely put his or her views,बाल अदालतले मुद्दाको सुनुवाइ गर्दा बालबालिकालाई सहभागी बनाउनु पर्नेछ र निजलाई आफ्नो भनाई स्वतन्त्र रूपमा व्यक्त गर्ने अवसर प्रदान गर्नु पर्नेछ,बाल अदालतले मुद्दाको सुनुवाइ गर्दा बालबालिकालाई सहभागी गराउनु पर्नेछ र निजलाई स्वतन्त्र रूपमा आफ्नो धारणा व्यक्त गर्ने मौका दिनु पर्नेछ
"The public body or body corporate or any employee working in such a body that keeps the details relating to the property of a person or that can have information thereof shall not inform anyone else, or publish or cause the details of property of any person published in any way, without the consent of the concerned person",व्यक्तिको सम्पत्ति सम्बन्धी विवरण राख्ने वा त्यसको जानकारी हुन सक्ने सार्वजनिक निकाय वा सङ्गठित संस्था वा त्यस्तो संस्थामा काम गर्ने कुनै कर्मचारीले कुनै पनि व्यक्तिको सम्पत्तिको विवरण सम्बन्धित व्यक्तिको मञ्जुरीविना कुनै पनि तरिकाले अरु कसैलाई जानकारी दिन वा सार्वजनिक गर्न वा गराउन हुँदैन,सार्वजनिक निकाय वा सङ्गठित संस्था वा व्यक्तिको सम्पत्ति सम्बन्धी विवरण राख्ने वा सोको जानकारी हुने निकायमा कार्यरत कर्मचारीले सम्बन्धित व्यक्तिको मञ्जरीविना अन्य कसैलाई जानकारी गराउन वा कुनै पनि किसिमले कुनै व्यक्तिको सम्पत्तिको विवरण सार्वजनिक गर्न वा गराउन हुँदैन
"Delegation of Power: The Commission may delegate some authority accorded to it by the Constitution and this Act, as per necessity, with set conditions for its use and adherence, to the Chairperson, Member, Government of Nepal, State Government, official employee of any agency or Local Government","अधिकार प्रत्यायौजन : आयोगले संविधान तथा यस ऐन बमोजिम आफूलाई प्राप्त अधिकारमध्ये आवश्यकता अनुसार कुनै अधिकार तोकिएको शर्तको अधीनमा रही प्रयोग र पालन गर्ने गरी अध्यक्ष, सदस्य, नेपाल सरकार, प्रदेश सरकार, कुनै निकाय वा स्थानीय सरकारको कुनै अधिकृत कर्मचारीलाई प्रत्यायोजन गर्न सक्नेछ","अधिकार प्रत्यायोजनः आयोगले संविधान र यस ऐन बमोजिम आफूलाई प्राप्त अधिकारमध्ये आवश्यकता अनुसार कुनै अधिकार तोकिएको शर्तको अधीनमा रही प्रयोग र पालना गर्ने गरी अध्यक्ष, सदस्य, नेपाल सरकार, प्रदेश सरकार, कुनै निकाय वा स्थानीय सरकारको कुनै अधिकृत कर्मचारीलाई प्रत्यायोजन गर्न सक्नेछ"
"May form committee or working group: The Commission may form a committee or working group with the purpose of performing specific tasks relating to the Commission, by formulating a procedure",समिति वा कार्यदल गठन गर्न सक्ने: आयोगसँग सम्बन्धित कुनै विशेष प्रकृतिको कार्य सम्पादन गर्ने प्रयोजनको लागि आयोगले कार्यावधि तोकी कुनै समिति वा कार्यदल गठन गर्न सक्नेछ,समिति वा कार्यदल गठन गर्न सक्ने: आयोगसँग सम्बन्धित कुनै विशेष प्रकृतिको कार्य सम्पादन गर्ने प्रयोजनको लागि आयोगले कार्यावधि तोकी कुनै समिति वा कार्यदल गठन गर्न सक्नेछ
“Audit Committee” means the Audit Committee as referred to in section 60,"""लेखापरीक्षण समिति” भन्नाले दफा ६० बमोजिमको लेखापरीक्षण समिति सम्झनु पर्छ",“लेखापरीक्षण समिति” भन्नाले दफा साठी बमोजिमको लेखापरीक्षण समिति सम्झनु पर्छ
"Protection of the action taken in Good Faith: No legal proceedings shall be initiated against the Members of the Commission, employees or any person deputed by the Commission for any action performed under this Act or rules framed under this Act, in good faith","असल नियतले गरेको कामको बचाउ: आयोगका पदाधिकारी, कर्मचारी वा आयोगले खटाएको कुनै पनि व्यक्तिले यस ऐन वा यस ऐन अन्तर्गत बनेका नियमहरू बमोजिम असल नियतले गरेको कुनै काम कारबाहीका सम्बन्धमा निजहरू उपर कुनै कानूनी कारबाही चलाइने छैन","असल नियतले गरेको कामको बचाउ : आयोगका पदाधिकारी, कर्मचारी वा आयोगले खटाएको कुनै पनि व्यक्तिले यस ऐन वा यस अन्तर्गत बनेको नियमहरू बमोजिम असल नियतले गरेको कुनै काम कारबाहीका सम्बन्धमा निजहरू उपर कुनै कानूनी कारबाही चलाइने छैन"
Matters concerning residuary powers.,उपदफा को खण्ड मा जुनसुकै कुरा लेखिएको भए तापनि प्रदेश वा स्थानीय तहबाट सञ्चालन वा प्रशासन हुने कुनै विषयमा कानून बमोजिम प्रशासनिक दण्ड जरिवानाको व्यवस्था गर्न सकिनेछ ।,अवशिष्ट अधिकार सम्बन्धी विषय ।
The law suffers no fractions and divisions of statutes.,कानूनमा ऐन (विधायन) हरूको खण्डीकरण तथा विभाजन ग्राहय हुँदैन ।,कानूनमा विभेद र विभाजन हुँदैन ।
"To keep him or her in illegal confinement, detention, prison or house arrest, handcuff him or her","विद्युतीय वा अन्य माध्यम प्रयोग गरी सताउने, कष्ट दिने","गैरकानूनी कारागारमा, थुनामा, कारागारमा वा घर जफतमा राखे, घेरा लगाउने"
The other procedures to be complied with while taking actions or imposing fines by the Rastra Bank shall be as specified by the Rastra Bank,यस ऐन बमोजिम राष्ट्र बैङ्कले गर्ने कारबाही वा जरिबाना गर्दा अवलम्बन गर्नुपर्ने अन्य कार्यविधि राष्ट्र बैङ्कले तोके बमोजिम हुनेछ,राष्ट्र बैङ्कले कारबाही वा जरिबाना गर्दा पालना गर्नु पर्ने अन्य कार्यविधि राष्ट्र बैङ्कले तोके बमोजिम हुनेछ
A claimant must follow the court to the jurisdiction of which the defender is subject at the time.,दावीदारले प्रतिवादी रहेको इलाकामा रहेको अदालतमा उजुरी दिनु पर्छ ।,दाबीकर्ताले त्यस समयमा प्रतिवादीको अधीनमा रहेको अदालतको अनुशरण गर्नु पर्नेछ ।
"Exchange Equalization Fund: A bank or financial institution carrying out foreign exchange business shall make necessary accounts adjustments in the profit and loss account of the revaluation profits earned as a result of fluctuations in the exchange rates of foreign currencies, other than the Indian currency, every year at the end of the same fiscal year, While making such accounts adjustment in the profit and loss account, if revaluation earning has been made in any fiscal year, at least twenty-five per cent of such profits shall be credited to the exchange equalization fund: Provided that in the case of a revaluation profit-loss resulting from fluctuation in the exchange rate of the Indian currency, it shall be as prescribed by the Rastra Bank","सटही समीकरण कोष : विदेशी विनिमय कारोबार गर्ने बैङ्क वा वित्तीय संस्थाले प्रत्येक आर्थिक वर्षमा भारतीय रुपैयाँ बाहेक अन्य विदेशी मुद्राको विनिमय दरमा परिवर्तत भएको कारणबाट आर्जन गरेको पुनर्मूल्याङ्गन मुनाफालाई सोही आर्थिक वर्षको अन्त्यमा नाफा-नोक्सान हिसाबमा आवश्यक हिसाब मिलान गर्नु पर्नेछ, त्यसरी नाफा-नोक्सान हिसाबमा हिसाब मिलान गर्दा कुनै आर्थिक वर्षमा पुनर्मूल्याङ्गग आम्दानी भएमा त्यस्तो मुनाफाको कम्तीमा पच्चीस प्रतिशत रकम सटही समीकरण कोषमा जम्मा गर्नु पर्नेछ, तर भारतीय रुपैयाँको विनिमय दरमा परिवर्तन भएको कारणबाट हुने पुनर्मूल्याङ्गन नाफा-नोक्सानीको हकमा राष्ट्र बैङ्कले तोके बमोजिम हुनेछ","विनिमय समानीकरण कोष : विदेशी विनिमय व्यवसाय गर्ने बैङ्क वा वित्तीय संस्थाले विदेशी मुद्रा बाहेकको अन्य मुद्राको विनिमय दरमा उतारचढाव भएको कारणबाट प्राप्त हुने पुनर्मूल्याङ्कन मुनाफाको नाफा-नोक्सान हिसाबमा प्रत्येक वर्ष सोही आर्थिक वर्षको अन्त्यमा आवश्यक हिसाब मिलान गर्नु पर्नेछ, कुनै आर्थिक वर्ष पुनर्मूल्याङ्कन हुन आएकोमा त्यस्तो नाफा-नोक्सान हिसाबमा हिसाब मिलान गर्दा त्यस्तो मुनाफाको कम्तीमा पच्चीस प्रतिशत रकम विनिमय समानीकरण कोषमा जम्मा गर्नु पर्नेछ, तर त्यस्तो मुनाफाको कम्तीमा"
The amount of Fund deduction of an employee and amount to be added thereto shall be as per the rules of the office paying salary to him or her.,कर्मचारीको कोष कट्टी र त्यसमा थप हुने रकम निजको तलब दिने कार्यालयको नियम अनुसार हुनेछ ।,कर्मचारीको कोष कट्टीको रकम र सोमा थपिने रकम निजलाई तलब दिने कार्यालयको नियम बमोजिम हुनेछ ।
External acts reveal the internal secret purpose.,बाह्य प्रतिले भित्री गोप्य सोच प्रकट गर्दछ ।,बाह्य कामले आन्तरिक गोप्य उद्देश्यलाई खुलाउँछ ।
A Director shall be personally liable for any act carried out exceeding his/her authority as of a Director of a bank or financial institution,बैङ्क वा वित्तीय संस्थाको सञ्चालकको हैसियतले काम गर्ने सञ्चालक आफ्नो अधिकारक्षेत्र नाघी गरेको कूनै पनि काम कारबाही प्रति स्वयं उत्तरदायी हुनेछ,बैङ्क वा वित्तीय संस्थाको सञ्चालकको हैसियतभन्दा बढी भएको कुनै काम कारबाहीको लागि सञ्चालक व्यक्तिगत रूपमा उत्तरदायी हुनेछ
"Things which are less culpable, may be more infamous.",अपराधिक तत्व कम भएको कार्य पनि बढी कुख्यात हुन सक्छन् ।,तल्लो दोष हुने विषय बढी बदनाम हुन सक्छ ।
"Chapter-3 Employment Service Center Employment Service Center: The Government of Nepal shall, by a notification in the Nepal Gazette, establish an Employment Service Center in each Local Level, which shall act under the Local Level.",परिच्छेद-३ रोजगार सेवा केन्द्र रोजगार सेवा केन्द्र: नेपाल सरकारले नेपाल राजपत्रमा सूचना प्रकाशन गरी स्थानीय तह मातहत रही कार्य गर्ने गरी प्रत्येक स्थानीय तहमा एक रोजगार सेवा केन्द्र स्थापना गर्नेछ।,परिच्छेद-३ रोजगार सेवा केन्द्र रोजगार सेवा केन्द्र : नेपाल सरकारले नेपाल राजपत्रमा सूचना प्रकाशन गरी प्रत्येक स्थानीय तहमा स्थानीय तहको अधीनमा रही काम गर्ने रोजगार सेवा केन्द्र स्थापना गर्नेछ ।
"Food crisis zone may be declared: If there arises a food crisis in any zone due to reasons such as earthquake, excessive rainfall, low rainfall, flood, landslide, inferno, epidemic, famine, the Government of Nepal may declare such a zone as a food crisis zone for a certain period.","खाद्य सङ्घगटग्रस्त क्षेत्र घोषणा गर्न सक्ने: नेपाल सरकारले भूकम्प, अतिवृष्टि, अनावृष्टि, बाढी, पहिरो, आगलागी, महामारी, भोकमरी जस्ता कारणले कुनै क्षेत्रमा खाद्य सङ्कट उत्पन्न भएमा त्यस्तो क्षेत्रलाई निश्चित अवधिका लागि खाद्य सङ्गटग्रस्त क्षेत्र घोषणा गर्न सक्नेछ ।","खाद्य सङ्कटग्रस्त क्षेत्र घोषणा गर्न सक्ने : भूकम्प, अतिवृष्टि, न्यूनवृष्टि, बाढी, भूमिस्खलन, विपद्, महामारी, भोकमरी जस्ता कारणबाट कुनै क्षेत्रमा खाद्य सङ्कट उत्पन्न भएमा नेपाल सरकारले त्यस्तो क्षेत्रलाई निश्चित अवधिको लागि खाद्य सङ्कटग्रस्त क्षेत्र घोषणा गर्न सक्नेछ ।"
"Chapter-2 Rights, Duties of Service Recipients and Responsibilities of Health Institutions Access to and certainty of health service: Every citizen shall have the right to obtain quality health service in an easy and convenient manner.","परिच्छेद-२ सेवाग्राहीको अधिकार, कर्तव्य तथा स्वास्थ्य संस्थाको दायित्व स्वास्थ्य सेवाको पहुँच तथा सुनिश्चितता : प्रत्येक नागरिकलाई गुणस्तरीय स्वास्थ्य सेवा सहज र सर्वसुलभ रूपमा प्राप्त गर्ने अधिकार हुनेछ।","परिच्छेद-२ स्वास्थ्य संस्थाको सेवाको अधिकार, कर्तव्य र दायित्व स्वास्थ्य सेवामा पहुँच र निश्चितता: प्रत्येक नागरिकलाई सहज र सुविधाजनक रूपमा गुणस्तरीय स्वास्थ्य सेवा प्राप्त गर्ने अधिकार हुनेछ ।"
"Provisions relating to Coordination Committee: There shall be a Local Coordination Committee in each Rural Municipality and Municipality for performing functions, inter alia, to make coordination on the matters related to the protection of rights, interests of the persons with disabilities.","समन्वय समितिको गठन देहाय बमोजिम हुनेछ :- गाउँ कार्ययालिका वा नगर कार्यपालिकाको उपाध्यक्ष वा उपप्रमुख -संयोजक गाउँ कार्यपालिका वा नगर कार्यपालिकाको महिला सदस्य मध्येबाट गाउँ कार्यपालिका वा नगर कार्यपालिकाले तोकेको महिला सदस्य -सदस्य गाउँपालिका र नगरपालिकाभित्रका माध्यमिक विद्यालयका प्रधानाध्याक वा स्रोत व्यक्तिमध्येबाट गाउँ कार्यपालिकाको अध्यक्ष वा नगर कार्यपालिकाको प्रमुखले तोकेको व्यक्ति -सदस्य गाउँ कार्ययालिकाको अध्यक्ष वा नगर कार्ययालिकाको प्रमुखले तोकेको स्थानीय स्वास्थ्य चौकी वा अस्पतालको चिकित्सक -सदस्य स्थानीय प्रहरी कार्यालयको प्रमुख -सदस्य अपाङ्गता भएका व्यक्तिको हक, हित र संरक्षणको क्षेत्रमा स्थानीय स्तरमा कार्यरत संघ संस्थाहरुमध्येबाट गाउँ कार्ययालिकाको अध्यक्ष वा नगर कार्यपयालिकाको प्रमुखले मनोनयन गरेको संस्थाको प्रतिनिधि -सदस्य गाउँपालिका र नगरपालिका भित्रका अपाङ्गता भएका व्यक्तिहरुमध्येबाट समन्वय समितिले मनोनयन गरेको एक जना महिला सहित तीन जना -सदस्य नेपाल सरकार र प्रदेश सरकारका स्थानीय स्तरमा रहेका सम्बन्धित विषय हेर्ने कार्यालयको कार्यालय प्रमुख -सदस्य (फे) गाउँ कार्यपालिका वा नगर कार्ययालिकाको उपाध्यक्ष वा उपप्रमुखले तोकेको गाउँ कार्यपालिका वा नगर कार्यपालिकाको कर्मचारी -सदस्य-सचिव उपदफा बमोजिम मनोनीत. सदस्यको पदावधि दुई वर्षको हुनेछ ।",समन्वय समिति सम्बन्धी व्यवस्था : अपाङ्गता भएका व्यक्तिको हक हितको संरक्षणसँग सम्बन्धित विषयमा समन्वय गर्ने कार्य सम्पादन गर्नका लागि प्रत्येक गाउँ नगरपालिका र नगरपालिकामा स्थानीय समन्वय समिति रहनेछ ।
On the same condition.,समान सर्तमा ।,उस्तै अवस्थामा ।
An action to recover sum of money paid by mistake.,भूलवस तिरेको रकम फिर्ता माग गर्ने उजुरी ।,त्रुटिपूर्वक तिरिएको रकम असुल उपर गरिने उजुरी ।
"If the certificate referred to in clause is not available, the age recorded in the Janmakundali (birth chart), Cheena (horoscope), notes, or the age disclosed by the father, mother, guardian or any other family member of the child or similar other relevant evidence","खण्ड बमोजिमको प्रमाणपत्र पनि नभएमा जन्मकुण्डली, चिना, टिपोट, बालबालिकाको बाबु आमा, संरक्षक वा परिवारका अन्य सदस्यले खुलाई दिएको उमेरवा यस्तै अन्य सम्बद्ध प्रमाण","खण्ड बमोजिमको प्रमाणपत्र नभएमा जन्मदर्ता, श्रृङ्खला, द्रष्टव्यमा उल्लेख भएको उमेर वा बालबालिकाको बाबु, आमा, संरक्षक वा परिवारका अन्य कुनै सदस्यले प्रकट गरेको उमेर वा त्यस्तै अन्य सम्बन्धित प्रमाण"
"The establishment, operation, monitoring and other arrangement of the child reform home shall be as prescribed","बाल सुधार गृहको स्थापना, सञ्चालन, अनुगमन तथा अन्य व्यवस्था तोकिए बमोजिम हुनेछ","बाल सुधार गृहको स्थापना, सञ्चालन, अनुगमन र अन्य व्यवस्था तोकिए बमोजिम हुनेछ"
Any other works as specified by prevailing laws.,प्रचलित कानून बमोजिम तोकिएका अन्य कार्य ।,प्रचलित कानून बमोजिम तोकिए बमोजिमका अन्य कुनै काम ।
Liberty is more favoured than all things.,स्वतन्त्रता अन्य कुनै वस्तुभन्दा पनि बढी प्रिय हुन्छ ।,स्वतन्त्रता सबै भन्दा बढी सन्तुष्ट हुन्छ ।
"If the matters set out in the report received pursuant to sub-section, requires for policy decision to be made by any agency, the agency conducting or causing to conduct the inspection and monitoring shall write to the concerned agency for necessary policy decisions",उपदफा बमोजिम प्राप्त प्रतिवेदनमा उल्लिखित विषयका सम्बन्धमा कुनै निकायबाट नीतिगत निर्णय गर्नु पर्ने देखिएमा निरीक्षण तथा अनुगमन गर्ने गराउने निकायले आवश्यक नीतिगत निर्णयको लागि सम्बन्धित निकाय समक्ष लेखी पठाउनु पर्नेछ,उपदफा बमोजिम प्राप्त भएको प्रतिवेदनमा उल्लिखित कुराले कुनै निकायले नीतिगत निर्णय गर्नु पर्ने भएमा निरीक्षण तथा अनुगमन गर्ने गराउने निकायले आवश्यक नीतिगत निर्णयको लागि सम्बन्धित निकायमा लेखी पठाउनु पर्नेछ
Conversion: Conversion has been made by mentioning following terminologies in place of following terminologies remained in prevailing law,“पुनरावेदन अदालतको न्यायाधीश” भन्ने शब्दहरूको सट्टा “उच्च अदालतको न्यायाधीश”,परिवरण: प्रचलित कानूनमा रहेका शब्दावलीको सट्टा देहाय बमोजिमको शब्दावली उल्लेख गरी परिवरण गरिएको छ
"The Commission shall have to get the approval of the Government of Nepal, Ministry of Finance, while making rules on matters that impose financial burden or liability on the Government of Nepal",उपदफा बमोजिम बनाउने नियममा नेपाल सरकारलाई आर्थिक भार वा दायित्व पर्ने विषय समावेश भएमा: आयोगले अर्थ मन्त्रालयको सहमति लिनु पर्नेछ,"नेपाल सरकारलाई आर्थिक भार वा दायित्व पर्ने विषयमा नियम बनाउँदा आयोगले नेपाल सरकार, अर्थ मन्त्रालयको सहमति लिनु पर्नेछ"
"Chapter — 5 Resolution of Disputes To Perform Business in Non-controversial Manner: The Federation, Province and Local Level while performing business of their respective jurisdictions of powers shall perform in such a way so that there shall be no disputes.","परिच्छेद-५ विवाद समाधान विवाद नआउने गरी कार्यसम्पादन गर्नु पर्ने : सङ्ग, प्रदेश र स्थानीय तहहरुले आफ्नो अधिकार क्षेत्रभित्रको कार्यसम्पादन गर्दा विवाद नआउने गरी सम्पन्न गर्नु पर्नेछ ।","परिच्छेद-५ विवाद समाधान गैरविवादरहित आचरणमा काम गर्ने : सङ्ग, प्रदेश र स्थानीय तहले आफ्नो अधिकारक्षेत्रको काम गर्दा विवाद नहुने गरी गर्नु पर्नेछ ।"
"Notwithstanding anything contained in Sub-Section , any bank or financial institution which has obtained approval to carry out financial transactions according to the prevailing laws at the commencement of this Act may carry out financial transactions by using the name on having at the time of approval",उपदफा मा जुनसुकै कुरा लेखिएको भए तापनि यो ऐन प्रारम्भ हुँदाका बखत प्रचलित कानून बमोजिम वित्तीय कारोबार गर्न स्वीकृति प्राप्त गरेको कुनै बैङ्क वा वित्तीय संस्थाले त्यस्तो कारोबार गर्न स्वीकृति प्राप्त गर्दाका बखत कायम रहेको नाम प्रयोग गरी वित्तीय कारोबार गर्न सक्नेछ,उपदफा मा जुनसुकै कुरा लेखिएको भए तापनि यो ऐन प्रारम्भ हुँदाका बखत प्रचलित कानून बमोजिम वित्तीय कारोबार गर्न स्वीकृति प्राप्त गरेको बैङ्क वा वित्तीय संस्थाले स्वीकृति प्राप्त हुँदाका बखत स्वीकृति लिई वित्तीय कारोबार गर्न सक्नेछ
"Except in the circumstance as referred in Sub-Section (2), the Director, Chief Executive, office bearer, employee, auditor, advisor of a bank or financial institution or any other relevant person shall not disclose or cause to be disclosed the secrecy of the accounts, records, books, ledgers and any other information of the bank or financial institution the secrecy of which is required to be maintained in such a manner as to undermine the relationship between the bank or financial institution and its customers","उपदफा मा उल्लिखित अवस्थामा बाहेक बैङ्क वा वित्तीय संस्थाका सञ्चालक, पदाधिकारी, कार्यकारी प्रमुख, कर्मचारी, लेखापरीक्षक, सल्लाहकार तथा सम्बन्धित कुनै पनि व्यक्तिले बैङ्क वा वित्तीय संस्था र त्यसका ग्राहकबीचको सम्बन्धमा खलल पर्ने गरी बैङ्क वा वित्तीय संस्थाको हिसाब किताब, खाता, बही, श्रेस्ता, लेखा तथा अन्य कुनै पनि किसिमको गोपनीयता कायम गर्नु पर्ने विषयको गोपनीयता भङ्ग गर्नु, गराउनु हुँदैन","उपदफा मा उल्लिखित अवस्थामा बाहेक बैङ्क वा वित्तीय संस्थाको सञ्चालक, कार्यकारी प्रमुख, पदाधिकारी, कर्मचारी, लेखापरीक्षक, परामर्शदाता वा अन्य कुनै सम्बन्धित व्यक्तिले त्यस्तो बैङ्क वा वित्तीय संस्थाको लेखा, अभिलेख, बही, ledgers र अन्य जुनसुकै सूचनाको गोपनीयतालाई सार्वजनिक गर्न वा गराउन हुँदैन र सोको गोपनीयता त्यस्तो तरिकाले कायम राख्नु पर्नेछ जसले बैङ्क वा वित्तीय संस्था र ग्राहक बीचको सम्बन्धलाई विचलन गराउनेछ"
The meeting of the Commission shall be chaired by the Chairperson of the Commission,आयोगको बैठकको अध्यक्षता अध्यक्षले गर्नेछ,आयोगको बैठकको अध्यक्षता अध्यक्षले गर्नेछ
One who has become insolvent in accordance with the prevailing law,त्यसरी दरखास्त दिएकोमा कारण मनासिब देखिएमा प्रदेश कानूनले तोकेको निकायले त्यस्तो पशु स्वास्थ्य तथा पशु सेवा व्यवसायीको नाम दर्ता किताबमा पुनः दर्ता गरी प्रमाणपत्र दिनुपर्नेछ,प्रचलित कानून बमोजिम बिगो हुने व्यक्ति
"What is a law, and in what term breach of law (injury) consists, it is for the law to define or determine.","कानून के हो र कुन अवस्थामा कानूनको उल्लंघन (हानिनोक्सानी) भएको हुन्छ, त्यो कानूनले परिभाषा वा निधारण गर्ने विषय हो ।",कानून के हो र कानूनको उल्लङ्घन गर्ने शब्द के हो सो कानूनले परिभाषित वा निर्धारण गर्छ ।
That which is paid by the order of another is as to him just as if it had been paid to himself.,"अर्कको आदेशले जुन रकम भुक्तानी दिइएको हुन्छ, त्यस्तो रकम निजले आपैmले तिरे सरह भुक्तानी दिए सरह हुन्छ ।",कसैले अर्को व्यक्तिको आदेश बमोजिम तिरेको रकम निजलाई तिरिएको सरह हुन्छ ।
"Creating obstruction, in an organized or unorganized manner, in the transport, supplies, distribution and marketing of the basic food.","आधारभूत खाद्यवस्तुको ढुवानी, आपूर्ति, वितरण तथा बजारीकरणमा सङ्गठित वा असङ्गठित रूपले बाधा सिर्जना गरेमा।","आधारभूत खाद्यको ढुवानी, आपूर्ति, वितरण र बजारीकरणमा व्यवस्थित वा अव्यवस्थाकृत रूपमा अवरोध सृजना गर्ने।"
"Director General, Department of Food Technology and Quality Control","महानिर्देशक, खाद्य प्रविधि तथा गुण नियन्त्रण विभाग","महानिर्देशक, खाद्य प्रविधि तथा गुणस्तर नियन्त्रण विभाग"
"While entering pursuant to sub-section , entering or causing other to enter into, or searching or getting it searched, by breaching the privacy of the personal life of the person concerned or member of his or her family, shall be forbidden",उपदफा बमोजिम प्रवेश गर्दा सम्बन्धित व्यक्ति वा निजको परिवारका सदस्यको निजी जीवनको गोपनीयता भङ्ग हुने गरी प्रवेश गर्न वा गराउन वा खानतलासी लिन वा लिन लगाउन हुँदैन,उपदफा बमोजिम प्रवेश गर्दा सम्बन्धित व्यक्ति वा निजको परिवारको सदस्यको निजी जीवनको गोपनीयता उल्लङ्घन गरी अन्य व्यक्तिको प्रवेश गर्न वा गराउन वा खानतलासी गर्न वा खानतलासी गराउन हुँदैन
"Incase any member wants to add any other agenda in addition to the agendas already set for discussion in the meeting pursuant to Sub-section, he\she shall serve the notice of same to the Secretary of the Judicial Council by mentioning the agenda with reason to discuss over such agenda at least Twenty Four hours before the meeting is held",कुनै सदस्यले उपदफा बमोजिम बैठकमा छलफल हुने विषय सूचीमा उल्लिखित विषयको अतिरिक्त अन्य कुनै विषयमा छलफल गराउन चाहेमा त्यसरी छलफल गर्न चाहेको विषय र कारण सहितको सूचना बैठक बस्नु भन्दा कम्तीमा चौबीस घण्टा अगावै न्याय परिषदको सचिवलाई दिनु पर्नेछ,कुनै सदस्यले उपदफा बमोजिम बैठकमा छलफल हुन आएको विषयको अतिरिक्त अन्य कुनै विषयवस्तु थप गर्न चाहेमा त्यसरी छलफल हुने विषयवस्तु बैठक हुनुभन्दा कम्तीमा चौबीस घण्टा अगावै न्याय परिषदको सचिव समक्ष पठाउनु पर्नेछ
That which is understood out of necessity is not lacking.,"जुन विषय आवश्यकताको कारणले बुझिन्छ, त्यसमा कुनै कुराको अभाव हुँदैन ।","जुन विषयलाई आवश्यकता अनुसार बुझिन्छ, त्यस्तो विषयको अभाव हुँदैन ।"
Removal by the employer from employment contrary to Section 7.,रोजगारदाताले दफा ७ विपरीत रोजगारीबाट हटाएमा।,दफा ७ विपरीत रोजगारदाताले रोजगारीबाट हटाउने।
"Send for Parliamentary Hearing: If the Judicial Council makes recommendation to any person for the appointment in the post of Justice of Supreme Court, the Secretary of Judicial Council shall send such recommendation to Secretariat of Legislature-Parliament for parliamentary hearing in accordance with Article 292 of the Constitution",संसदीय सुनुवाईको लागि लेखी पठाउने: न्याय परिषदले कुनै व्यक्तिलाई सर्वोच्च अदालतको न्यायाधीशको पदमा नियुक्तिको लागि सिफारिस गरेमा न्याय परिषदको सचिवले संविधानको धारा २९२ बमोजिम हुने संसदीय सुनुवाईको लागि त्यस्तो सिफारिस व्यवस्थापिका-संसद सचिवालयमा पठाउनु पर्नेछ,संसदीय सुनुवाईको लागि पठाउनु पर्ने : न्याय परिषदले सर्वोच्च अदालतको न्यायाधीशको पदमा नियुक्तिको लागि कुनै व्यक्तिलाई सिफारिस गरेमा न्याय परिषदको सचिवले संविधानको धारा २२९ बमोजिम संसदीय सुनुवाईको लागि संविधान-संसदको सचिवालय समक्ष पठाउनु पर्नेछ
"The terms, conditions and facilities of the registrar shall be as prescribed","रजिष्ट्रारको सेवा, शर्त र सुविधा तोकिए बमोजिम हुनेछ",रजिष्ट्रारको शर्त तथा सुविधा तोकिए बमोजिम हुनेछ
"Work to be performed as an acting: The seniormost Member of the Commission, shall work as the acting Chairperson, if the position of the Chairperson falls vacant due to any reason, *is unable to perform work pursuant to sub-article of Article 101 of the Constitution, has gone for a foreign visit or is on leave for more than 7 days","कार्यबाहक भई काम गर्नेः कुनै कारणबश अध्यक्षको पद रिक्त भएमा, निज निलम्बनमा परेमा, विदेश भ्रमणमा गएकोमा वा सात दिनभन्दा बढी समयसम्म बिदामा रहेकोमा आयोगको वरिष्ठतम्‌ सदस्यले आयोगको कार्यबाहक अध्यक्ष भई काम गर्नेछ","कार्यबाहक भई काम गर्ने : कुनै कारणवश अध्यक्षको पद रिक्त भएमा, निज संविधानको धारा १०१ को उपधारा बमोजिम कार्य गर्न नसक्ने भएमा, विदेश भ्रमणमा गएकोमा वा सात दिनभन्दा बढी समयसम्म बिदामा रहेकोमा आयोगको वरिष्ठतम् सदस्यले आयोगको कार्यबाहक अध्यक्ष भई काम गर्नेछ"
"Referral service: Every health institution shall, after providing service available in its institution, if there is no possibility to provide further treatment to the patient who comes for treatment due to the structure, equipment of its health institution, lack of specialist's service or any other appropriate cause, refer immediately to the health institution that can provide additional treatment to such a patient.","प्रिफरल सेवा : प्रत्येक स्वास्थ्य संस्थाले उपचारको लागि आएको बिरामीलाई आफ्नो स्वास्थ्य संस्थाको संरचना, उपकरण, विशेषज्ञ सेवा नभएको वा अन्य कुनै उपयुक्त कारणले उपचार प्रदान गर्न नसकिने अवस्था भएमा आफ्नो संस्थामा उपलब्ध हुने सेवा प्रदान गरी थप उपचारको लागि तुरुन्त त्यस्तो बिरामीलाई उपचार प्रदान गर्न सक्ने स्वास्थ्य संस्थामा प्रेषण गर्नु पर्नेछ।","प्रेषण सेवा: प्रत्येक स्वास्थ्य संस्थाले आफ्नो स्वास्थ्य संस्थाको संरचना, उपकरणका कारण, विशेषज्ञको सेवाको अभाव वा अन्य कुनै उपयुक्त कारणबाट उपचारको लागि आउने बिरामीलाई आफ्नो संस्थामा उपलब्ध सेवा प्रदान गरेपछि त्यस्तो बिरामीलाई थप उपचार प्रदान गर्न सक्ने स्वास्थ्य संस्थामा तत्काल प्रेषण गर्नु पर्नेछ ।"
