source,reference,hypothesis
"अपाङ्गता भएका व्यक्तिलाई रोजगारी वा तालिम दिने- उद्देश्यले स्थापना भएका वा तोकिएको भन्दा बढी सङ्ख्यामा अपाङ्गता भएका व्यक्तिलाई रोजगारी दिने प्रतिष्ठानलाई नेपाल सरकारले विशेष संहलियत दरमा क्रण उपलब्ध गराउन, प्रचलित कानून बमोजिम कर छुट दिन वा अपाङ्गता भएका व्यक्तिलाई कार्यस्थलमा सुरक्षाका लागि आवश्यक पर्ने उपकरण आयात गर्दा, कच्चा पदार्थ उपलब्ध गराउँदा वा बजार व्यवस्थापन कार्यका लागि छुट तथा सहुलियत प्रदान गर्न सक्नेछ ।","The Government of Nepal may provide loans at a special concessional rate to any enterprise that has been established with the objective of providing employment or training to the persons with disabilities or that provides employment to the persons with disabilities in a number that exceeds the prescribed number, grant to such establishment tax exemption or concessions and exemptions while importing equipment required for the safety of the workplace or importing raw materials that are required for the safety of the persons with disabilities at workplace, providing raw materials or market management.","To provide employment or training to the persons with disabilities- The Government of Nepal may provide loans at the special interest rate to the enterprises established with the objective of providing employment to the persons with disabilities in more than the number prescribed, grant tax exemption pursuant to the prevailing law or provide exemption and concession for the persons with disabilities while importing the equipment necessary for security at the workplace, while providing the raw materials or for market management work."
रकम साँध्दानी भएको कारणबाट कुनै व्यक्तिको फौजदारी दायित्वबाट मुक्त पार्दैन ।,Money being restored does not set free the party offering.,The amount does not absolve a person from the criminal liability on the ground that it is proved.
उपदफा तथा बमोजिम बनाइएको आचार संहिताको पालना गर्नु सम्बन्धित सबैको कर्तव्य हुनेछ,"It shall be the duty of all concerned, to comply with the Code of Conducts framed pursuant to sub-sections",It shall be the duty of all concerned to abide by the code of conduct framed pursuant to sub-sections and (3)
"कुनै व्यवस्थापकले दफा ६ बमोजिम गरेको गुनासो निर्धारित अवधिभित्र टुङ्गो नलगाएमा त्यस्तो अवधि समाप्त भएको मितिले र सो दफा बमोजिम व्यवस्थापकले गरेको निर्णय उपर कुनै पक्षले चित्त नबुझाएमा त्यस्तो निर्णय भएको मितिले सत्तरी दिनभित्र पीडित कर्मचारी, सेवाग्राही वा निजका तर्फबाट जोसुकै वा आरोपित व्यक्तिले उजूरी सुन्ने अधिकारी समक्ष उजूरी दिन सक्नेछ","The victim employee, customer or anyone else on his or her behalf may file a complaint to the complaint hearing authority from the date of expiry of the time limit, if the complain made pursuant to Section 6 has not been finalized by the manager and, if any party is not satisfied with the decision of the Manager made pursuant to same Section, within seventy days of such a decision","If any manager fails to settle the complaint made pursuant to Section 6 within the prescribed time limit, within seventy days from the date of expiry of such time limit and if any party is not satisfied with the decision made by the manager pursuant to that Section, the victim employee, customer or anyone else or the accused person on his or her behalf may make a complaint to the complaint hearing authority"
"सेवा, सुविधा र पूर्वाधारको उपलब्धताः यस ऐन बमोजिम प्रदान गरिने आवास रहेको क्षेत्रमा तोकिए बमोजिमको न्यूनतम सेवा, सुविधा र पूर्वाधारहरू उपलब्ध भएको हुन्‌ पर्नेछ","Availability of service, facility and infrastructure: Minimum service, facility and infrastructure shall have to be available in the area of housing to be provided under this Act","Availability of services, facilities and infrastructure: The minimum services, facilities and infrastructure shall have to be available in the area where the housing to be provided under this Act is situated, as prescribed"
कसूरजन्य कार्यको आरोप लागेको बालबालिकाको तर्फबाट कानून व्यवसायी नियुक्त नभएको अवस्थामा सम्बन्धित बाल अदालतले वैतनिक कानून व्यवसायी वा अन्य कुनै इच्छुक कानून व्यवसायीको सेवा उपलब्ध गराउने व्यवस्था गर्नु पर्नेछ,"In cases where no legal practitioner has been appointed on behalf of a child accused of an offense, the concerned Juvenile Court shall make arrangements to make service available from a paid legal practitioner or any other interested legal practitioner","If, on behalf of a child accused of an offence, a legal practitioner has not been appointed, the Juvenile Court concerned shall have to make provision for providing service to a veteran legal practitioner or any other interested legal practitioner"
"धितोपत्र कारोबार गर्नमा बन्देज : बैङ्क वा वित्तीय संस्थाको सञ्चालक, कार्यकारी प्रमुख, लेखापरीक्षक, कम्पनी सचिव वा बैङ्क वा वित्तीय संस्थाको व्यवस्थापन तथा लेखा सम्बन्धी कार्यमा प्रत्यक्ष रुपले संलग्न व्यक्तिले त्यस्तो पदमा बहाल रहँ दाका बखत वा त्यस्तो पदबाट अवकाश प्राप्त गरेको मितिले एक वर्षसम्म सम्बन्धित बैङ्क वा वित्तीय संस्था वा त्यसको सहायक कम्पनीको धितोपत्र आफ्नो वा आफ्नो परिवारको सदस्य वा अन्य कुनै पनि व्यक्ति वा त्यस्ता व्यक्तिको नियन्त्रणमा रहेको फर्म, कम्पनी वा संस्थाको नाममा वा अन्य व्यक्तिलाई खरिद बिक्री गर्न गराउन, गर्न दिन, धितोबन्धक राख्न, राख्न लगाउन वा दान बकस लिन, दिन, हस्तान्तरण गर्न वा लेनदेन गर्न हुँदैन, तर बोनस शेयर, हकप्रद शेयर, कर्मचारीलाई छुट्याइएको शेयर वा नयाँ शेयर जारी हुँदा वा राष्ट्र बैङ्कको निर्देशन कार्यान्वयन गर्दा वा कुनै सञ्चालक वा सञ्चालक नियुक्त गर्ने अधिकार पाएको संगठित संस्थाले कुनै बैङ्क वा वित्तीय संस्थामा आफ्नो नाममा रहेको सम्पूर्ण शेयर बिक्री गर्दा वा परिच्छेद-१० बमोजिम बैङ्क वा वित्तीय संस्था एक आपसमा गाभ्दा गाभिँदा वा एउटा बैङ्क वा वित्तीय संस्थाले अर्को बैङ्क वा वित्तीय संस्था प्राप्ति गर्दा वा बैङ्क वा वित्तीय संस्थाको सञ्चालनमा कुनै बाधा व्यवधान उत्पन्न भएमा राष्ट्र बैङ्कको स्वीकृति लिई संस्थापक सञ्चालक वा सञ्चालकबीच एक आपसमा धितोपत्र खरिद बिक्री गर्न वा समस्याग्रस्त बैङ्कको सुधारात्मक वा फरफारखको प्रक्रियामा हुने शेयरको खरिद बिक्री वा हस्तान्तरण गर्ने गराउने कामकारबाहीलाई यो उपदफाले बाधा पुन्याएको मानिने छैन","Prohibition on Transaction of Securities: The Director, Chief Executive, Auditor, Company Secretary of a bank or financial institution or a person directly involved in the management and account of a bank or financial institution shall not buy or sell, mortgage or cause to be mortgaged, cause to be bought or sold, accept or give in the form of a gift, transfer or transact the securities of the concerned bank or financial institution or of its subsidiary company in his/her name or in name of any member of his/her family or a firm, company or institution under the control of such person or to any other person until he/she holds such a position or until one year from the date of retirement from such position: Provided that nothing in this Sub-Section shall prevent from buying and selling securities among Directors to Directors or Directors to Promoters with the approval of the Rastra Bank while issuing bonus shares, rights shares or the shares allotted for employees or issuing new shares, or while implementing a directive of the Rastra Bank or while selling the entire share having in any bank or financial institution under own ownership by any Director or any corporate body having power to appoint Director or while merging or amalgamating banks or financial institutions in each other according to the provisions made in Chapter-10 or while acquiring all assets or liabilities of one bank or financial institution by another bank or financial institution or while carrying out purchase or sale of securities among promoter directors or directors to directors with the approval of the Rastra Bank in cases of emergence of any hurdle in the operation of the bank or financial institution or while carrying out purchase or sale or transfer of shares during the process of reformative or settlement process of a problematic bank","Limitation on Transaction of Securities: A Director, Chief Executive, Auditor, Company Secretary or a person directly involved in the management and accounts of a bank or financial institution may, for a term not exceeding one year from the date of being appointed to such a post or of being retired from such a post, inquire into the securities of the concerned bank or financial institution or its subsidiary company in the name of himself or herself or a member of his or her family or any other person or in the name of a firm, company or institution under the control of such a person"
सम्बन्धित मन्त्रालयबाट समाधान हुन नसक्ने अन्य कुनै विषय ।,Any other matter that is not resolved by the concerned ministry.,Any other matter which cannot be resolved by the concerned ministry.
"क्षतिपूर्ति : यस ऐन बमोजिम कस्र ठहर भएको अवस्थामा मर्का पर्न गएको पक्षलाई पुग्न गएको वास्तविक हानि, नोक्सानी बापत मुद्दा हेर्ने अधिकारीले कस्रदारबाट उपयुक्त क्षतिपूर्ति भराउने आदेश दिनेछ।","Compensation: If the offence is held to have been committed under this Act, the adjudicating authority shall make an order to get appropriate compensation paid from the offender for the actual damage and loss caused to the affected party.","Compensation: In the event of the commission of an offence under this Act, the official adjudicating the case for the actual harm and injury that has been caused to the victim shall issue an order to the offender for the payment of appropriate compensation."
"उपदफा बमोजिम आयोगबाट लेखी आएमा सम्बन्धित व्यक्ति, निकाय वा पदाधिकारीले तत्काल कार्यान्वयन गर्न सकिने विषय भए कार्यान्वयन गरी र समय लाग्ने विषय भए कार्यान्वयन प्रारम्भ गरी त्यसको जानकारी आयोगलाई दिनुपर्नेछ","Upon receiving such correspondence in written form from the Commission pursuant to sub-section (1), the concerned individual, agency or official shall immediately implement the content of the correspondence if possible, or initiate its implementation if it requires time and inform the Commission of the same","The concerned person, agency or official shall, if it receives a letter from the Commission pursuant to sub-section (1), inform the Commission about the matters that may be implemented immediately by the concerned person, agency or official and about the matters that may take time to be implemented by the concerned person, agency or official and about the matters that may take time to be implemented"
"परिच्छेद-२ आयोगको काम, कर्तव्य र अधिकार आयोगको काम, कर्तव्य र अधिकारः संविधान तथा यस ऐनमा अन्यत्र उल्लिखित काम, कर्तव्य र अधिकारका अतिरिक्त आयोगको अन्य काम, कर्तव्य र अधिकार देहाय बमोजिम हुनेछ :- प्रदेश कानून बमोजिम प्रदेशले स्थानीय तहलाई दिने वित्तीय समानीकरण अनुदान सम्बन्धमा प्रदेशलाई सिफारिस गर्ने, प्रदेश कानून बमोजिम प्रदेशले स्थानीय तहलाई प्रदान गर्ने सशर्त अनुदानको आधार तयार गरी प्रदेशलाई सिफारिस गर्ने, नेपाल सरकार, प्रदेश वा स्थानीय तहबीच राजस्वको बाँडफाँट सम्बन्धमा उठेको विवाद समाधान गर्न आवश्यक सहजीकरण र सहयोग गर्ने, नेपाल सरकारले प्रदेश तथा स्थानीय तहलाई दिने अनुदान सम्बन्धमा नेपाल सरकारलाई सुझाव दिने, नेपाल सरकार तथा प्रदेशले राजस्व बाँडफाँटका सम्बन्धमा कुनै सुझाव माग गरेमा आवश्यक सुझाव दिने, नेपाल सरकार, प्रदेश तथा स्थानीय तहले लगाउने करका सम्बन्धमा नेपाल सरकार, प्रदेश वा स्थानीय तहले सुझाव माग गरेमा आवश्यक सुझाव दिने, प्राकृतिक स्रोतको संरक्षण र उपयोगका विषयमा नेपाल सरकार, प्रदेश तथा स्थानीय तहलाई आवश्यक सुझाव दिने","Chapter-2 Power, Functions and Duties of the Commission Power, Functions and Duties of the Commission: The power, function and duties of the Commission in addition to the power, function and duties of the Commission contained elsewhere in this Act and the Constitution shall be as follows: - to make recommendations to the States in relation to the fiscal equalization grant to be provided by the States to the Local Level in accordance with State Laws, to set bases for determination of the conditional grant to be provided by the State to the Local Level in accordance with State laws and to make recommendations to the State on same, to facilitate and provide assistance necessary to resolve disputes between the Government of Nepal, State or Local Level relating to the distribution of revenues, to make suggestions to the Government of Nepal, in relation to the grants to be provided by the Government of Nepal to the State and Local Level, to provide necessary suggestions to the Government of Nepal and to the States, as requested by them, in relation to the distribution of revenues, to provide necessary suggestions to the Government of Nepal, State and Local Level in case of suggestions requested by them in relation to the taxes levied by them, to make suggestions to the Government of Nepal, State and Local Level in relation to the protection and utilization of Natural Resources","Chapter-2 Power, Functions and Duties of the Commission Power, Functions and Duties of the Commission: The power, function and duties of the Commission, in addition to the power, function and duties of the Commission as mentioned in the Constitution and this Act elsewhere, shall be as follows:- To make recommendation to the Province regarding the equalization grant to be provided by the Province to the Local Level pursuant to the provincial law, To prepare the basis of the concessional grant to be provided by the Province to the Local Level pursuant to the provincial law and to make"
कारवाहीको अन्तिम सिमाना ।,To extreme limit of the terms.,The final limit of action.
कसैले दफा ५४ विपरीत कुनै काम गरेमा भिक्षा माग्न वा मार्न लगाउनेलाई प्रचलित कानून बमोजिम हुने सजायमा पचास प्रतिशत थप सजाय हुनेछ ।,"If any person does any act in contravention of Section 54 shall be liable to additional fifty percent punishment, in addition to the punishment that is imposable on a person who does begging or engages any one in begging pursuant to the prevailing law.",Anyone who commits any act contrary to Section 54 shall be liable to an additional punishment of fifty percent of the punishment imposable under the prevailing law for the offence of beggar or murderer.
सहायक अधिकार मूख्य अधिकारको मातहतमा रहने गर्दछ,"Accessory right do not lead, but follows their principal.",Subsidiary right belongs to the subordinate right.
परिच्छेद-१२ विविध संरक्षक वा माथवर व्यक्तिको मञ्चुरी लिनु पर्ने: यस ऐनमा अन्यत्र जुनसुकै कुरा लेखिएको भए तापनि यस ऐनमा सम्बन्धित व्यक्तिको मञ्जुरीमा सार्वजनिक गर्न वा गोपनीयता खुलासा गर्न सकिने भनी उल्लेख भएका विषयहरू अठार वर्ष उमेर नपुगेको वा मानसिक अवस्था ठीक नभएको वा बौद्धिक अपाङ्गता भएको व्यक्तिसँग सम्बन्धित भएमा त्यस्तो विषय सार्वजनिक गर्दा वा सोसँग सम्बन्धित गोपनीयता खुलासा गर्दा निजको हित हुने भई निजको संरक्षक वा माथवर व्यक्तिले मञ्जुरी दिएको अवस्थामा मात्र सार्वजनिक गर्न वा गोपनीयता खुलासा गर्न सकिनेछ,"Chapter-12 Miscellaneous To obtain consent of guardian or curator: Notwithstanding anything contained elsewhere in this Act, if the matters mentioned in this Act that they may be published or privacy may be disclosed with the consent of the concerned person are related to the person who has not attained the age of eighteen years or who is of unsound mind or who has intellectual disability, such matters may be published or privacy thereof be disclosed only when his or her guardian or curator gives consent and if it benefits him or her while publishing such matters or disclosing privacy related to them.","Chapter-12 Miscellaneous To obtain consent of guardian or curator: Notwithstanding anything contained elsewhere in this Act, if the matters mentioned in this Act that can be made public upon the consent of the concerned person or that privacy may be disclosed are related to a person who is under the age of eighteen years or whose mental condition is not right or who has intellectual disability, it may be in his or her interest to make such matters public or to disclose the privacy related to such matters only upon the consent of his or her guardian or curator"
"राष्ट्रिय महत्वका ठूला परियोजना, अन्तरप्रदेशस्तरीय परियोजना “वा - कार्यक्रम सञ्चालन गर्दा।","While implementing large projects of national importance, inter- provincial level projects or programmes.","While operating large projects of national importance, inter-provincial projects or programs."
"उपदफा बमोजिम प्रमाण बुझ्दा विदेशी राज्यको अदालतको अनुरोध बमोजिम साक्षी परीक्षण गर्नु पर्ने, बन्दसवालको जवाफ तयार गर्नु पर्ने वा प्रमाण,लिखत वा चल वा अचल सम्पत्तिको विवरण दिनु पर्ने विषयमा सीमित रही सम्बन्धित अदालतले प्रमाण बुझ्नु पर्नेछ","In taking evidence pursuant to sub-section , the concerned Court must take evidence being limited to the matter of examination of witness, preparation of answers to the written interrogatories or provision of evidence, document or description of a movable or immovable property pursuant to the request by the court of the foreign state","While taking evidence pursuant to sub-section (1), the concerned court shall examine evidence on such matters as may be restricted as to examine witnesses, prepare answers to interrogatories or provide evidence, letters or description of movable or immovable property as requested by the court of the foreign state"
"“तोकिएको” वा ""तोकिए बमोजिम” भन्नाले यस ऐन अन्तर्गत बनेको नियममा तोकिएको वा तोकिए बमोजिम सम्झनु पर्छ","""Prescribed"" or ""as prescribed"" means prescribed or as prescribed in the Rules framed under this Act","""Prescribed"" or ""as prescribed"" means prescribed or as prescribed in the rules framed under this Act"
कुनै सदस्यले उपदफा बमोजिम बैठकमा छलफल हुने विषय सूचीमा उल्लिखित विषयको अतिरिक्त अन्य कुनै विषयमा छलफल गराउन चाहेमा त्यसरी छलफल गर्न चाहेको विषय र कारण सहितको सूचना बैठक बस्नुभन्दा कम्तीमा चौबीस घण्टा अगावै आयोगको सचिवलाई दिनु पर्नेछ,"Any member interested to discuss additional issues, not included within the list of agenda set to be discussed within the meeting pursuant to sub-section, shall notify the Secretary of the additional issue and reason for its introduction to the meeting 24 hours prior to the meeting","Any member interested to discuss additional issues, not included within the list of agenda set to be discussed in the meeting pursuant to sub-section (1), shall notify the Secretary of the additional issues and reason for their introduction to the meeting 24 hours prior to the meeting"
"मध्यस्थले गर्ने निष्पक्ष व्यवहारले जो जति योग्य हुन्छ, त्यति दिन्छ ।",An equitable arbitration renders each person's due.,An impartial act of mediation gives as much as it is worthy of.
"उपदफा मा जुनसुकै कुरा लेखिएको भए तापनि कसूरजन्य कार्यको आरोप लागेको बालबालिकाको शारीरिक अवस्था, उमेर, कसूरजन्य कार्य गर्दाको परिस्थिति वा निगरानी कक्षको अवस्थालाई ध्यानमा राख्दा निजलाई निगरानी कक्षमा राख उपयुक्त छैन भन्ने बाल अदालतलाई लागेमा बाल अदालतले खोजेको बखत उपस्थित गराउने शर्तमा त्यस्तो बालबालिकालाई निजको बाबु, आमा, परिवारका अन्य सदस्य वा संरक्षक र निजहरू नभए बालबालिकाको हक हितको संरक्षण गर्ने कार्यमा संलग्न सामाजिक संस्था वा बाल सुधार गृहको जिम्मा लगाई मुद्दाको अनुसन्धान गर्ने आदेश दिन सक्नेछ","Notwithstanding anything contained in sub-section (7), if the Juvenile Court is of the opinion that it not reasonable to keep the child accused of offence in the observation chamber, having regard to the child's physical condition, age, circumstances at the time of commission of the offence or condition of the observation chamber, the Juvenile Court may make an order to investigate the case by entrusting such a child to his or her father, mother, other family member or guardian and in their absence to any social organization working in the field of protection of the rights and interests of the child or child reform home on the condition that the child shall make presence when the Juvenile Court so requires","Notwithstanding anything contained in sub-section , if the Juvenile Court considers that it is not appropriate to keep the child accused of committing an offence in his or her physical condition, age, the circumstance of committing the offence or the condition of observation chamber, the Juvenile Court may issue an order to his or her father, mother, other family member or guardian, and in his or her absence, to the social organization or child reform home involved in the protection of the rights and interests of the child, with the condition that such a child"
उपदफा बमोजिम आफूनो दाबी आंशिक स्वीकृत वा अस्वीकृत भएका दाबीकर्ताले सोको जानकारी पाएको पन्ध्र दिनभित्र आफ्नो थप प्रमाण भए सो समेत समावेश गरी दाबी पेश गर्नु पर्नेछ,"A claimant having his/her claim accepted or rejected in part pursuant to Sub- Section shall, within fifteen days from the date of publication of the notice thereof, have to submit his/her claims again enclosing the additional evidences, if any","The claimant whose claim has been partially accepted or rejected pursuant to sub-section shall submit his or her claim, including additional evidence, within fifteen days from the date of receipt of information thereof"
परिच्छेद-११ बैङ्क वा वित्तीय संस्थाको स्वेच्छिक खारेजी बैङ्क वा वित्तीय संस्थाको स्वेच्छिक खारेजी : स्वेच्छिक खारेजीमा जान चाहने कुनै बैङ्क वा वित्तीय संस्थाले स्वेच्छिक खारेजीको कार्ययोजना सहित राष्ट्र बैङ्क समक्ष निवेदन पेश गर्नु पर्नेछु,Chapter-11 Voluntary Liquidation of Banks or Financial Institutions Voluntary Liquidation of Bank or Financial Institution: Any bank or financial institution wishing to go for voluntary liquidation shall submit an application along with an action plan of voluntary liquidation,Chapter-11 Voluntary Liquidation of Bank or Financial Institution Voluntary Liquidation of Bank or Financial Institution: Any bank or financial institution that wishes to go for voluntary liquidation shall have to submit an application to the Rastra Bank along with the action plan of voluntary liquidation
"पानी बग्छ र जहाँ बग्ने गरेको छ, त्यही बग्नु पर्दछ ।",Water runs and ought to run where it is accustomed to run.,"Water runs, and where it has run, it ought to run."
यसै दिन गरिएको ।,Done on this day.,At the same time.
सञ्चालकले राष्ट्र बैङ्कत समय समयमा दिएको निर्देशनको पूर्ण रुपमा पालना गर्नु पर्नेछ,A Director shall have to fully comply with the directives issued by the Rastra Bank from time to time,The Directors shall comply fully with the directives given by the Rastra Bank from time to time
"सम्पत्ति तथा दायित्वको लगत : लिक्विडेटरले यस ऐन बमोजिम बाध्यात्मक खारेजीमा गएको बैङ्क वा वित्तीय संस्थाको सम्पत्ति, दायित्व वा सम्भाव्य दायित्वको अविलम्ब लगत तयार गरी एक प्रति राष्ट्र बैङ्क समक्ष बुझाई एक प्रति सम्बन्धित बैङ्क वा वित्तीय संस्थामा राख्नु पर्नेछ","Records of Assets and Liabilities: A Liquidator shall immediately prepare a record of the assets, liabilities or potential liabilities of a bank or financial institution which has gone into mandatory liquidation under this Act and a copy of which shall be submitted to the Rastra Bank and another copy shall be retained at the concerned bank or financial institution","Records of Assets and Liabilities: A Liquidator shall prepare a record of the assets, liabilities or possible liabilities of a bank or financial institution that has been subjected to mandatory liquidation pursuant to this Act, and submit one copy thereof to the Rastra Bank and one copy thereof shall be deposited with the concerned bank or financial institution"
दोषी भावना बिना गरिएको काम आफैंमा दोष हुँदैन ।,The act itself does not constitute guilt unless done with a guilty intent.,Things which are done without a sense of guilt are not in themselves wrong.
नियम बनाउने अधिकार: यो ऐन कार्यान्वयन गर्न नेपाल सरकारले आवश्यक नियमहरू बनाउन सक्नेछ,Power to frame Rules: The Government of Nepal may frame necessary Rules in order to implement this Act,Power to frame Rules: The Government of Nepal may frame necessary Rules in order to implement this Act
कार्यान्वयनका लागि लेखी पढाउन सक्ने: कुनै निकाय वा पदाधिकारीले आयोगलाई आवश्यक सहयोग उपलब्ध नगराएमा आयोगले कार्यान्वयनको लागि त्यस्तो निकाय वा अधिकारीको तालुक निकाय वा अधिकारी समक्ष लेखी पठाउन सक्नेछ,"Power to send for implementation in writing: If the Commission finds that any agency or official has not made available necessary assistance to the Commission, it may write to the higher agency or official, above such agency or official for assistance in the matter","Power to provide written assistance for implementation: The Commission may, if any agency or official does not provide the Commission with the necessary support, write to the concerned agency or official of such a agency or official for assistance in the implementation of the directives issued by the Commission"
"जुन विषय औपचारिक अभिलेखबाट प्रमाणित भएको छ, त्यस विषयलाई इन्कार गर्न सकिँदैन ।",That which is proved by the record ought not to be denied.,That which is proved by the formal record cannot be denied.
आयोगले नेपाल सरकार वा अन्य कुनै निकायलाई दिएको सुझाव तथा त्यस्तो निकायलाई गरेको सिफारिसको विवरण।,"Details of suggestions, recommendations given by the Commission to Nepal Government or any other agency.",The details of suggestions given by the Commission to the Government of Nepal or any other agency and recommendations made to such agency.
जिल्ला अदालत जिल्लाको सदरमुकाममा रहनेछ,The District Courts shall be located at the headquarters of Districts,District Court shall be located at the headquarters of the district
आयोगको काम कारबाहीमा बाधा नपर्ने: कुनै सदस्यको स्थान रिक्त रहेको कारणले मात्र आयोगको काम कारबाहीमा बाधा पर्ने छैन,"Work, performance of the Commission not to be interrupted: The vacancy of post of any Member shall not interrupt the works of the Commission","Work, performance of the Commission not to be interrupted: The vacancy of post of any Member shall not interrupt the work, performance of the Commission"
विभागीय सजाय हुनेः सार्वजनिक पद धारण गरेको व्यक्तिले यस ऐन बमोजिम गर्नु पर्ने कार्य नगरेमा वा गर्नु नहुने कार्य गरेमा यस ऐन बमोजिम हुने सजायको अतिरिक्त निजको सेवा शार्त सम्बन्धी प्रचलित कानून बमोजिम विभागीय वा अन्य सजाय हुनेछ,"To award departmental punishment: If the person holding a public post does not perform the act to be performed under this Act, or performs any act which is forbidden to be performed, the departmental or other punishment shall be awarded to him or her in accordance with the prevailing law relating to the conditions of his or her service, in addition to the punishment imposable pursuant to this Act.","To have departmental punishment: A person who has held a public position shall, in addition to the punishment imposable under this Act, have to have departmental punishment or other punishment in accordance with the prevailing law relating to his or her terms and conditions of service if he or she has not performed the act required to be performed pursuant to this Act"
बालक वा मानसिक सन्तुलन ठिक नभएको मानिस तथा तिनको हकदारले संरक्षण प्राप्त गरेको सम्पत्ति सम्बन्धी उजुरी ।,An action arising from the cause of a guardian's claim against a minor or his heirs when his guardianship came to an end.,An action against a child or against a person whose mental balance is not right and whose heirs have obtained protection from him or her.
पुनर्स्थापना तथा सामाजिक पुनर्एकीकरण सम्बन्धी दायित्व: बाल गृह वा बाल सुधार गृहमा रहेका बालबालिकाको पुनर्स्थापना तथा सामाजिक पुनर्एकीकरण गर्ने सम्बन्धमा बाल कल्याण अधिकारीलाई सहयोग गर्ने दायित्व सम्बन्धित बाल गृह वा बाल सुधार गृहको हुनेछ,Liability relating to rehabilitation and social reintegration: It shall be the liability of the concerned children’s home or child correction home to assist the child welfare authority in the rehabilitation and social reintegration of the children staying at that children’s home or child correction home,Responsibility relating to rehabilitation and social reintegration: The child home or child reform home shall have the responsibility to assist the child welfare authority with the rehabilitation and social reintegration of the children staying in the child home or child reform home
"सांस्कृतिक जीवनमा सहभागी हुने अधिकार : अपाङ्गता भएका व्यक्तिलाई अन्य व्यक्ति सरह समान आधारमा टेलिभिजन कार्यक्रम, चलचित्र, नाटक, नाटयशाला, सिनेमा हल, पुस्तकालय, पर्यटकीय सेवा, कला, साहित्य, सङ्गीत लगायतका सांस्कृतिक कार्यक्रम वा सेवा र मनोरञ्जनमा पहुँचयुक्त ढाँचा र विधिमा सहभागी हुने अधिकार, हुनेछ ।","Right to participate in the cultural life: The persons with disabilities shall have the right to participate, on an equal basis with others, in cultural programs or services and entertainment, including television programs, films, dramas, theatres, cinema halls, libraries, tourism services, arts, literature and music, in accessible formats and manner.","Right to participate in cultural life: The persons with disabilities shall have the right, on an equal basis with others, to participate in cultural programs, including television programs, movies, dramas, theatres, cinemas, libraries, tourist services, art, literature, music, in accessible formats and modes of service and entertainment."
कार्यविधि तथा निर्देशिका बनाउने अधिकार : यस ऐनको कार्यान्वयन गर्न मन्त्रालयले यो ऐन र यस ऐन अन्तर्गत बनेको नियमको प्रतिकूल नहुने गरी आवश्यक कार्यविधि वा निर्देशिका बनाई लागू गर्न सक्नेछ ।,"Power to make procedures and directives: The Ministry may make and implement necessary procedures or directives for the implementation of this Act, subject to this Act and the Rules framed hereunder.","Power to frame procedures and directives: The Ministry may, in order to implement this Act, frame necessary procedures or directives so that they are not contrary to this Act and the rules framed under this Act."
उपदफा मा जुनसुकै कुरा लेखिएको भए तापनि त्यस्तो विषयमा सङ्घीय कानून नबनेको अवस्थामा प्रदेशले सो विषय कार्यान्वयन गर्न वा कानून बनाउन सक्नेछ।,"The Province shall in implementing or enacting laws on the matters included in the concurrent powers of the Federation and Province, it shall implement the matters related thereto or enact laws on such matters in consistent with federal law.","Notwithstanding anything contained in sub-section (1), in cases where the Province has not enacted a federal law on such matter, it may enforce or enact the federal law on such matter."
"परिभाषा: विषय वा प्रसंगले अर्को अर्थ नलागेमा यस ऐनमा,- कोष भन्नाले दफा ३ अन्तर्गत स्थापना गरिएको कर्मचारी सञ्चय कोष सम्झनु पर्छ ।","Definitions: Unless the subject or the context otherwise requires, in this Act: Fund means the Employee Provident Fund established under Section 3.","Definitions: Unless the subject or the context otherwise requires, in this Act,- Fund means the Employee Provident Fund established under Section 3."
यो ऐन प्रमाणीकरण भएको मितिले एकतीसौं दिनदेखि प्रारम्भ हुनेछ,” The Act shall come into force from the 31st day of the date of assent,This Act shall come into force from the thirty-first day of its authentication
"कार्यक्षमताको अभाव : देहायको अवस्थामा न्यायाधीशमा कार्यक्षमताको अभाव रहेको मानिनेछः- उचित कारण बिना कानूनद्वारा निर्धारित अवधिभित्र मुद्दाको कारवाही र किनारा नगरेमा, मुद्दामा एकै पटक गर्न सकिने आदेश वा निर्णय एकै पटक नगरी वा कानून बमोजिम मुलतवी राख्नु नपर्ने मुद्दा मुलतवी राखी वा मुलतवी रहेको मुद्दा नजगाई असान्दर्भिक वा कानून प्रतिकूल कारवाही वा आदेश गरी मुद्दालाई अनावश्यक रूपमा लम्ब्याएमा, मुद्दाको कारवाही र किनारा गर्दा स्वभाविक रूपमा भन्दा कम मात्रामा कार्यसम्पादन गरेमा,मुद्दाको कारवाही र किनारा गर्दा असान्दर्भिक कानूनको प्रयोग गरी वा कानूनको स्पष्ट र असंदिग्ध व्याख्या वा अर्थलाई उपेक्षा गरी अर्कै व्याख्या वा अर्थ गरी कारवाही र किनारा गरेमा, एकै किसिमको कानूनी प्रश्न रहेको भिन्न भिन्न मुद्दामा भिन्न भिन्न राय कायम गरी कारवाही वा निर्णय गरेमा, तर कुनै मुद्दामा पहिले व्यक्त गरेको राय त्रुटिपूर्ण रहेको ठानी आधार र कारण खुलाई रायमा परिवर्तन गरेकोमा यो खण्ड लागू हुने छैन","Lacking Efficiency: In the following circumstances, the judge shall be deemed of lacking efficiency: In case he\she has not initiated or decided the case within the time limit as prescribed by the law without any reasonable cause, If he\she has unduly delayed cases by not issuing order or decision at once though it has to be done or could be done at once or postpone the case unnecessarily, though it has not to be required to postpone or not to reopen the pending case or initiation of case by adopting unnecessary, irrelevant or unlawful proceedings or decision, If he\she has accomplished the work lesser than usual standard while proceeding and disposal of the case, If he\she has made undue effect on the proceedings and decision by applying clearly inapplicable law or by forcefully adopting the different meaning or interpretation by way of avoiding the clear and unambiguous interpretation or meaning in the course of case proceedings or decision, If he\she has made different opinion in the same legal questions reflected to different cases and taken proceedings or decision accordingly; Provided however that, this part shall not be applicable, if the judge has changed his\her opinion given in the previous cases by mentioning grounds and reasons","Lack of capacity of action: A judge shall be deemed to have lacked the capacity of action in the following circumstances: If the action and adjudication of the case is not carried out within the time limit prescribed by the law without proper reason, If the case is unnecessarily prolonged by taking unnecessary action or order by carrying out extra-ordinary or illegal actions without making the order or decision that can be made at the same time in the case, If the case has been sub judice or has not been sub judice pursuant to law, If"
"जुन विषय प्राकृतिक रुपमा हुनुपर्छ, त्यस्तो विषयलाई अनुमान गरिन्छ ।",That is presumed which ought naturally to be.,That which is supposed to be natural is presumed to be natural.
सङ्घीय कानूनले कुनै काम कसैले गर्न पाउने भनी व्यवस्था गरेकोमा त्यस्तो काम गर्न नपाउने वा सङ्घीय कानूनले कुनै काम कसैले गर्न नपाउने भनी व्यवस्था गरेकोमा त्यस्तो काम गर्न पाउने ।,Restricting any act permitted to perform by the federal law or permitting any act restricted to perform by the federal law.,"If the federal law makes provision that any one may do anything, let him or her do it; or if the federal law makes provision that any one may not do anything, let him or her do it."
कर्मचारी वा बालबालिकाले पुर्याएको क्षति सम्बन्धी उजुरी ।,An action arising out of the damage caused by an employee or an infant.,An action for damages caused by an employee or a child.
निर्देशन समितिको निर्णय सो समितिको सदस्य-सचिवले प्रमाणित गर्नेछ ।,The Steering Committee may invite any official or expert in the concerned field to its meeting.,The decision of the Steering Committee shall be certified by the Member-Secretary of the Steering Committee.
अध्यक्ष र अन्य दुईजना सदस्य उपस्थित भएमा न्याय परिषदको बैठकको लागि गणपूरक संख्या पुगेको मानिनेछ,"It shall be deemed to constitute the quorum for the meeting of the Judicial Council, if Chairperson and other two Members are present",The quorum for the meeting of the Judicial Council shall be deemed to have been fulfilled with the presence of the Chairperson and two other Members
कुन वस्तुको धनी को हो भन्ने कुरा स्पष्ट हुन नसकेमा त्यस्ता वस्तु कसको हुन भन्ने कुरा निश्चित हुँदैन ।,"Where it is not apparent who is the owner of goods, on that account it is not certain whose they are.","When it is not clear to whom the thing belongs, it is not certain to whom it belongs."
"गाभ्ने, गाभिने वा प्राप्ति गर्ने सम्बन्धी अन्य व्यवस्था राष्ट्र बैङ्कले तोके बमोजिम हुनेछ",Other provisions concerning merger and acquisition shall be as specified by the Rastra Bank,"Other provisions relating to merger, amalgation or acquisition shall be as prescribed by the Rastra Bank"
"अधिकार प्रत्यायोजन: आयोगले यस ऐन बमोजिम आफूलाई प्राप्त अधिकारमध्ये आवश्यकता अनुसार कुनै अधिकार तोकिएको शर्तको अधीनमा रही प्रयोग र पालना गर्ने गरी अध्यक्ष, सदस्य, नेपाल सरकार, प्रदेश सरकार, कुनै निकाय वा स्थानीय सरकारको कुनै अधिकृत कर्मचारीलाई प्रत्यायोजन गर्न सक्नेछ","Delegation of Power: The Commission may delegate some authority accorded to it by this Act, as per necessity, with set conditions for its use and adherence, to the Chairperson, Member, Government of Nepal, State Government, official employee of any agency or Local Government","Delegation of Power: The Commission may delegate some of the powers conferred to it by this Act, as per necessity, with set conditions for their use and adherence, to the Chairperson, Member, Government of Nepal, Provincial Government, official employee of any agency or Local Government"
"""सर्वसाधारण शेयर समूह” भन्नाले संस्थापक शेयर समूह बाहेकको अन्य शेयर समूह सम्झनु पर्छ",“Ordinary shares group” means the shares groups other than the promoter shares group,“ordinary shares group” means any shares group other than the promoter shares group
कानूनले किचकिचे स्वभाव भएको व्यक्ति (सानो कुरामा पनि निहुँ खोज्ने) को इच्छाको पक्ष लिँदैन ।,The law does not favor the wishes of the fastidious.,The law does not approve of the will of a man of forcible reason.
उपदफा बमोजिम बनाउने नियममा नेपाल सरकारलाई आर्थिक भार वा दायित्व पर्ने विषय समावेश भएमा अर्थ मन्त्रालयको सहमति लिन्‌ पर्नेछ,"The Commission shall have to get the approval of the Government of Nepal, Ministry of Finance, while making rules pursuant to subsection (1), on matters that impose financial burden or liability on the Government of Nepal",The approval of the Ministry of Finance shall be obtained if the rules to be made pursuant to sub-section includes matters that impose financial burden or liability on the Government of Nepal
उपदफा बमोजिम प्राप्त प्रतिवेदनका आधारमा मन्त्रालयले आवश्यकता अनुसार निर्देशन दिन सक्नेछ।,The Ministry may issue directives as necessary on the basis of the report received pursuant to sub-section .,"The Ministry may, on the basis of the report received pursuant to sub-section (1), give direction as required."
"नेपाल सरकार, प्रदेश सरकार वा स्थानीय तहले यस दफा बमोजिम प्रदान गर्ने निःशुल्क वा सहुलियत खाद्य सहायता तोकिएको क्षेत्रका व्यक्ति वा परिवारको तत्कालको आवश्यकता, भौगोलिक अवस्था, खाद्यको उपलब्धता तथा परम्परागत वा सांस्कृतिक रूपमा स्वीकार्यता समेतको आधारमा त्यस्तो खाद्य सहायताको स्वरूप तथा परिमाणलाई समय समयमा पुनरावलोकन गर्न सक्नेछ ।","The Government of Nepal, Provincial Government or Local Level may review the free or concessional food support to be provided pursuant to this Section, form and quantity of such food support from time to time, on the basis of immediate need of the persons or families of the zones prescribed, geographical condition, availability and traditionally or culturally acceptability of food.","The Government of Nepal, Provincial Government or Local Level may, from time to time, review the nature and quantity of such food support on the basis of immediate necessity, geographical condition, availability of food and traditional or cultural acceptability of the person or family of the prescribed area for the free or concessional food support to be provided pursuant to this Section."
व्यक्ति उपस्थित गराउने तथा व्यक्ति रहेको स्थान पत्ता लगाउन अनुरोध गर्न सक्ने: न्यायिक कारबाहीमा सहयोग गर्न सक्ने कुनै व्यक्ति विदेशी राज्यमा रहेको कुरामा विश्वास गर्नु पर्ने पर्यास आधार भएमा अदालतले सो प्रयोजनको लागि आदेश गर्न सक्नेछ,"Request for appearance of and locating persons: If there are adequate grounds to believe that any person, who may be of assistance in the judicial proceedings, resides in a foreign state, the Court may make an order for that purpose","Request for making attendance of person and locating person: If there are adequate grounds to believe that any person capable of assisting in the judicial proceedings is in a foreign state, the Court may make an order for that purpose"
छात्रवृत्ति तथा आर्थिक सहयोग उपलब्ध गराउने : नेपाल सरकारले अपाङ्गता भएका विद्यार्थीलाई नि:शुल्क नगरिएको शिक्षाको लागि तोकिए बमोजिम शैक्षिक छात्रवृत्ति उपलब्ध गराउनेछ ।,To provide scholarship and financial assistance: The Government of Nepal shall provide educational scholarship as prescribed for the education that has not been made free for the students with disabilities.,To provide scholarship and financial support: The Government of Nepal shall provide the students with disabilities with academic scholarship as prescribed for free education.
उपदफा बमोजिम प्राप्त विवरणको आधारमा स्थानीय बाल अधिकार समितिले प्रतिवेदन तयार गरी वार्षिक रूपमा प्रदेशस्तरको बाल अधिकार समिति र स्थानीय तहको बाल अधिकार समिति समक्ष पेश गर्नु पर्नेछ,"Based on the details received pursuant to sub-section (1), the Local Child Rights Committee shall prepare and submit a report to the Provincial level Child Rights Committee and Local Level Child Rights Committee on an annual basis","On the basis of the details received pursuant to sub-section (1), the Local Child Rights Committee shall prepare a report and submit it to the Provincial Child Rights Committee and the Local Level Child Rights Committee on an annual basis"
तिर्न पने रकम (जरीवाना) नतिनेले वैयक्तिक (आफ्नो) सजाय भोग्नुपर्छ ।,"What a man cannot pay with his purse, he must suffer in person.",One who does not pay the fine is liable to personal punishment.
कानून विपरीत बहस गर्ने वकिललाई सुनुवाई हुँदैन ।,An advocate should not be heard who argues contrary to law.,An attorney who argues contrary to the law is not heard.
कसैले के शपथ लिएको छ भन्ने सन्दर्भमा,What he has sworn.,Who has taken what oath
परिषद्को निर्णय परिषद्को सदस्य सचिवले प्रमाणित गर्नेछ,The decision of the Council shall be authenticated by the Member- Secretary of the Council,The decision of the Council shall be certified by the Member Secretary of the Council
"नेपाल सरकारले निरोध वा निवारण हुन सक्ने अपाङ्गपनको निरोध तथा निवारण गर्न र अपाङ्गपन तुल्याउने कारक तत्वहरू पत्ता लगाई त्यसको निरोध, निवारण, नियन्त्रण, उन्मूलन र उपचार गर्ने सम्बन्धमा आवश्यक व्यवस्था गर्नेछ ।","The Government of Nepal shall make necessary provisions for the prevention and abolition of the disability that can be prevented or abolished and for the discovery of the factors that cause disability and prevention, abolition, control and treatment thereof.","The Government of Nepal shall make necessary provisions with regard to the prevention, prevention, control, eradication and treatment of disability by identifying the factors causing disability and in order to prevent and prevent disability that may be prevented or cured."
"स्वार्थ बाझिएमा निर्णय प्रक्रियामा भाग लिन नहुनेः आयोगमा विचाराधीन कुनै विषयमा कुनै सदस्यको हित, सरोकार वा स्वार्थ रहेको वा निजको नजिकको अन्य नातेदार प्रत्यक्ष प्रभावित वा लाभान्वित हुने भएमा त्यस्तो सदस्यले आयोगलाई त्यस्तो कुराको पूर्व जानकारी दिई त्यस्तो विषयमा आयोगबाट गरिने निर्णय प्रक्रियामा भाग लिन सक्ने छैन","Not to take part in the decision making in case of conflict of interest: If any member of the Commission has any interest, concern or benefit arising from any issue under consideration in the Commission or if the near relatives of such persons stand to benefit directly or indirectly, such member should give prior information to the Commission regarding such matters and such member shall not take part in the decision making process of the Commission concerning such matters","Not to take part in the decision making in case of conflict of interest: If any member has any interest, concern or benefit arising from any issue under consideration in the Commission or if the other near relatives of such member would benefit directly or indirectly, such a member shall give prior information to the Commission on such matters and such member shall not take part in the decision making process of the Commission on such matters"
स्वास्थ्य संस्था भन्नाले सरकारी स्वास्थ्य संस्था सम्झनुपर्छ र सो शब्दले प्रचलित कानून बमोजिम स्थापित गैरसरकारी वा निजी वा सहकारी वा गैर नाफामुलक सामुदायिक स्वास्थ्य संस्थालाई समेत जनाउँछ।,"Health institution means a government health institution, and this term also includes a non-governmental or private, or cooperative or non-profit-making community health institution established under the prevailing law.",Health institution means a governmental health institution and this term also includes a non-governmental or private or cooperative or non-profit-making community health institution established under the prevailing law.
यसरी उजुरी दिँदा नाम उल्लेख गर्न आवश्यक हुने छैन,"While filing such a complaint, it shall not be required to mention the name of the person filing the complaint",It shall not be necessary to specify a name while making a complaint in this manner
आयोग भन्नाले संविधानको धारा २६१ बमोजिमको आदिवासी जनजाति आयोग सम्झनु पर्छ,Commission means the National Indigenous Nationalities Commission established under Article 261 of the Constitution,Commission means the Indigenous Nationalities Commission established under Article 261 of the Constitution
उपदफा (१) बमोजिम स्वास्थ्य संस्थाले सूचना दिँदा उपचार गरिएको व्यक्ति र निजसँग सम्बन्धित उपलब्ध भएसम्मको अन्य जानकारी समेत दिनु पर्नेछ।,"While providing information pursuant to sub-section (1), the health institution shall provide information of the person treated and other information related to him or her as far as available.","While giving information to the health institution pursuant to sub-section (1), the person treated and other information related to him or her shall also have to be given."
"जसलाई जुन विषयमा कम जानकारी छ, त्यही विषयमा बढी तारिफ गर्दछन् ।",They admire most that of which they know the least.,One who is ignorant of the less is deceived of the more.
"उत्पादकर्ता, पैठारीकर्ता, सञ्चयकर्ता, बिक्रेता एवं सेवा प्रदायकको आर्थिक तथा व्यवसायको स्थिति","financial and business condition of the producer, importer, hoarder, seller and service provider","Situation of economic and business of producer, importer, carrier, seller and service provider"
सार्वजनिक सेवामा समान पहुँचको अधिकार,Right to equal access to public services,Right to have equal access to public services
राहदानीको वितरणः राहदानीको लागि जुन निकायमा निवेदन दिएको छ सोही निकायले अभिलेख राखी राहदानी वितरण गर्नेछ,Issuance of a passport: The body to which the application is submitted for passport shall issue the passport maintaining the record thereof,Distribution of passport: The agency for which an application has been made shall have to maintain a record and distribute the passport
उपदफा बमोजिम अन्त्य भएका कुनै पनि काम कारोबार बापत त्यस्तो कारोबार अन्त्य गरिएको दिन सम्मको बैङ् वा वित्तीय संस्थाले तिर्नु बुझाउनु वा बहन गर्नु पर्ने दायित्व बाहेक अन्य कुनै पनि किसिमको थप रकम तथा क्षतिपूर्ति दाबी गर्न पाइने छैन,"For the transactions terminated pursuant to Sub-Section , no any type of additional amount and compensation may be claimed other than the due amount to be paid or liability to be borne by the bank or financial institution till the date of the termination of the transaction","Except for the liabilities to be paid or borrowed by the bank or financial institution up to the date of termination of such transaction for any transaction terminated pursuant to sub-section (1), claims for additional amount and compensation of any kind shall not be made"
आफूले जस्तै व्यवहार अरुसँग गर्छ अरूबाट त्यस्तै गर्नुपर्छ भन्ने अपेक्षा राख्छ ।,"As you behave others, expect the same from others.",One who behaves as oneself towards others expects others to do the same.
सुनुवाइ सम्बन्धी व्यवस्थाः बाल अदालतले बालबालिकाको उमेर र निजको परिपक्वता समेतलाई विचार गरी बालमैत्री वातावरणमा मुद्दाको सुनुवाइ गर्नुपर्नेछ,Provision relating to trial: The Juvenile Court shall try the case in a child friendly environment by taking into consideration the age and maturity of the child,"Provision relating to hearing: The Juvenile Court shall have to hear the case in a child friendly environment, having regard, inter alia, to the age and maturity of the child"
पानी र जमिन अलग्गै हुँदैनन् । जमिनको बिक्रीसँगै जमिनलाई ढाक्ने पानी पनि हस्तान्तरण हुन्छ ।,"Water and land are inseparable. With the sale of land, the water which covers it.",Water and soil are not separate. Water to cover the soil is also supplied with the sale of the soil.
"खेलकूदसँग सम्बन्धित अन्तर्राष्ट्रिय, राष्ट्रिय, प्रदेश तथा स्थानीयस्तरका संयन्त्रमा अपाङ्गता भएका व्यक्तिलाई प्रभावकारी रूपमा प्रतिनिधित्व गराउने।","To have effective representation of the persons with disabilities in international, national, province and local level mechanisms related to sports.","To make effective representation of the persons with disabilities in the international, national, provincial and local level mechanisms related to sports."
अत्यावश्यक खा तथा अन्य वस्तु र सेवाको सूचीः नेपाल सरकारले नेपाल राजपत्रमा सूचना प्रकाशन गरी समय समयमा अत्यावश्यक खाद्य तथा अन्य वस्तु वा सेवाको सूची निर्धारण गर्नेछ,List of essential food and other goods and service: The Government of Nepal shall determine the list of essential food and other goods or services by a notification in the Nepal Gazette from time to time,List of essential food and other goods and services: The Government of Nepal shall determine the list of essential food and other goods or services from time to time by a notification in the Nepal Gazette
उपदफा बमोजिम निवेदन परेपछि सम्बन्धित अधिकारीले निजसँग भएको सबुद प्रमाण र आवश्यकता अनुसार साक्षी सर्जमिन समेत बुझी त्यस्तो विवरण सच्याई पहिले लिएको नागरिकताको प्रमाणपत्र खिची अर्को नागरिकताको प्रमाणपत्र दिन सक्नेछ,The designated authority on receipt of the application pursuant to Sub- section shall conduct an enquiry with witnesses as necessary and together with evidences obtained from such person shall make the due correction and may grant another citizenship certificate after withdrawing the citizenship certificate awarded previously,"Upon receipt of an application pursuant to sub-section (1), the concerned official may, on the basis of the evidence, evidence and also the witness sergeant, as required, alter such details and issue another citizenship certificate by withdrawing the citizenship certificate previously obtained"
उपदफा बमोजिम परेको निवेदन छानविन गर्दा निवेदनको व्यहोरा मनासिव देखेमा उजूरी सुन्ने अधिकारीले त्यस्तो निर्णय बदर गर्न वा सच्याउन सम्बन्धित व्यवस्थापकलाई आदेश दिनेछ,"While investigating the petition filed pursuant to sub-section, if the details of the petition seem to be reasonable, the complaint hearing authority shall give an order to the concerned manager to revoke or correct such a decision","While examining the application made pursuant to sub-section (1), if the complaint hearing authority finds the contents of the application reasonable, he or she shall give order to the concerned manager to reverse or correct such decision"
बैङ्क वा वित्तीय संस्थाको शेयर खरिदको लागि सर्वसाधारणबाट दरखास्त आहृवान गर्दा शेयरको अंकित मूल्यको शत प्रतिशत रकम दरखास्त साथ माग गर्नु पर्नेछ,"While inviting applications from the general public for subscription of its shares, a bank or financial institution shall demand payment of hundred percent amount of the face value of its shares along with application","While borrowing shares from the general public for the purchase of shares of a bank or financial institution, a hundred percent of the face value of the shares shall have to be borrowed with interest"
“बृहत आकस्मिक प्रसूति सेवा भन्नाले खण्ड मा उल्लिखित आधारभूत आकस्मिक प्रसूति सेवाको अतिरिक्त रक्त सञ्चार र शल्य चिकित्सा सेवा समेत सम्झनु पर्छ,"Comprehensive emergency obstetric care means blood transmission and surgery service, in addition to basic emergency obstetric care mentioned in clause","Broad emergency obstetric care means the basic emergency obstetric care referred to in clause, in addition to blood transmission and surgical care"
सम्बन्धित निकाय वा अधिकारीले माग गरेको बखत पैठारी गरिएको वस्तु सम्बन्धी वस्तुको विवरण उपलब्ध गराउने,to provide details of the goods relating to the imported goods when so demanded by the concerned agency or official,"at the time when the concerned body or authority demands, to provide the details of the goods related to the imported goods"
उपदफा बमोजिम अर्को परिषद्‌ गठन भएपछि उपदफा बमोजिम नेपाल सरकारले आफ्नो जिम्मामा राखेको कोष र सम्पत्ति सो परिषद्लाई हस्तान्तरण गर्नेछ,"After the formation of another Council pursuant to sub-section (3), the funds and assets taken over by the Government of Nepal pursuant to sub- section shall be transferred to that Council","After another Council is formed pursuant to sub-section (1), the Government of Nepal shall transfer the funds and assets held under its responsibility pursuant to sub-section (1) to that Council"
उपदफा को खण्ड मा जुनसुकै कुरा लेखिएको भए तापनि बैङ्क वा वित्तीय संस्थाको पदाधिकारी वा कर्मचारीले सोही बैङ्क वा वित्तीय संस्थाको सहायक कम्पनीको सञ्चालक भई काम गर्न सक्नेछ,"Notwithstanding anything contained in Clause of Sub-Section , an official or employee of a bank or financial institution may work as a Director of a subsidiary company of the same bank or financial institution","Notwithstanding anything contained in clause of sub-section , an office bearer or employee of a bank or financial institution may work as a Director of a subsidiary company of the same bank or financial institution"
शैक्षिक सामग्री प्रदान गर्ने सम्बन्धी अन्य व्यवस्था तोकिए बमोजिम हुनेछ,Other provisions relating to providing educational materials shall be as prescribed,Other provisions relating to the provision of educational materials shall be as prescribed
बलपूर्वक गर्भ निरोधका साधन प्रयोग गराउन नहुने: कसैलाई करकाप गरी वा धम्की दिई वा ललाई फकाई वा प्रलोभनमा पारी वा मञ्जुरी नलिई बलपूर्वक गर्भ निरोधका साधन प्रयोग गराउनु हुँदैन,"Not to get contraceptives used forcefully: It is forbidden to get the contraceptives used by coercing any one, or threatening or enticing or tempting or without obtaining consent of such person","Not to use contraceptives forcefully: No one shall use contraceptives forcefully by strangling, threatening or enticing or enticing or without obtaining consent of another person"
नेपाल सरकारले अपाङ्गता भएका विद्यार्थीका लागि विशेष शिक्षा कार्यक्रम सञ्चालन गरेका विद्यालयको भौतिक पूर्वाधार तथा अन्य सेवा सुविधाको विकासको लागि तोकिए बमोजिम आर्थिक सहयोग उपलब्ध गराउनेछ ।,"The Government of Nepal shall provide financial assistance as prescribed for the development of physical infrastructures and other services, facilities of the schools that operate special education programs for the students with disabilities.",The Government of Nepal shall provide financial support as prescribed for the development of physical infrastructure and other services and facilities of the schools operated by the Government for the students with disabilities pursuant to the special education program.
"स्पष्टीकरण : “शारीरिक अङ्गहरूको बनौट र कार्य” भन्नाले शरीर सञ्चालन सम्बन्धी, दृष्टि सम्बन्धी, स्वर र सुनाइ सम्बन्धी, मानसिक, मांसपेशी र स्नायु सम्बन्धी र अन्य प्रणालीका अङ्ग र कार्यलाई जनाउँछ ।","“Barriers created from the existing social and physical environment” means barriers created from psycho-social, technologies, nature and man-made environment, attitude related, service systems and policies.","Explanation: ""Body organs formation and function"" means organs and functions of the body related to operation, vision, voice and hearing, mental, muscle and nerve and other systems."
वास्तविक धनीबाट ।,From the true owner.,From the actual owner.
उपदफा बमोजिम प्राप्त निर्देशनको पालना गर्नु सम्बन्धित स्वास्थ्य संस्थाको कर्तव्य हुनेछ,It shall be the duty of the concerned health institution to comply with the directives received pursuant to sub-section,It shall be the duty of the concerned health institution to comply with the directives received pursuant to sub-section
कानूनको विवेक प्रतिकूल हुने गरी लागू गरिएका विषय नजिरको रुपमा कायम हुँदैन ।,Those things which have been introduced contrary to the reason of the law oughts not to be drawn into precedent.,Things which are enforced against the will of the law do not stand as precedents.
त्यस्तो कर्मचारी नियुक्त नभएसम्म आयोगको वरिष्ठतम्‌ कर्मचारीले आयोगको सचिव भई काम गर्नेछ,The seniormost official of the Commission shall act as the Secretary of the Commission until the appointment of such official,The senior most official of the Commission shall act as the Secretary of the Commission until such official is appointed
निर्देशिका वा कार्यविधि बनाउने अधिकार: आयोगबाट सम्पादन हुने काम सुचारू रूपले सञ्चालन गर्न वा गराउनको लागि आयोगले यो ऐन तथा यस ऐन अन्तर्गत बनेको नियमको अधीनमा रही आवश्यक निर्देशिका वा कार्यविधि बनाउन सक्नेछ,"Power to frame Directives or Procedures: The Commission may, subject to this Act or rules framed under this Act, issue directives or procedures to conduct or cause to conduct the smooth operation of its functions","Power to frame directives or procedures: The Commission may, subject to this Act and the rules framed under this Act, frame necessary directives or procedures for the smooth operation or commissioning of the work to be performed by the Commission"
"कुनै वस्तु वा सेवा बिक्री वा प्रदान गर्न कुनै संरचना, मानक वा मापदण्ड तोकिएकोमा त्यस्तो संरचना, मानक वा मापदण्ड पूरा नगरी बिक्री गर्ने","selling without fulfilling the structure, measurement or standard if any, prescribed for selling or providing any goods or service","selling or providing any goods or services without fulfilling any structure, standard or standard as prescribed"
"परिभाषा: विषय वा प्रसङ्गले अर्को अर्थ नलागेमा यस ऐनमा, आवास भन्नाले आवासीय प्रयोजनको लागि निर्माण गरिएको भवन, घर, सोको अंश वा यस्तै स्थायी वा अस्थायी आंशिक वा पूर्ण संरचना सम्झनु पर्छ","Definition: Unless the subject or the context otherwise requires, in this Act, Housing means building, house, part of it or such permanent or temporary, partial or full structure constructed for the residential purpose","Definitions: Unless the subject or the context otherwise requires, in this Act, housing means a building, house, part thereof or similar permanent or temporary partial or complete structure built for the purpose of housing"
"बाल अदालतले आफ्नो प्रादेशिक क्षेत्राधिकारभित्र स्थापना भएका बाल सुधार गृहको अनुगमन तथा निरीक्षण गर्न, त्यस्तो बाल सुधार गृहलाई आवश्यक निर्देशन दिन र बाल सुधार गृहमा रहेका बालबालिकाको सुधारको स्थितिका सम्बन्धमा त्यस्तो बाल सुधार गृहलाई प्रतिवेदन पेश गर्न लगाउन सक्नेछ","The Juvenile Court may monitor and inspect the child reform homes established within its territorial jurisdiction, issue necessary directives to such child reform homes and order such child reform homes to submit reports on the condition of reform of the children kept in such homes","The Juvenile Court may, in order to monitor and inspect the child reform home established within its territorial jurisdiction, give necessary direction to such child reform home and cause such child reform home to submit a report regarding the condition of reform of the children remained in the child reform home"
नेपाल सरकारले बजेट व्यवस्था गर्ने: यस ऐन बमोजिम सामाजिक सुरक्षा भत्ताको दायित्व नेपाल सरकारको हुनेछ,Tomanage budget by the Government of Nepal: The Government of Nepal shall have the obligation of the social security allowance pursuant to this Act,Government of Nepal to make provision of budget: The Government of Nepal shall have the responsibility of the social security allowance pursuant to this Act
वस्तु वा सेवाको गुणस्तर: कुनै वस्तुमा अन्तरनिहित कुनै पदार्थको गुणस्तर वा मापदण्ड निर्धारण भएको रहेनछ भने नेपाल सरकारले त्यस्तो वस्तु वा सेवाको गुणस्तरको मापदण्ड तोकिए बमोजिमको प्रक्रिया पूरा गरी निर्धारण गर्नेछ,"Quality of goods and services: In case the quality or standards of any substance inherent in any goods have not been determined, the Government of Nepal shall determine the standards or quality of such goods or services by fulfilling the process as prescribed","Quality of goods or service: If the quality or standard of any matter inter-related with any goods has not been determined, the Government of Nepal shall determine the standard of quality of such goods or service by fulfilling the process as prescribed"
नेपाल सरकारले प्रदेश र स्थानीय तहलाई कानून बनाउनको लागि नमूना कानूनको मस्यौदा बनाई उपलब्ध गराउन सक्नेछ।,The Government of Nepal may provide draft of model law to the Province and Local Level in order to enact laws.,The Government of Nepal may draft and make available model laws to the Province and Local Level for enacting laws.
"रजिष्ट्रारको काम, कर्तव्य र अधिकारः यस ऐनमा अन्यत्र लेखिएका काम, कर्तब्य र अधिकारको अतिरिक्त रजिष्ट्रारको काम, कर्तव्य र अधिकार देहाय बमोजिम हुनेछः परिषद्को बैठकमा पेश गर्नु पर्ने छलफलको विषयसूची अध्यक्षको परामर्शमा तयार गर्ने","Power, duties and functions of the Registrar: In addition to the power, duties and functions stipulated elsewhere in this Act, the power, duties and function of the Registrar shall be as follows:- To prepare the agenda to be submitted for consideration in the Council meeting in consultation with the Chairperson","Functions, Duties and Powers of Registrar: In addition to the functions, duties and powers contained elsewhere in this Act, the functions, duties and powers of a registrar shall be as follows: To prepare, in consultation with the Chairperson, a list of agendas to be introduced at the meeting of the Council"
"लेखापरीक्षकले प्रमाणित गर्नु पर्ने : लेखापरीक्षकले आफूले परीक्षण गरेको हिसाब किताब, खाता बही, श्रेस्ता र लेखामा आफूले जाँचेको मिति समेत उल्लेख गरी दस्तखत गरी निस्सा लगाई प्रमाणित गर्नु पर्नेछ","Auditor to Certify: An auditor shall mark any certify the accounts, records, books and ledgers audited by him/her by putting his /her signature thereon and also mentioning therein the date on which he/she has audited them","To be certified by auditor: An auditor shall be required to certify the audited accounts, books, ledgers and records of audited offices by specifying the date and time of audit"
पहिले आउने उपभोक्तालाई पहिले वस्तु बिक्री गर्ने,to sell the goods to the customers on a first-come-first-served basis,to sell the goods first to the consumers who come first
जातीय तथा अन्य सामाजिक छुवाछूत र भेदभाव गर्न नहुने: कसैले पनि जातीय तथा अन्य सामाजिक छुवाछुत तथा भेदभाव गर्न वा गराउन हुँदैन,"Prohibition on untouchability and discrimination: No one shall commit, or cause to be committed, untouchability and discrimination","Not to engage in caste-based untouchability and discrimination: No one shall engage in, or cause to be engaged in, untouchability and discrimination"
"बजार अनुगमनलाई प्रभावकारी बनाउन उपभोक्ताको हक, हित संरक्षण गर्ने र कानून कार्यान्वयन गर्ने निकायलाई आवश्यक निर्देशन दिने",to give necessary directives to the bodies that protect the rights and interests of the consumers and law enforcement bodies in order to make market monitoring effective,"to give necessary direction to the body that protects the rights, interests of the consumers and enforces the law to make market monitoring effective"
जिल्ला समन्वय समितिले समन्वय गर्ने : जिल्ला समन्वय समितिले देहायका विषयमा समन्वय गर्नेछ:- सङ्ग वा प्रदेशले स्थानीय तहमा गर्ने विकास निर्माण सम्बन्धी कार्य।,Coordination to be Made by District Coordination Committee: The District Coordination Committee shall coordinate on following matters: Development works to be carried out by the Federation or Province at the Local Level.,Coordination of the District Coordination Committee: The District Coordination Committee shall coordinate on the following matters: Matters relating to development and construction to be carried out by the Federation or Province in the Local Level.
"पीडित बालबालिकाका अधिकार: पीडित बालबालिकालाई अनुसन्धान, अभियोजन र न्यायिक प्रक्रियाको हरेक चरणमा देहाय बमोजिमका बाल अनुकूल न्यायको अधिकार हुनेछ :- आफूले बुझ्ने भाषामा जानकारी पाउने","Rights of child victim: A child victim shall have the right to child friendly justice as follows in every stage of investigation, prosecution and judicial process: To get information on the language he or she understands","Rights of the child victim: The child victim shall have the rights of child friendly justice as follows at every stage of investigation, prosecution and judicial process: To obtain information in the language he or she understands"
कुनै सम्पत्ति वा हक देखाउन बाध्य पार्नको लागि गरिने मुद्दा ।,Action for the purpose of compelling a defendant to exhibit a thing or title to his,An action to compel one to show property or right.
प्रचलित कानूनमा जुनसुकै कुरा लेखिएको भए तापनि यस ऐन बमोजिम विदेशमा गरिएको साक्षी परीक्षण वा बन्द सवाललाई नेपालको अदालतमा नै साक्षी परीक्षण वा बन्द सवाल भए गरे सरह मानी प्रमाणको रुपमा लिन सकिनेछ,"Notwithstanding anything contained in the laws in force, examination of witness or interrogatories executed in a foreign country pursuant to this Act may be taken in evidence as if such examination of witness or written interrogatories were executed in the Court of Nepal","Notwithstanding anything contained in the prevailing law, the examination of witness or interrogation conducted in a foreign country pursuant to this Act may be taken as evidence as if the examination of witness or interrogation were conducted in the court of Nepal itself"
"दाबीको वर्गीकरण : लिक्वीडेटरले दफा ८७ बमोजिम स्वीकृत, आंशिक रुपमा स्वीकृत वा अस्वीकृत दाबीलाई सोही बमोजिम छुट्टाछुट्टै शीर्षकमा छुट्याई राख्नु पर्नेछ","Classification of Claims: The claims accepted, accepted partially or rejected pursuant to Section 87 shall by a Liquidator be recorded separately segregating them under different headings","Classification of Claims: The Liquidator shall separately classify the claims accepted, partially accepted or rejected pursuant to Section 87 accordingly"
परिच्छेद-४ विविध आयोगको सङ्गठनात्मक संरचना र कर्मचारी: आयोगको सङ्गठनात्मक संरचना र कर्मचारीको दरबन्दी नेपाल सरकारले स्वीकृत गरे बमोजिम हुनेछ,Chapter-4 Miscellaneous Organizational Structure and Employees of the Commission: The organizational structure and appointment of employees of the Commission shall be as approved by the Government of Nepal,Chapter-4 Miscellaneous Organizational Structure and Employees of the Commission: The organizational structure and appointment of employees of the Commission shall be as approved by the Government of Nepal
नियोगमा स्थानीय कर्मचारीको रूपमा कार्यरत नेपाली नागरिकलाई मन्त्रालय वा नियोगबाट लेखी आएमा विभागले सर्भिस राहदानी जारी गर्न सक्नेछ,The Department may issue a service passport to a Nepali citizen working as local employee in the mission upon written request from the Ministry or the mission,The Department may issue a service passport to the Nepali citizen working as a local employee on the mission upon receipt of a letter from the Ministry or the mission
उपदफा बमोजिम तोकिएको जिल्ला न्यायाधीशले तोकेको अवधिभर सम्बन्धित जिल्ला अदालतमा रही काम गर्नु पर्नेछ,"The District Judge, as deputed in accordance with Sub-Section (5), shall work in the assigned District Court during the period as prescribed",The District Judge as prescribed pursuant to sub-section shall have to work in the concerned District Court throughout the period as prescribed
त्यस्तो अनुरोध प्राप्त भएपछि राष्ट्र बैङ्कले आफ्नो राय सहित आवश्यक कारबाहीको लागि नेपाल सरकार समक्ष पठाउनेछ,"Upon receipt of such request, the Rastra Bank shall forward the request to the Government of Nepal for necessary actions along with its opinion","Upon receipt of such a request, the Rastra Bank shall forward it with its opinion to the Government of Nepal for necessary action"
बैङ्क तथा वित्तीय संस्थाले राष्ट्र बैङ्कको स्वीकृति लिई नेपाल बाहिर शाखा कार्यालय खोल्न सक्नेछ,A bank or financial institution may open a branch office outside Nepal by obtaining approval from the Rastra Bank,Banks and financial institutions may open branch offices outside of Nepal with the approval of the Rastra Bank
"उपदफा र मा जुनसुकै कुरा लेखिएको भए तापनि प्रदेश वा स्थानीय तहले कानून बनाउँदा देहाय बमोजिम हुने गरी बनाउनु हुँदैनः- मौलिक हक, संवैधानिक हक वा सङ्घीय कानूनप्रदत्त हकमा प्रतिबन्ध लगाउने वा त्यस्तो हकको प्रयोगमा सीमा तोक्ने।","Notwithstanding anything contained in sub-sections and (3), Province or Local Level shall not enact laws: Prohibiting the exercise of fundamental rights, Constitutional rights or rights provided for in the federal laws, or restricting such rights.","Notwithstanding anything contained in sub-sections and , the Province or Local Level shall not, while enacting laws, make laws as follows: to impose restrictions on the original right, constitutional right or federal lawful right or to impose limits on the use of such right."
"न्याय परिषदको सचिवालयमा रहने अभिलेख प्रमाणित गरी अद्यावधिक, व्यवस्थित र सुरक्षित राखे, न्याय परिषदको कर्मचारीलाई कार्यविभाजन गरी काममा लगाउने, न्याय परिषदको सचिवालयको काम कारवाहीको अनुगमन, नियन्त्रण, सुपरीवेक्षण गर्ने, न्याय परिषदको निर्णय सम्बन्धित व्यक्ति वा निकायलाई जानकारी गराउने, नेपाल सरकार र अन्य सम्बन्धित निकायसँग आवश्यकता अनुसार सम्पर्क र समन्वय गर्ने, न्याय परिषदले तोकेको अन्य काम गर्ने","To keep the record to be remained in the Secretariat of the Judicial Council in systematic and secured manner by updating it, To allocate the functions to the employees of the Judicial Council and to assign them in work, To carry on monitoring, control and supervision of the activities of the Secretariat of Judicial Council, To give information of decision of the Judicial Council to concerned person or body, To make contract and coordination with Government of Nepal and other concerned body as per the requirement, To perform other function as prescribed by the Judicial Council","The records maintained in the Secretariat of the Judicial Council shall be updated, systematically maintained and safely, The employees of the Judicial Council shall be appointed by division of duties, The functions of the Secretariat of the Judicial Council shall be monitored, controlled, supervised, The decision of the Judicial Council shall be informed to the concerned person or body, The contact and coordination with the Government of Nepal and other concerned body shall be made as per necessity, To perform other functions as prescribed by the Judicial Council"
संयोजक,Coordinator,Coordinator
उपदफा मा जुनसुकै कुरा लेखिएको भए तापनि दुईजना सदस्यले संयुक्त रूपमा बिषय सूची समेत समावेश गरी न्याय परिषदको बैठक बोलाउन अध्यक्ष समक्ष लिखित अनुरोध गरेमा अध्यक्षले यथाशीघ्र बैठक बोलाउनु पर्नेछ,"Notwithstanding anything contained in Sub-Section, the Chairperson shall call a meeting in case any two members jointly make a written request including the agendas before the Chairperson to call a meeting of the Judicial Council as quick as possible","Notwithstanding anything contained in sub-section , if two Members make a request in writing to the Chairperson to convene the meeting of the Judicial Council by including the list of the issues jointly, the Chairperson shall convene the meeting as soon as possible"
मृत्युको समय सम्म कुनै ब्यक्तिको इच्छापत्र परिवर्तन हुन सक्छ ।,The will of a deceased person is changeable until the last moment of life.,The will of any person may change until the time of death.
"जसले शब्द बुझ्दैन, उसले सम्पूर्ण कारण पनि बुझ्दैन ।",He who fails in a syllable fails in his whole cause.,One who does not understand the word does not understand the whole reason.
"यस ऐनमा अन्यत्र जुनसुकै कुरा लेखिएको भए तापनि पूर्वाधार विकास बैङ्कको संस्थापक वा शेयरधनीले लिने अधिकतम शेयर वा कुनै विदेशी बैङ्, वित्तीय संस्था वा अन्य संगठित संस्थाले त्यस्तो बैङ्कको शेयर, डिबेञ्चर वा अन्य वित्तीय उपकरणमा लगानी गर्ने सीमा राष्ट्र बैङ्क समय समयमा निर्धारण गरे बमोजिम हुनेछ","Notwithstanding anything contained elsewhere in this Act, the maximum limit of shares to be subscribed by a promoter or shareholder of an Infrastructure Development Bank or limit of equity investment to be made by any foreign bank, financial institution and other corporate body in shares, debentures or other financial instruments shall be as determined by the Rastra Bank from time to time","Notwithstanding anything contained elsewhere in this Act, the maximum shares to be taken by the promoter or shareholder of the Infrastructure Development Bank or the limits of investment by any foreign bank, financial institution or other corporate body in the shares, debentures or other financial instruments of such a bank shall be as determined by the Rastra Bank from time to time"
उपदफा बमोजिम सङ्गलन गरिएको लगतको विवरण स्थानीय तहले प्रदेश सरकार मार्फत्‌ नेपाल सरकारलाई उपलब्ध गराउनु पर्नेछ,The Local Level shall have to provide the details of the list collected pursuant to sub-section to the Government of Nepal through the Provincial Government,The Local Level shall have to provide the details of the records collected pursuant to sub-section through the Provincial Government to the Government of Nepal
"कति तथा कस्तो किसिमको, वस्तुको सीमा तथा गुण","How much and of what kind, the extent and quality.","How much and of what kind, limit and quality of the goods"
निर्देशिका बनाउन सक्ने: मन्त्रालयले ऐन तथा यस नियमावलीको अधीनमा रही आवश्यक निर्देशिका वनाउन सक्नेछ,"No person shall be allowed to sell and distribute tobacco products from any home or shop having under the distance of 100 meter from educational and health institutions, child welfare homes, child care centers, elders’ care home, and other public places as prescribed by Government of Nepal by publishing a notice in the Nepal Gazette","Power to frame Directives: The Ministry may frame necessary Directives, subject to the Act and this Rules"
"जसले कुनै काम गर्न आदेश दिन्छ, सो कार्य उसले गरेको मानिन्छ । (हि. मु.अ.स., दफा १२९ को उपदफा (१), मु.अ.स., दफा १२९ को उपदफा (४), २०६ को उपदफा (१), १२९ आदी) को उपदफा (४), १२९ आदी)",One who orders or commands is deemed to have done thing himself.,One who orders anything is deemed to have done it.
छुनोटको विषयमा एकपटक सन्तुष्ट भएपछि त्यस पछाडी असन्तुष्ट हुन सक्तैन । (एकपटक कसैले छुनोट गर्न अधिकार प्रयोग गरिसकेपछि छुनोट गर्ने भन्दा सक्तैन । (अधुतको छुनोटको सन्दर्भमा),One cannot be displeased with that which has once satisfied him in making his election. (That which has once pleased in matter of election cannot afterwards displeased.),One who is satisfied with one's impressions cannot be disappointed with them. (One who is satisfied with one's impressions cannot be disappointed with them after one's impressions.)
कुनै कारणले लेखापरीक्षकको स्थान रिक्त भएमा बाँकी अवधिको लागि सञ्चालक समितिले अर्को लेखापरीक्षकको नियुक्ति गर्नु पर्नेछ,"If, for any reason, the position of an Auditor falls vacant, the Board of Directors shall appoint another Auditor for the remainder of the term","If the position of auditor falls vacant due to any reason, the Board of Directors shall appoint another auditor for the remaining period"
जन्मस्थान र नाता खुल्ने गरी “गाउँपालिका वा नगरपालिकाले गरिदिएको सिफारिस,Recommendation from the concerned Village Development or Municipality certifying the place of birth and relationship,Recommendation made by the Municipality or Municipality stating the place of birth and descent
"परिच्छेद-९ निर्देशन समिति तथा समन्वय समिति निर्देशन समिति : अपाङ्गता भएका व्यक्तिको अधिकार, सेवा सुविधा र संरक्षण सम्बन्धी काम कारबाहीमा समन्वय, रेखदेख, प्रबर्धन गर्ने तथा सो सम्बन्धी काममा निर्देशन दिने काम समेतको लागि एक अपाङ्गता राष्ट्रिय निर्देशन समिति रहनेछ ।","Chapter-9 Steering Committee and Coordination Committee Steering Committee: There shall be a Steering Committee for the functions including to co-ordinate, monitor, promote the activities related to the rights, facilities, services and protection of the persons with disabilities and to give direction in the activities related thereto.","Chapter-9 Steering Committee and Coordination Committee Steering Committee: There shall be a National Disability Steering Committee for coordinating, supervising, promoting the rights, services and protection of the persons with disabilities and giving direction in the work related thereto."
सर्वोच्च अदालतमा साधक पेश भएको मुद्वामा समेत सर्वोच्च अदालतलाई पुनरावेदन सुन्ने अधिकार हुनेछ,The Supreme Court shall have the power to hear an appeal on reference cases submitted before the Supreme Court,The Supreme Court shall have jurisdiction to hear appeals even in cases where a petition has been filed before the Supreme Court
"उपदफा वा बमोजिमको अभिलेखमा समावेश नभएका अपाङ्गता भएका व्यक्तिलाई नेपाल सरकारले यस ऐन बमोजिम उपलब्ध गराउने सेवा, सुविधा प्रदान गर्न बाध्य हुने छैन ।","The Ministry shall prepare integrated details of the persons with disabilities, on the basis of the records received pursuant to sub-section (2).","The Government of Nepal shall not be obliged to provide the services, facilities to the persons with disabilities that are not included in the records referred to in sub-sections or pursuant to this Act."
"आयोगले उपदफा बमोजिम प्राकृतिक स्रोतको परिचालनबाट प्राप्त हुने प्रतिफलको हिस्सा देहायका आधारमा निर्धारण गरी नेपाल सरकारमा सिफारिस गर्न पर्नेछ :- परिचालित प्राकृतिक स्रोतको अवस्थिति, प्राकृतिक स्रोतको परिचालनबाट प्रभावित क्षेत्र, परिचालित प्राकृतिक स्रोत उपरको निर्भरता, प्रतिफलबाट लाभान्वित जनसङ्ख्या, प्राकृतिक स्रोतमा आश्रित जनसङ्ख्या, प्राकृतिक स्रोतको संरक्षण र दिगो व्यवस्थापनमा सहभागिता","The portion of returns to be received from the mobilization of Natural Resources made pursuant to sub-section (1), shall be determined by the Commission on the following grounds and recommendation of the same shall be made to the Government of Nepal: - situation of mobilized natural resources, area affected due to the mobilization of natural resources, dependence upon the mobilized natural resources, population benefitting from the results, population dependent on the natural resources, participation in the protection and sustainable management of natural resources","The Commission shall make a recommendation to the Government of Nepal by determining the portion of the return from the mobilization of natural resources pursuant to sub-section (1), on the following basis:- The location of the mobile natural resource, the area affected by the mobilization of natural resources, the dependence on the mobile natural resource, the population benefiting from the return, the population dependent on the natural resource, participation in the protection and sustainable management of the natural resources"
परीक्षाको पर्यवेक्षण: परिषद्ले दफा २२ बमोजिम मान्यता प्रदान गरिएको शैक्षिक योग्यताको प्रमाणपत्र वा अन्य उपाधिको लागि सम्बन्धित शिक्षण संस्थाबाट लिइने परीक्षाको पर्यवेक्षण गर्न सक्नेछ,Invigilation of Examination: The Council may cause invigilation of the examination to be conducted by the relevant educational institution recognized under section 22 to award qualification certificates or other degrees,Inspection of examination: The Council may inspect the examination of an educational qualification certificate or other diploma recognized pursuant to Section 22 to be taken from the concerned educational institution
मेरो सम्पत्ति मबाट अलग्ग नगरी वा जफत नगरी अर्कलाई हस्तान्तरण हुन सक्दैन ।,What is mine cannot be lost or transferred to another without alienation or forfeiture.,My property cannot be transferred to another without separating or confiscating it from me.
"परिच्छेद-१ प्रारम्भिक संक्षिप्त नाम र प्रारम्भ: यस ऐनको नाम “अनिवार्य तथा निःशुल्क शिक्षा सम्बन्धी ऐन, २०७५” रहेको छ","Chapter-1 Preliminary Short title and commencement: This Act may be cited as the “Act Relating to Compulsory and Free Education, 2075","Chapter-1 Preliminary Short title and commencement: This Act may be cited as the ""Act Relating to Necessary and Free Education, 2075"
परिवारको कुनै पनि सदस्य स्वरोजगार नभएमा।,If no member of the family is self-employed.,If any member of the family is not self-employed.
उपदफा बमोजिम प्राप्त भएको मुद्दाको सम्बन्धमा उच्च अदालतको एक न्यायाधीशको इजलासमा सुनुवाई हुनेछ र त्यस्तो इजलासबाट भएको निर्णय वा अन्तिम आदेश नै अदालतको निर्णय वा अन्तिम आदेश मानिनेछ,Hearing of the case pursuant to sub-section shall be held in the single Bench of the High Court and the decision or final order made by such a Bench shall be deemed to be the decision or final order of the Court,"The case received pursuant to sub-section shall be heard in the bench of one Judge of High Court, and the decision or final order made by such bench shall be deemed to be the decision or final order of the Court"
"यो ऐन प्रारम्भ हुँदाका बखत लेखापरीक्षण ऐन, २०४८ बमोजिम लेखापरीक्षण हुन बाँकी रहेको लेखाको लेखापरीक्षण यसै ऐन बमोजिम हुनेछ","Power to issue standards or directives: The Auditor General may, subject to this Act and the rules framed under this Act, make and enforce auditing standards or directives based on international auditing standards and prevailing good practices in order to enhance the quality of audit by making auditing objective, reliable and valid","At the time of the commencement of this Act, the audit of the accounts remaining to be audited pursuant to the Audit Act, 2048 shall be in accordance with this Act"
"जसले अर्कको व्यक्तिको अधिकार वा स्वामित्व सक्छ, निजले त्यस्तो व्यक्तिको अधिकार उपयोग गर्दछ ।","One who succeeds to the right or ownership of another, ought to enjoy the rights of that other.",One who has the right or ownership of a partner uses the right of such a partner.
उपदफा मा जुनसुकै कुरा लेखिएको भए तापनि प्रचलित कानून बमोजिम कुनै सुरक्षा जाँच वा फौजदारी कसूरको अनुसन्धानको सिलसिलामा कुनै व्यक्तिको तलासी लिनु पर्ने अवस्था भएमा कानून बमोजिम अधिकार प्राप्त अधिकारी वा निजको आदेश बमोजिम सुरक्षाको प्रयोजनको लागि खटिएका कुनै व्यक्ति वा सुरक्षाकर्मीले तलासी लिन सक्नेछ,"Notwithstanding anything contained in sub-section , in cases where it is necessary to carry out any security check under the prevailing law or to search any person in the course of investigation of a criminal offence, the authorized official or any person or security deputed for the purpose of security in accordance with his or her order may carry out search in accordance with law","Notwithstanding anything contained in sub-section , if it is necessary to search any person in the course of any security check or investigation of criminal offence under the prevailing law, the lawfully authorized official or any person or security worker deputed for the purpose of security pursuant to his or her order may search"
बिबिध मुद्दाको अनुसन्धान र दायरीः दफा ३३ बमोजिम सजाय हुने मुद्दाको अनुसन्धान परिषद्ले तोकेको परिषद्को अधिकृतले गर्नेछ र त्यस्तो अनुसन्धानको काम पूरा भएपछि सरकारी वकिलको राय लिई सम्बन्धित जिल्ला अदालतमा मुद्दा दायर गर्नेछ,"Miscellaneous Investigation and filling of case: An investigation of a case punishable under section 33 shall be carried out by an officer of the Council appointed by it and after the completion of such investigation, the case shall be filed with a corresponding district court on taking opinion of the government attorney","Investigation and filing of contentious case: The investigation of the case punishable under Section 33 shall be carried out by the officer of the Council as prescribed by the Council and after completion of the investigation, the case shall be filed in the concerned District Court with the opinion of the government attorney"
गलत तरिकाले दायित्व बोकाउनेलाई सजाय दिने उजुरी ।,An action to penalize someone who wrongfully compelled the plaintiff to assume obligation.,An action to impose punishment on a wrongful liability bearer.
पुनर्स्थापकीय न्याय: बाल न्याय सम्पादन गर्दा पुनर्स्थापकीय न्यायको मान्यता अनुकूल हुने गरी गर्नु पर्नेछ,"Restorative justice: While dispensing the juvenile justice, it shall be made in compliance with the principle of restorative justice","Juvenile justice: While performing juvenile justice, it shall be done in such a manner as to make the recognition of juvenile justice appropriate"
"अपाङ्गता भएका बालबालिकाको अधिकार : अपाङ्गता भएका बालबालिकालाई आफ्नो मान, प्रतिष्ठा सुनिश्चित गर्ने, आत्मनिर्भरता प्रवर्द्धन गर्ने, समाजमा सक्रिय रुपले सहभागी हुने तथा सम्मानजनक तवरले जीवन व्यतीत गर्ने अधिकार हुनेछ ।","Rights of children with disabilities: The children with disabilities shall have the right to ensure their dignity and honour, promote self-reliance, participate actively in the society and earn the living in a respectful manner.","Rights of the children with disabilities: The children with disabilities shall have the right to ensure their own respect, prestige, promote self-sufficiency, participate actively in society and lead life with respect."
"जसले खराव काम गर्छ, निजले आफूलाई अन्धकारमा राख्छ ।",One who does wrong hates the light.,One who deceives keeps himself in darkness.
"सार्वजनिक स्थलमा सिसिटिभि क्यामेरा जडान गर्ने सम्बन्धमा: कुनै पनि सार्वजनिक स्थलमा सिसिटिभि क्यामेरा जडान गर्न आवश्यक भएमा शौचालय, स्नान गृह वा कपडा फेर्ने कक्ष (चेञ्जिङ रुम) बाहेकका ठाउँमा त्यस्तो क्यामेरा जडान गर्न वा गराउन सकिनेछ","Relating to installing CCTV camera at public place: If it is necessary to install CCTV camera at any public place, such camera may be installed, or caused to be installed, at a place other than the toilet, bathroom or changing room","Regarding installation of CCTV camera in public place: If it is necessary to install CCTV camera in any public place, such camera may be installed or caused to be installed in the place other than toilet, bathroom or Changing Room"
"कोषले नेपाल सरकार वा नेपाल सरकारको स्वामित्व वा नियन्त्रणमा रहेको कुनै निकायद्वारा प्रवद्रिधत उर्जा उत्पादन र प्रशारण, कृषि विकास, पर्यटन र ठूला पूर्वाधार निर्माणको क्षेत्रमा शेयर लगानी गर्न सक्ने।","The Fund may make investment in the area of power generation and distribution, agriculture development, tourism and construction of larger infrastructures promoted by Government of Nepal or anybody having under the ownership or control of Government of Nepal.","The Fund may make share investment in the fields of energy generation and transmission, agricultural development, tourism and construction of large infrastructures in which the Government of Nepal or any body owned or controlled by the Government of Nepal is involved."
"उपदफा बमोजिम अनुसन्धान अधिकारी, सरकारी वकील वा बाल अदालतले बालबालिकालाई दिशान्तर गरेको जानकारी आफ्नो माथिल्लो निकाय र बाल अदालतलाई दिनु पर्नेछ","The investigating authority, government attorney or Juvenile Court shall give the information about the diversion of the child pursuant to sub-section to their respective higher office and Juvenile Court","The investigating authority, government attorney or Juvenile Court shall have to give information of diverting a child pursuant to sub-section to its higher authority and the Juvenile Court"
कारवाहीको शुरुवात ।,To commence an action.,The commencement of action.
उपदफा र बमोजिम राष्ट्र बैङ्खलाई प्राप्त हुने नगद जरिबाना सरकारी कोषमा दाखिला गर्नु पर्नेछ,The amount of a fine received in the form of cash by the Rastra Bank pursuant to Sub-Sections and shall be deposited to the Government fund,The cash fine to be received by the Rastra Bank pursuant to Sub-Sections and shall be deposited with the Government Fund
बालबालिकाको अहित हुने भनी बाल अदालतले रोक लगाएको अवस्थामा बाहेक बाबु वा आमा वा दुवैसँग भिन्न वा अलग बसेको बालबालिकालाई बाबु आमासँग व्यक्तिगत सम्बन्ध कायम राख वा नियमित रूपमा प्रत्यक्ष सम्पर्क वा भेटघाट गर्ने अधिकार हुनेछ,"Except for the condition where the Juvenile Court has made a restriction stating that it would be not in the interests of a child, the child living separately from the father or mother or both shall have the right to make direct contact or meet with the father or mother regularly","Except in cases where the Juvenile Court has ruled that it is in the interest of the child, the child who is different or stays separately with his or her father or mother or both shall have the right to maintain personal relationship with his or her parents or to make regular direct contact or meeting with them"
तोकिएको वा “तोकिए बमोजिम” भन्नाले यस ऐन अन्तर्गत बनेको नियममा तोकिएको वा तोकिए बमोजिम सम्झनु पर्छ ।,Prescribed or as prescribed means prescribed or as prescribed in the rules framed under this Act.,Prescribed or as prescribed means prescribed or as prescribed in the rules framed under this Act.
"उपदफा बमोजिम सिफारिस गर्दा आयोगले मुद्दा दायर गर्न सहयोग पुग्ने छानबिनको क्रममा सङ्कलन गरेको तथ्य, कागज तथा प्रमाणको प्रतिलिपि समेत सम्बन्धित निकायलाई उपलब्ध गराउन सक्नेछ","While making a recommendation pursuant to sub-section (1), the Commission shall make available the facts, documents and copies of evidences collected in course of investigation that will assist in the filing of the case, to the concerned agency","While making a recommendation pursuant to sub-section (1), the Commission may also provide the concerned agency with the facts, documents and copies of evidence collected in the course of inquiry that may assist in the filing of a case"
“सार्वजनिक शैक्षिक गुठी विद्यालय” भन्नाले मुनाफा नकमाउने उद्देश्यले सार्वजनिक शैक्षिक गुठी अन्तर्गत स्थापना वा सञ्चालन भएका कल्याणकारी विद्यालयलाई सम्झनु पर्छ,"""Public educational trust school"" means a welfare school established or operated under the public educational trust, with non-profit motive","""Public educational trust school"" means a welfare school established or operated under the public educational trust with the objective of not making profit"
विशेष समिति गठन गर्न सक्ने : परिषद्ले आफ्नो काम कारबाहीलाई व्यवस्थित गर्न आवश्यकता अनुसार विशेष समिति गठन गर्न सक्नेछु।,Special Committee may be Formed: The Council may form special committees as required to manage its function and activities.,May form special committee: The Council may form a special committee as necessary to manage its functions and activities.
उपदफा बमोजिम छुट्टा छुट्टै प्रमाणपत्रमा उल्लेख भएको जन्म मितिको अन्तर एक वर्ष भन्दा बढी देखिएमा वर्ष मात्र उल्लेख भएको प्रमाणपत्रको आधारमा उपदफा बमोजिम जन्म मिति कायम गरिनेछ,"If the difference between the dates of birth as mentioned in different certificates according to sub-salaryection is found to be more than one yea, the date of birth shall be determined on the basis of the certificate mentioning only year in accordance with sub-section","If the gap between the date of birth as mentioned in the separate certificate pursuant to sub-section is found to be more than one year, the date of birth shall be maintained pursuant to sub-section on the basis of the certificate as mentioned only in the year"
"सचिव, भूमि व्यवस्था सहकारी तथा गरिवी निवारण मन्त्रालय","Secretary, Ministry of Land Management, Cooperative and Poverty Alleviation","Secretary, Ministry of Land Management, Cooperative and Poverty Alleviation"
विशेष संरक्षणको आवश्यकता भएका बालबालिका: देहायका बालबालिका विशेष संरक्षणको आवश्यकता भएका बालबालिका मानिनेछन्‌ :- अनाथ बालबालिका,Special Protection and Rehabilitation of Children Children_in need_of special protection: The following children shall be deemed to be children in need of special protection: Orphan children,Children in need of special protection: The following children shall be deemed to be children in need of special protection: orphan children
"कुनै व्यक्तिको चरित्र, आचरण वा व्यवहारको सम्बन्धमा कुनै प्रश्न उठेमा त्यस सम्बन्धमा छानबिन गरी कानून बमोजिम कारबाही गर्ने क्रममा बाहेक निजको चरित्रको सम्बन्धमा कसैले कुनै टिप्पणी गर्न हुँदैन","Except in the case of taking action under law by inquiring into any question that is raised regarding the character, conduct or behavior of any person, no person shall make any comments on the character of that person","If any question arises with regard to the character, conduct or behaviour of any person, no one shall make any comments with regard to his or her character except in the course of investigation and taking legal action in relation to him or her"
"सङ्घ, प्रदेश र स्थानीय तहबाट हुने सेवा प्रवाहको विषयमा सामञ्जस्यता कायम गर्न आवश्यक कार्य गर्ने।","To carry out necessary activities in order to maintain harmony in the delivery of service at the Federation, Province and Local Level.","To do necessary acts to maintain consistency on the matters of service flow from Federation, Province and Local Level."
"उपदफा (२), र बमोजिम कुनै व्यक्ति तथा परिवारको एकल, सामुहिक वा संयुक्त स्वामित्व रहने गरी उपलब्ध गराइएको आवास त्यस्तो आवास उपलब्ध गराउने सम्बन्धित नेपाल सरकार वा प्रदेश सरकार वा स्थानीय तहको स्वीकृति नलिई बेङ्ग, वित्तीय वा अन्य संस्थामा धितो बन्धक राखी क्रण लिन, बेचबिखन गर्न, भाडा वा लिजमा दिन वा अन्य व्यक्तिलाई स्वामित्व हस्तान्तरण गर्न वा अन्य कुनै प्रकारले हक छाड्न पाइने छैन","Without obtaining approval of the Government of Nepal or the concerned Provincial Government or Local Level, providing such housing facility, obtaining loan by pledging and mortgaging in the bank, financial or other institution, selling, lending or giving on rent or lease or transferring ownership to other person or relinquishing the right in any manner from the housing provided under single, group or joint ownership of any person and family pursuant to sub- sections (2), and shall be forbidden","No one shall, without obtaining the approval of the concerned Government of Nepal or Provincial Government or Local Level for the provision of the housing provided under the single, collective or joint ownership of any person and family pursuant to sub-sections (2), and (2), take, sell, rent or lease the housing or transfer the ownership of such housing to any other person or give up the title in any other manner by mortgage or mortgage to any bank, financial or other institution"
"उपदफा बमोजिम इजाजतपत्र दिनु अघि राष्ट्र बैङ्कले देहायका कुराहरुको यकिन गर्नु पर्नेछ :- बैङ्किङ तथा वित्तीय कारोबार गर्न इजाजतपत्र दिँदा स्वस्थ प्रतिस्पर्धात्मक र वित्तीय मध्यस्थता सम्बन्धी कारोबार प्रभावकारी भई निक्षेपकर्ताको हित हुने, यो ऐन वा यस ऐन अन्तर्गत बनेको नियम, विनियम वा दिइएको आदेश वा निर्देशन तथा प्रबन्धपत्र र नियमावलीको अधीनमा रही बैङ्किङ तथा वित्तीय कारोबार सञ्चालन गर्न सक्षम रहेको, दफा ३३ बमोजिम इजाजतपत्रको लागि दिएको निवेदन साथ संलग्न विवरण तथा कागजात पूर्ण रहेको तथा पर्याप्त भौतिक पूर्वाधार भएको, बैङ्क वा वित्तीय संस्थामा नियुक्त वा संलग्न भएको वा नियुक्त गरिने वा संलग्न हुने कुनै पनि पदाधिकारी बैङ्ङग तथा वित्तीय कारोबार सञ्चालन गर्न सक्षम रहेको","The Rastra Bank shall, before issuing a license pursuant to Sub-Section , ascertain the following matters:- That granting of a license for carrying out banking and financial transactions will result in development of healthy competition and effective financial intermediary transactions thereby the result in protection of interests of depositors, That it is capable of carrying out banking and financial transactions subject to this Act, Rules, Byelaws framed thereunder, Orders or Directives issued as well as Memorandum of Association and Articles of Association, That the documents and details submitted along with application pursuant to Section 33 for a license are sufficient and adequate physical infrastructures in place, That any official appointed or involved or to be appointed or to be included in the bank or financial institution is capable of carrying out banking and financial transactions","The Rastra Bank shall, before issuing a license pursuant to Sub-Section, have to verify the following matters:- While issuing a license for carrying out banking and financial transactions, the transactions relating to healthy competition and financial arbitration shall be in the interests of the depositors in an effective manner, Whether or not it is capable of carrying out banking and financial transactions subject to this Act or the Rules, Byelaws framed under this Act or orders or directives issued and the Memorandum of Association and Articles of"
महालेखापरीक्षकको कार्यालयको संगठनात्मक संरचना र कर्मचारीको दरबन्दी महालेखापरीक्षकको सिफारिशमा नेपाल सरकारले स्वीकृत गरे बमोजिम हुनेछ,Office of the Auditor General: The Auditor General may as required establish offices in the Federation and Province for the functions to be performed by himself or herself,The organizational structure and appointment of employees of the Office of the Auditor General shall be as approved by the Government of Nepal on the recommendation of the Auditor General
ठूलो कुरालाई सही ठहर गर्दा सानो कुरा स्वत: सही ठहरिन्छ ।,An argument from the greater to the less.,"When the larger thing is right, the smaller thing is automatically right."
सम्बन्धित निकाय वा पदाधिकारीले माग गरेका बखत आफूसँग रहेको वस्तुको मौज्दात वा विवरण उपलब्ध गराउने,to provide storage or details of the goods remained with him or her when the concerned agency or official so demands,to provide the quantity or details of the goods with him or her at the time when the concerned agency or official so demands
कुनै कुकुरले व्यक्तिगत रुपमा वा कुनै जीवजन्तुमा पुर्याएको क्षतिको मुद्दामा ।,A common charge in a declaration of damage done by a dog to an individual or to another animal,In the case of the damage caused by a dog personally or to any animal.
परिषद्को कुल सदस्य संख्याको पचास प्रतिशतभन्दा बढी सदस्यहरु उपस्थित भएमा परिषद्को बैठकको लागि गणपुरक संख्या पुगेको मानिनेछ,It shall be deemed to constitute a quorum for a meeting of the Council if more than fifty percent of the total numbers of the Council are present at the meeting,"If more than fifty percent of the members of the Council are present, it shall be deemed to constitute a quorum for the meeting of the Council"
उपदफा बमोजिम रोजगारदाताले लगाएको काम नगर्ने व्यक्तिलाई रोजगार सेवा केन्द्रले बेरोजगारको सूचीबाट हटाउनु पर्नेछ।,The Employment Service Center shall remove the person who fails to perform the work assigned by the employer pursuant to sub-section from the list of the unemployed persons.,The Employment Service Center shall remove the person who does not perform the work assigned by the employer pursuant to sub-section from the list of the unemployed.
"पारस्परिक कानूनी सहायता उपलब्ध गराउने: यस परिच्छेद बमोजिम पारस्परिक कानूनी सहायता सम्बन्धी कागज प्रमाण सङ्कलन गर्ने तथा प्रमाण बुझ्ने लगायतका कार्य समाप्त भएपछि सोको विवरण अनुसन्धान अधिकारी, अदालत वा सम्बन्धित जिल्ला सरकारी वकील कार्यालयले केन्द्रीय अधिकारी समक्ष पठाउनु पर्नेछ","Provision of mutual legal assistance: Upon the completion of acts including the collection of evidence, document and taking of evidence relating to mutual legal assistance pursuant to this Chapter, the investigating authority, Court or concerned District Government Attorney Office must send the description thereof to the Central Authority","To provide mutual legal assistance: After completion of the acts including collecting documents and taking evidence relating to mutual legal assistance pursuant to this Chapter, the investigating authority, court or concerned District Government Attorney’s Office shall forward the details thereof to the Central Authority"
"“सार्वजनिक पद धारण गरेको व्यक्ति” भन्नाले संविधान, अन्य प्रचलित कानून वा सम्बन्धित निकाय वा अधिकारीको निर्णय वा आदेश बमोजिम कुनै सार्बजनिक अख्तियारी प्रयोग गर्न पाउने वा कुनै कर्तव्य पालन गर्नु पर्ने वा दायित्व निर्वाह गर्नु पर्ने पदमा बहाल रहेको व्यक्ति सम्झनु पर्छ र सो शब्दले सार्वजनिक संस्थाको कुनै पदमा बहाल रहेको पदाधिकारी वा कर्मचारी समेतलाई जनाउनेछ","""Public office holder"" means a person who holds a post entitling him or her to exercise any public authority or obliging him or her to perform any duty or obligation pursuant to the Constitution, other prevailing law or any decision or order of the concerned body or authority, and this term also includes any incumbent official or employee holding any post in a public organization","""Person holding public office"" means a person who is holding a post to exercise any public office or to perform any duty or to bear responsibility pursuant to the Constitution, other prevailing laws or the decision or order of the concerned body or official, and this term also includes an office bearer or employee of a public institution who is holding a post"
जतिसुकै बिगो भएको वा जतिसुकै जरिबाना वा कैद हुन सक्नेमा बाल अदालतले,To provide necessary counselling to the child and his or her family,"The Juvenile Court shall, if any offence has been committed or any fine or imprisonment may have been imposed"
उपदफा मा जुनसुकै कुरा लेखिएको भए तापनि बालबालिकाको सर्वोत्तम हितको लागि आवश्यक भएमा बाल अदालतले कुनै बालबालिकालाई बाबु वा आमाबाट अलग गरी कुनै संरक्षकको जिम्मामा रहने आदेश दिन सक्नेछ,"Notwithstanding anything contained in sub-section (1), the Juvenile Court may issue an order to separate any child from his or her father or mother and entrust him or her to any guardian's custody for the best interests of the child, if necessary","Notwithstanding anything contained in sub-section , if it is necessary for the best interests of the child, the Juvenile Court may give order to any child to remain under the custody of any guardian by separating him or her from his or her father or mother"
उपसमिति वा कार्यदल वा विज्ञ समूह गठन गर्न सक्ने: परिषद्‌ वा प्रदेश खाद्य परिषद्ले आफ्नो कार्य सञ्चालन गर्नका लागि आवश्यकता अनुसार उपसमिति वा कार्यदल-वा विज्ञ समूह गठन गर्न सक्नेछ ।,Sub-committee or task force or expert group may be formed: The Council or Provincial Food Council may form a sub-committee or task force or expert group as necessary for the performance of its functions.,"May form sub-committee or task force or expert group: The Council or Provincial Food Council may form a sub-committee or task force or expert group, as required, in order to perform its functions."
नेपाल सरकारले प्रदेश तथा स्थानीय तहलाई र प्रदेशले स्थानीय तहलाई प्रचलित कानून बमोजिम उपलब्ध गराउने सशर्त अनुदानका सम्बन्धमा नेपाल सरकार तथा प्रदेशलाई सिफारिस गर्दा आयोगले संविधानको धारा २५१ को उपधारा (१)को खण्ड र उपदफा मा उल्लिखित विषयहरूलाई आधार लिई गर्न पर्नेछ,"The Commission, while making recommendation to the Government of Nepal and State for the Conditional Grant to be provided by the Government of Nepal to State and Local Level and by State to Local Level, in accordance with prevailing laws, shall take the subjects contained in the clause and sub-section of sub-article of Article 251 of the Constitution, as bases","The Commission shall, while making recommendation to the Government of Nepal and Province with regard to the conditional grant to be made available by the Government of Nepal to the Province and Local Level and by the Province to the Local Level in accordance with the prevailing law, take into consideration the matters referred to in clauses and sub-sections of sub-article (1) of Article 251 of the Constitution"
अधिकतम् देखि न्यूनतम्सम्म ।,From the greater to the lesser.,From the maximum to the minimum.
उपदफा बमोजिम निरीक्षण वा जाँचबुझ गर्ने सम्बन्धमा प्रचलित कानूनमा अनुगमन तथा निरीक्षणको व्यवस्था भएकोमा सोही बमोजिम र अन्य अवस्थामा मन्त्रालयले तत्काल निरीक्षण वा जाँचबुझ समिति गठन गर्न वा यस ऐन बमोजिम गठन भएको कुनै समितिलाई वा निरीक्षण अधिकृतलाई तोक्न सक्नेछ,"Inspection or monitoring shall be carried out accordingly if the prevailing law provides for monitoring and inspection, with respect to the inspection or inquiry pursuant to sub-section (1), and in other circumstances, the Ministry may form immediately an inspection or inquiry committee or designate any committee formed under this Act or the Inspection Officer to that effect","In cases where monitoring and inspection is provided for in the prevailing law with regard to carrying out inspection or inquiry pursuant to sub-section (1), the Ministry may immediately form an inspection or inquiry committee or designate any committee formed pursuant to this Act or the Inspection Officer"
उपदफा बमोजिम उजूरी परेमा व्यवस्थापकले पन्ध दिनभित्र त्यस्तो उजूरी उपर आवश्यक जाँचबुझ गर्नु पर्नेछ र त्यसरी जाँचबुझ गर्दा उजुरीको व्यहोरा मनासिब देखिएमा आवश्यक सुधार गर्न वा त्रुटी सच्याउनु पर्नेछ ।,"If a complaint is made pursuant to sub-section (1), the manager shall make necessary inquiry into such a complaint within fifteen days, and if, on such inquiry, the content of the complaint appears to be reasonable, the manager shall make necessary reform or rectify the error.","If a complaint is made pursuant to sub-section (1), the manager shall have to make necessary inquiry into such a complaint within fifteen days, and if the complaint is found to have been reasonable in making such inquiry, the manager shall have to make necessary improvement or correct the error."
"परिषद्का कर्मचारीः परिषद्को कार्यभार, स्रोत, साधन र आर्थिक क्षमता समेतको आधारमा परिषद्को सङ्गठनात्मक संरचना मन्त्रालयले स्वीकृत गरेबमोजिम हुनेछ","Employees of the Council: The organizational structure of the Council shall be approved by the Ministry based on the Council’s workload, resources, means and financial conditions","Employees of the Council: The organizational structure of the Council shall be as approved by the Ministry, on the basis of the workload, resources, means and economic capacity of the Council"
सम्पत्ति लुकाउने ऋणीविरुद्ध साहुले चलाउने उजुरी ।,An action given to creditors by which they could recover property fraudulently alienated by debtors to defeat their rights,An action brought by a creditor against a tenant who concealed the property.
"“न्यायिक लिखत” भन्नाले अदालतमा दर्ता भएको फिरादपत्र, दावी पत्र, निवेदन वा पुनरावेदन सम्झनु पर्छ र सो शब्दले अदालतबाट जारी भएको आदेश समेतलाई जनाउँछ","“judicial document” means a plaint, petition of claim, petition or appeal filed in a court, and this term includes an order made by a court","“Judicial document” means a petition, claim, petition or appeal filed in the court, and this term also includes an order issued by the court"
बैङ्क वा वित्तीय संस्थासँग सम्बन्धित कुनै पनि किसिमको लिखतमा आय टिकट दस्तुर लाग्ने छैन,No revenue stamp fee shall be charged on any kind of deeds or documents related with the bank or financial institution,No Income Ticket charge shall be levied on any type of deed related to a bank or financial institution
तर सार्वजनिक रूपमा गरिएको भाषण वा वक्तव्यको हकमा यस उपदफाको व्यवस्था लागू हुने छैन,"Provided that in the case of a speech or statement made publicly, the provision of this sub-section shall not be applicable","Provided that, the provision of this sub-section shall not apply to public speech or statement"
"यस परिच्छेद बमोजिम कुनै बैङ्क वा वित्तीय संस्थाले तयार पार्नु पर्ने वासलात र नाफा-नोक्सान हिसाबको ढाँचा, विषयवस्तु, प्रमाणित गर्नु पर्ने तरिका र सार्वजनिक गराउनु पर्ने विवरण समेत राष्ट्र बैङ्कले तोके वा निर्देशन दिए बमोजिम हुनेछ","The format, contents, methods of certification and details of the matters to be made public in the balance-sheet and profit and loss accounts to be prepared by a bank or financial institutions pursuant to this Chapter shall be as prescribed or directed by the Rastra Bank","The format, contents, method of certifying and details to be made public of the balance-sheet and profit and loss account to be prepared by any bank or financial institution pursuant to this Chapter shall also be as prescribed or directed by the Rastra Bank"
"वस्तु वा सेवाको वास्तविक गुणस्तर, परिमाण, मूल्य, नापतौल, ढाँचा वा बनावट आदि ढाँटी, लुकाई, छिपाई वा झुक्याई त्यस्तो वस्तु वा सेवा बिक्री वा प्रदान गर्ने","selling or providing the goods or services by lying concealing, hiding or misleading the actual quality, quantity, price, measurement, format or composition etc of such goods or services","selling or providing such goods or services by concealing, hiding, concealing or deceiving the actual quality, quantity, price, measuring scale, format or design of the goods or services"
परम्परा वा नजिरमा आधारित उजुरी ।,Action based on custom or precedent.,An action based on tradition or precedent.
तोकिए बमोजिमको अन्य काम गर्ने,To perform such other functions as may be prescribed,to perform such other functions as prescribed
लिक्विडेटरले यस परिच्छेद बमोजिम कुनै अधिकार प्रयोग गर्दा वा कर्तव्य पालना गर्दा कुनै बाधा उत्पन्न हुन आएमा सोको फुकुवा गर्नका लागि निजले अदालतमा निवेदन दिन सक्नेछ,"If any difficulty arises in the course of exercising any power or discharging any duty by a Liquidator under this chapter, he/she may file an application to the court to remove such difficulty","If any obstruction arises in the exercise of any right or in the performance of any duty pursuant to this Chapter, the Liquidator may file an application to the court for the release of such obstruction"
"प्राकृतिक, भौतिक तथा वित्तीय स्रोतको दिगो व्यवस्थापन र लाभको न्यायोचित वितरण।","Sustainable management of natural, physical and fiscal resources and rational distribution of benefits.","Sustainable management of natural, physical and financial resources and just distribution of profits."
उपदफा बमोजिम संसदीय सुनुवाईको लागि पठाईएकोमा संसदीय सुनुवाई भई व्यवस्थापिका-संसद सचिवालयबाट सर्वोच्च अदालतको न्यायाधीशको पदमा नियुक्तिको लागि योग्य ठहरिएको भनी लेखी आएको वा त्यस्तो सुनुवाई सम्बन्धी निर्णय हुन नसकेको अवस्थामा प्रचलित कानून बमोजिम नियुक्तिको लागि बाधा नपर्ने अवस्थामा सर्वोच्च अदालतको न्यायाधीशको पदमा नियुक्तिको लागि सिफारिस गरेको व्यक्तिलाई न्याय परिषदको सचिवले नियुक्तिको लागि राष्ट्रपति समक्ष पेश गर्न राष्ट्रपतिको कार्यालयमा पठाउनु पर्नेछ,"In case of sending for parliamentary hearing in accordance with Sub- Section, if the letter sent by the Secretariat of Legislature-Parliament stating that the person is qualified for the appointment in the post of Justice of Supreme Court or in the situation that it is not any obstacle to make appointment as per the prevailing laws due to failure to make decision in respect of parliamentary hearing, the Secretary of Judicial Council shall send to the person recommended for the appointment in the post of Justice of Supreme Court to the Office of the President to submit before the President for appointment",The Secretary of Judicial Council shall send the person recommended for appointment to the post of Judge of Supreme Court to the office of the President for appointment to the person recommended for appointment to the post of Judge of Supreme Court in case it is not obstructed for appointment pursuant to prevailing law in case it has been written from the Secretariat of the Legislature-Parliament that he/she has been qualified for appointment to the post of Judge of Supreme Court after the parliamentary hearing pursuant to Sub-Section or in case it has not been possible to make decision
"सूर्तिजन्य पदार्थको उत्पादन तथा निकासी र पैठारी गर्ने व्यक्ति ऐनको दफा द को उपदफा बमोजिम अफूले निकासी तथा पैठारी गरेको सूर्तिजन्य पदार्थको देहाय बमोजिमको विवरण प्रत्येक वर्षको श्रावण मसान्त भित्र मन्त्रालय समक्ष पेश गर्नुपर्नेछ :- उत्पादन गरेको परिमाण र उत्पादित स्थान, निकासी गरेको परिमाण र निकासी स्थान, पैठारी गरेको परिमाण र पैठारी स्थान, राजस्व बुझाएको विवरण",Prohibition to smoke or consume tobacco in public places: No person shall be allowed to smoke or consume tobacco in public places,"The following details of the sulphur-based substances exported and imported by the Government of Nepal pursuant to sub-section of Section 3 of the Persons Who Produce, Export and Import Sulphur-based Substances Act shall be submitted to the Ministry within the end of August of each year:- The quantity produced and the place produced, The quantity exported and the place of export, The quantity imported and the place of import, Details of revenues paid"
कोषले उपयुक्त ठहन्याएको क्षेत्रमा पर्यास घितो वा जमानत लिई लगानी गर्ने।,"To make investment in such areas as the Fund considers appropriate, against adequate security or guarantee.",To make investment by obtaining adequate collateral or guarantee in such area as the Fund deems appropriate.
कानूनको विवेक सिध आउने कुनै पनि कुरा लाई कानूनमा रहे सरह नै निर्णय गर्न सकिन्छ ।,Whatever comes within the reason of the law is adjudged to be within the law itself.,Any thing which is reasonable in law is decided as if it were in law.
यो ऐन तुरुन्त प्रारम्भ हुनेछ ।,” It shall commence immediately.,This Act shall come into force immediately.
"महानिर्देशक, विभाग","Director General, Department","Director General, Department"
उपदफा बमोजिमको शिक्षा प्रदान गर्न त्यस्तो समुदायले माध्यमिक तहसम्मको शिक्षा भए छुट्टै विद्यालय वा शिक्षण संस्था स्थापना तथा सञ्चालन गर्न सक्नेछ,"In the case of the education up to secondary level, such community may establish and operate separate school or teaching institute in order to provide education referred to in sub-section","In order to provide education pursuant to sub-section (1), such community may, if it has education up to the secondary level, establish and operate separate schools or teaching institutes"
उपदफा सँग सम्बन्धित विषयमा आयोगलाई अन्य कुनै माध्यमबाट जानकारी प्राप्त हुन आएमा आयोगले त्यस्तो जानकारी लिपिबद्ध गरी उपदफा बमोजिम दर्ता किताबमा दर्ता गर्नु पर्नेछ ।,"In case where the Commission receives information regarding matters pursuant to sub-section (1), through any other sources, the Commission shall have to record such information and register it within a register book pursuant to sub-section (2).","In cases where the Commission receives information from any other means on matters related to sub-section (1), the Commission shall record such information and register it in a register book pursuant to sub-section (1)."
श्रवण दृष्टिविहीन अपाङ्गता: सुनाइ सम्बन्धी र दृष्टिसम्बन्धी दुवै अपाङ्गता भएको वा दुईवटा इन्द्रिय सम्बन्धी अपाङ्गताको संयुक्त अन्तरक्रिया रहेको व्यक्ति ।,"Mental or psycho-social disability: The inability to behave in accordance with age and situation and delay in intellectual learning due to problems in performing intellectual activities like problems arising in the brain and mental parts and awareness, orientation, alertness, memory, language, and calculation.",Disability related to hearing and sight: A person with both hearing and sight disabilities or with joint interaction of two senses related disabilities.
उपदफा को खण्ड बमोजिमको अवस्थामा अदालतबाट राहदानी जारी गर्न वा राहदानी रोक्का नराख्न आदेश भएमा त्यस्तो व्यक्तिको नाममा राहदानी जारी गरिनेछ,"In case the court orders to issue a passport or not to withhold it under the condition of clause of sub-section , a passport shall be issued in the name of such a person","If an order is made by the court to issue a passport or not to keep the passport in the condition referred to in clause of sub-section (1), the passport shall be issued in the name of such a person"
न्याय परिषदको सचिवालय: न्याय परिषदको एउटा छुट्टै सचिवालय रहनेछ,Secretariat of Judicial Council: There shall be a separate Secretariat of Judicial Council,Secretariat of the Judicial Council: There shall be a separate Secretariat of the Judicial Council
आठ सयभन्दा बढी विद्यार्थी सङ्ख्या भएका विद्यालयले कम्तीमा पन्ध्र प्रतिशत,"At least fifteen percent by the school which has students more than eight hundred""",At least fifteen percent by the school having more than eight hundred students
प्रदेशको अधिकार सूचीमा पर्ने विषयमा सन्धि वा सम्झौता गर्दा।,While concluding a treaty or an agreement on matter that is fallen in the list of powers of the Province.,While making treaties or agreements on matters falling under the jurisdiction of the Province.
निजको सामान्य निर्देशन र सुपरिवेक्षणमा आयोगको सम्पूर्ण काम कारबाही सञ्चालन हुनेछ,"Every act, action of the Commission shall be conducted on the basis of the general direction and supervision of the Chairperson",The whole functions and activities of the Commission shall be operated under the general direction and supervision of the Commission
रोजगारी छनौट गर्न तथा काम गर्न पाउने अधिकार,Right to select employment and to work,Right to choose employment and to work
"तर त्यस्तो सूचनाको आधारमा निजले कुनै लाभ, फाइदा वा सुविधा लिइसकेको भए त्यसलाई सच्याउन निवेदन दिन सक्ने छैन","Provided that if he or she has already taken any advantage or facility on the basis of such information, application may not be made to correct such information","Provided that, if he or she has obtained any benefit, benefit or facility on the basis of such information, he or she shall not be allowed to submit an application to confirm it"
कसैले कुनै दिएको वस्तु निष्क्रिय भएकोमा वा त्यस्तो वस्तु आफै अस्तित्वमा नरहेको अवस्थामा बाहेक निजले त्यस्तो वस्तु दिएको मानिन्छ ।,"One who grants anything, is considered as granting that, without which his grant would be idle, without which the thing itself would not exist.",Except when the thing given is dead or the thing itself is deemed to have been given.
"जसले विलम्ब (ढिलो) गरेर तिर्दछ, निजले कम तिर सरह मानिन्छ ।","One who pays late, pays less.",One who pays by delay is deemed to have paid less.
अभियोजनपत्र ।,criminal action or prosecution.,An indictment.
एउटा वस्तु खरिद गर्दा अर्को वस्तु पनि खरिद गर्नु पर्ने व्यवस्था गर्न,"making a provision requiring to purchase other goods too, while purchasing any goods",to make provision for the purchase of another while purchasing one goods
यो ऐन तुरून्त प्रारम्भ हुनेछ,It shall come into force immediately,This Act shall come into force immediately
"तर कुनै राजनीतिक पदमा वा कुनै विषयको अनुसनधान, जाँचबुझ वा छानविन गर्ने वा कुनै विषयको अध्ययन वा अन्वेषण गरी राय, मन्तव्य वा सिफारिस पेश गर्ने कुनै पदमा नियुक्त भई काम गर्न यस दफामा लेखिएको कुनै कुराले बाधा पुन्याएको मानिने छैन","However, nothing in this section shall be deemed to be a bar to the appointment to any political position or to any position which requires making investigations, inquiries or findings on any subject, or submitting advice, opinion or recommendation after carrying out a study or research on any subject","Provided that nothing contained in this Section shall be deemed to bar from being appointed to any political position or any position of making inquiry or examination into any subject or from submitting opinion, opinion or recommendation by making study or investigation into any subject"
निर्देशिका बनाउने अधिकार: आयोगले सम्पादन गर्नुपर्ने काम सुचारू रूपले सञ्चालन गर्न वा गराउनको लागि यो ऐन तथा यस ऐन अन्तर्गत बनेको नियमको अधीनमा रही आवश्यक निर्देशिका बनाउन सक्नेछ,"Power to frame Directives: The Commission may, subject to this Act or Rules framed under this Act, issue directives to conduct or cause to conduct the smooth operation of its work","Power to frame Directives: The Commission may, subject to this Act and the Rules framed under this Act, issue directives to conduct or cause to conduct smoothly the functions to be performed by the Commission"
"लाठी तथा ढुंगा ""हतियार"" को पदावलीमा समावेश हु","Sticks and stones are not included in the term ""arms"".","To be included in the list of ""guns"""
समानुरुप तर्क,Argument from analogy.,Equivalent argument
उपदफा (२) मा जुनसुकै कुरा लेखिएको भए तापनि कुनै स्वास्थ्य संस्थामा आकस्मिक स्वास्थ्य सेवा उपलब्ध हुन नसकेमा त्यस्तो स्वास्थ्य संस्थाले सो संस्थाबाट उपलब्ध हुने उपचार तत्काल उपलब्ध गराई थप उपचारको लागि अन्य स्वास्थ्य संस्थामा प्रेषण गर्नु पर्नेछ।,"Notwithstanding anything contained in sub-section (2), if emergency health service is not available in any health institution, such health institution, after providing treatment available at such an institution, shall refer to another health institution for additional treatment.","Notwithstanding anything contained in sub-section (2), if emergency health service cannot be provided in any health institution, such a health institution shall immediately provide the treatment available from that institution and refer it to another health institution for additional treatment."
"यस ऐन बमोजिम बालकल्याण अधिकारी वा बाल अदालतले बालबालिकाको वैकल्पिक हेरचाह सम्बन्धी व्यवस्था गर्दा, बालबालिकालाई बाबुआमा वा संरक्षकबाट अलग गर्नु पर्दा, बाबु आमाको सम्बन्ध विच्छेद भई छोराछोरीको हेरचाह र पालनपोषण कसले गर्ने भन्ने निर्णय गर्दा तोकिए बमोजिमको उच्चतम हित निर्धारण प्रक्रिया अवलम्बन गर्नु पर्नेछ","The child welfare authority or Juvenile Court shall, while making arrangement for a child's alternative care, separating a child from his or her parents or guardian, making decision on who has to take care of and maintain a child after divorce between his or her father and mother shall adopt the process as prescribed for the best interests of the child pursuant to this Act","The child welfare authority or Juvenile Court shall, while making provisions relating to alternative care of the child pursuant to this Act, while separating the child from his or her father or mother or guardian, while making a decision as to who shall take care and maintain the children after the divorce of father and mother, adopt the highest interest determination process as prescribed"
अनुसन्धानका लागि नियन्त्रणमा लिइएका बालबालिकालाई आवश्यकता अनुसार बालमनोविज्ञको परामर्श तथा मनोसामाजिक सहयोग उपलब्ध गराउनु पर्नेछ,The child taken under control for investigation shall be provided with counselling by a child psychologist and psycho-social support as required,"The children taken under control shall, for the purpose of investigation, have to be provided with counselling and psycho-social support from a child psychologist, as required"
कारावासको आदेश कैद आदेश कार्यान्वयन गर्नु ।,To deliver the jail to make jail delivery.,To execute order of imprisonment.
उपदफा मा जुनसुकै कुरा लेखिएको भए तापनि कुनै बैङ्क वा वित्तीय संस्थाको सञ्चालनमा कुनै बाधा व्यवधान उत्पन्न भई विशेष परिस्थितिको सिर्जना हुन गएमा वा संस्थापक अन्य बैङ्क वा वित्तीय संस्थाको वित्तीय कारोबारमा कालोसूचीमा समावेश हुन पुगेमा राष्ट्र बैङ्कको स्वीकृति लिई संस्थापकहरुबीच एक आपसमा शेयर खरिद वा बिक्री गर्न सकिनेछ,"Notwithstanding anything contained in Sub-Section , in cases where a special circumstance arises due to emergence of any obstruction or hindrance in the operation of a bank or financial institution or a promoter shareholder is included on the blacklist owing to transactions with another bank or financial institution, shares may be sold or purchased amongst promoters by obtaining approval from the Rastra Bank","Notwithstanding anything contained in Sub-Section , in cases where special circumstances have been created due to any obstruction or interruption in the operation of any bank or financial institution or the promoter has been blacklisted in financial transactions of other bank or financial institution, shares may be purchased or sold amongst the promoters by getting approval of the Rastra Bank"
"तर कुनै राजनीतिक पदमा वा कुनै विषयको अनुसन्धान, जाँचबुझ वा छानबिन गर्ने वा कुनै विषयको अध्ययन वा अन्वेषण गरी राय, मन्तव्य वा सिफारिस पेश गर्ने कुनै पदमा नियुक्त भई काम गर्न यस दफामा लेखिएको कुनै कुराले बाधा पुच्याएको मानिने छैन","However, nothing in this clause shall be deemed to be a bar to the appointment to any political position or to any position which requires making investigations, inquiries or findings on any subject, or submitting advice, opinion or recommendation after carrying out a study or research on any subject","Provided that nothing contained in this Section shall be deemed to bar from being appointed to any political post or any post to carry out investigation, inquiry or inquiry into any subject or to submit opinion, opinion or recommendation by carrying out study or investigation into any subject"
निजी लगानी तथा सार्वजनिक शैक्षिक गुठीका विद्यालयमा तोकिए बमोजिमको निःशुल्क स्वास्थ्य उपचारको व्यवस्था गर्ने दायित्व सम्बन्धित विद्यालयको हुनेछ,The responsibility to manage free health treatment in the schools of private investment and public educational trust as prescribed shall be vested in the schools concerned,The school concerned shall have the responsibility to provide free health treatment in the schools with private investment and public educational institutes as prescribed
विघटन: कुनै कारणबाट कोषलाई विघटन गर्नु पर्छ भन्ने समितिलाई लागेमा त्यसको कारण खुलाई समितिले नेपाल सरकारमा प्रतिवेदन पेश गर्नु पर्छ त्यस्तो प्रतिवेदन परेपछि नेपाल सरकारले कोषको सबै दायित्व आफूले बहन गरी कोषलाई विघटन गर्न सक्नेछ ।,"Dissolution: If the Board is of the opinion that the Fund has to be dissolved for any reason, the Board shall submit to the Government of Nepal a report setting out the reason for the same, and after such a report is made, the Government of Nepal may dissolve the Fund, upon assuming all liabilities of the Fund.","Dissolution: If the Board finds that the Fund has to be dissolved due to any reason, the Board shall submit a report setting out the reasons therefor to the Government of Nepal, and after such report is received, the Government of Nepal may dissolve the Fund by taking over all the liabilities of the Fund."
"देहायका विषय प्रदेश कानून बमोजिम हुने:- प्रदेशस्तरका सडक, विद्युत खानेपानी, सिँचाई जस्ता पूर्वाधार संरचनाको निर्माण र सञ्चालन।","Execution of Concurrent Powers: The Federation shall, while implementing or enacting the laws on the matters of concurrent powers, provide as follows: Determination of an offence and punishment, construction of infrastructure of national level or national importance or expanded from more than one Province and determination and regulation of quality standards to be applicable equally in all Provinces shall be in accordance with the federal law.","The following matters shall be governed by the provincial law: construction and operation of infrastructure structures such as provincial level roads, electricity supply, irrigation."
"“सार्वजनिक सेवा” भन्नाले सरकारी वा गैर सरकारी कार्यालय, सार्वजनिक संस्था, यातायात, औद्योगिक वा शैक्षिक प्रतिष्ठान, कम्पनी, फर्म, पसल, होटल, रिसोर्ट, लज, रेष्टरेण्ट, क्याफे, सिनेमा हल वा नाचघर सम्झनु पर्छ र सो शब्दले कुनै पनि सरकारी वा गैर सरकारी निकायबाट प्रदान गरिने सार्वजनिक प्रयोग वा उपयोगका कुनै पनि सेवा र सुविधा समेतलाई जनाउनेछ","""Public service"" means any governmental or non-governmental office, public institution, transport, industrial enterprise or educational institute, company, firm, shop, hotel, resort, lodge, restaurant, cafe, film hall or theatre, and this term also includes any service and facility to be provided by any governmental or non- governmental body for public use or utility","""Public service"" means a governmental or non-governmental office, public institution, transportation, industrial or educational institute, company, firm, shop, hotel, resort, lodge, restaurant, café, movie hall or dance hall, and this term also includes any service and facility of public use or use to be provided by any governmental or non-governmental body"
परिच्छेद-२ पारस्परिक कानूनी सहायता प्राप्त गर्ने अवस्था र विषय पारस्परिक कानूनी सहायता आदान प्रदान गर्न सकिने अवस्था : नेपाल र विदेशी राज्य बीच पारस्परिक कानूनी सहायता आदान प्रदान गर्ने सम्बन्धमा द्विपक्षीय सन्धि भएको रहेछ भने नेपाल र त्यस्तो विदेशी राज्य बीच पारस्परिक कानूनी सहायता आदान प्रदान गर्न सकिनेछ,"Chapter — 2 Conditions for Provision and Matters of Mutual Legal Assistance Conditions for exchange of mutual legal assistance: Where there exists a bilateral treaty between Nepal and a foreign state on the exchange of mutual legal assistance, mutual legal assistance may be exchanged between Nepal and such a foreign state","Chapter-2 Conditions and Matters for Obtaining Mutual Legal Assistance Conditions for the provision of mutual legal assistance: If a bilateral treaty has been concluded between Nepal and a foreign state for the provision of mutual legal assistance, mutual legal assistance may be provided between Nepal and such a foreign state"
उपदफा बमोजिम प्राप्त सूचनाको आधारमा बालकल्याण अधिकारीले जाँचबुझ तथा छानबिन गरी आवश्यक सेवाको व्यवस्था गर्न सक्नेछ,"The child welfare authority may make arrangements for providing necessary services, upon conducting inquiry on the basis of the information received pursuant to sub-section (1)","The child welfare authority may, on the basis of the information received pursuant to sub-section (1), make arrangements for necessary services by carrying out inquiry and investigation"
सुरक्षित गर्भपतनको सेवा प्राप्त गर्न चाहने गर्भवती महिलाले इजाजत प्राप्त स्वास्थ्य संस्था वा इजाजत प्राप्त स्वास्थ्यकर्मीलाई तोकिए बमोजिमको ढाँचामा मञ्जुरीनामा दिनु पर्नेछ,"The pregnant woman who wants to obtain the safe abortion service shall have to give consent in the prescribed format to the health institution which has obtained a license, or to the health worker who has obtained a license",A pregnant woman who wishes to obtain safe abortion service shall have to give consent to the licensed health institution or licensed health worker in such a format as prescribed
निगरानी कक्षमा राखिने बालबालिकाको सहयोगका लागि त्यस्तो बालबालिकाको परिवारका कुनै सदस्य सँगै बस्न चाहेमा अनुसन्धान अधिकारीले आवश्यकता अनुसार समय र शर्त तोकी सँगै बस्न अनुमति दिन सक्नेछ,"If any member of a child’s family wishes to stay together with the child who is kept in the observation chamber for assistance, the investigating authority may give permission to stay together specifying the time and conditions as required","If any member of the family of such a child wishes to stay with him or her for the support of the child to be kept in the observation chamber, the investigating authority may allow him or her to stay with him or her, by specifying the time and conditions as required"
"पारस्परिक कानूनी सहायता प्राप्त गर्न विदेशी राज्यलाई अनुरोध गर्नु पर्ने : दफा ७, ८, ९,१०,११,१२ वा १३ बमोजिम पारस्परिक कानूनी सहायताको लागि लेखी आएमा केन्द्रीय अधिकारीले त्यस्तो कानूनी सहायता प्राप्त गर्न कूटनैतिक माध्यम मार्फत विदेशी राज्य समक्ष अनुरोध गर्नु पर्नेछ","Request to be made to foreign state for obtaining mutual legal assistance: If the Central Authority receives a request for mutual legal assistance under Sections 7, 8, 9, 10, 11, 12 or 13, it must request, through the diplomatic channel, the foreign state for the provision of such mutual legal assistance","Request for mutual legal assistance from a foreign state: If a request is received for mutual legal assistance pursuant to Section 7, 8, 9, 10, 11, 12 or 13, the Central Authority shall have to make a request through the diplomatic channel to the foreign state for such legal assistance"
सूचना दिनेलाई पुरस्कारः यस ऐन बमोजिमको कसुर गरेको छ वा गर्न लागेको छ भन्ने कुराको सूचना दिने व्यक्तिले दिएको सूचना बमोजिम अनुसन्धान भई दायर भएको मुद्दाको अन्तिम किनारा लागेपछि असूल भएको बिगो रकमको दश प्रतिशत वा दश लाख रूपैयाँमध्ये जुन कम हुन्छ सोही रकम त्यस्तो व्यक्तिलाई पुरस्कार दिइनेछ,"Reward to informant: After eventually settling the case filed upon being investigated as per the information provided by the person who provides information that the offence has been or is going to be committed, such a person shall be rewarded with the ten percent of the claimed amount recovered or one million rupees, whichever is the lesser","Award to be given to the person who gives notice that an offence has been committed or is about to be committed pursuant to this Act: After carrying out investigation pursuant to the notice given by the person who gives notice that an offence has been committed or is about to be committed, such a person shall be awarded the reward of ten percent or one hundred thousand rupees, whichever is less, of the amount outstanding as the principal"
जिल्ला न्यायाधीशको पदपूर्ति सम्बन्धी व्यवस्था : न्याय परिषदले जिल्ला अदालतमा रिक्त न्यायाधीशको पद संविधानको धारा १४९ को उपधारा बमोजिम पूर्ति गर्नेछ,Provision of Fulfillment of Vacancy of District Judge: The Judicial Council shall fulfill the vacant post of the Judge of District Court in accordance with Sub-Article of Article 149 of the Constitution,Provision Relating to Fulfillment of Post of District Judge: The Judicial Council shall fulfill the vacant post of District Judge in accordance with Sub-Article of Article 149 of the Constitution
"प्राथमिक पूँजी” भन्नाले बैङ्क वा वित्तीय संस्थाको चुक्ता पूँजी, शेयर प्रिमियम, फिर्ता नहुने अग्राधिकार शेयर, साधारण जगेडा कोष र सञ्चित नाफा-नोक्सान शीर्षकमा रहेको रकम सम्झनु पर्छ र सो शाब्दले राष्ट्र बैङ्कल समय समयमा प्राथमिक पूँजी भनी तोकिदिएको अन्य शीर्षकमा रहेको कोष वा रकम समेतलाई जनाउँछ","“Primary Capital” means and includes the funds of a bank or financial institution listed under such headings as the paid-up capital, share premium, non-redeemable preference shares, general reserve fund and accumulated profit and loss, and also such other funds listed under other headings as may be prescribed as primary capital by the Rastra Bank from time to time","""Primary Capital"" means the paid up capital, share premium, non-returnable preferential shares, general reserve fund and amount remained in the capital of a bank or financial institution, and this term also includes the fund or amount remained in other headings as prescribed by the Rastra Bank from time to time as the primary capital"
कुन अधिकार बमोजिम कुनै सम्पत्ति धारण गरेको कारण देखाउने अदालतको आदेश । (अचल सम्पत्तिको स्वामित्वको सन्दर्भमा ।),By what right.,An order of the court showing by what authority he possessed a thing.
ऐन कार्यान्वयन मापन: यो ऐन प्रारम्भ भएको पाँच वर्ष पूरा भएको एक वर्षभित्र र त्यसपछि प्रत्येक पाँच वर्षपछिको एक वर्षभित्र मन्त्रालयले ऐन कार्यान्वयनको मापन गर्नेछ र सोको प्रतिवेदन सङ्घीय संसदको दुवै सदनको सम्बन्धित समितिमा पेश गर्नु पर्नेछ,"To evaluate implementation of Act: Within one year after the entry into force of this Act, and then within one year in every five years, the Ministry shall evaluate the implementation of this Act and present a report to the respective committees of both Houses of the Federal Parliament",Measurement of Enforcement of Act: The Ministry shall measure the implementation of the Act within one year after the completion of five years from the commencement of this Act and within one year after every five years and a report thereof shall be submitted to the concerned committee of both Houses of the Federal Parliament
ठूलो क्षति । (कयौं बहसहरुमा प्रयोग हुने शब्द),To the great damage. (a frequent term in divers pleadings),Gross loss.
यस-“दफा बमोजिम आपतकालीन खाद्य तथा पोषण सहायता उपलब्ध गराउने कार्यको संयोजन तोकिएको निकायले गर्नेछु ।,The prescribed body shall coordinate the functions of providing emergency food and nutrition support pursuant to this Section.,The designated body shall coordinate the activities of providing emergency food and nutrition support pursuant to this Section.
"जसले निषेध गर्न सक्ने नहुँदा पनि काम निषेध गर्दैन, निजले त्यस्तो काम गर्न स्वीकृति दिएको मानिन्छ ।","One who does not forbid that, which he can forbid, is deemed to assent. (One who does not prevent (prohibit) what he can prevent, is regarded as assenting.)","One who does not forbid when he can, is deemed to have given consent."
अपाङ्गता भएका व्यक्तिलाई नेपाल सरकारले तोकिदिए बमोजिमका शैक्षिक संस्थाद्वारा निःशुल्क रूपमा उच्च शिक्षा उपलब्ध गराउनेछ ।,The educational institutes as prescribed by the Government of Nepal shall provide free higher education to the persons with disabilities.,The Government of Nepal shall provide free higher education to the persons with disabilities by the educational institutes as prescribed.
जनस्वास्थ्य विपद्को समयावधि र क्षेत्र लगायत अन्य पक्षहरूमा उपलब्ध तथ्याङ्क तथा सूचनाका आधारमा थपघट वा हटाउन सकिनेछ।,The period and zone of public health emergency including other aspects may be added or reduced or removed on the basis of available data and information.,"An addition or removal may be made on the basis of the data and information available to other parties, including the period and area of the public health disaster."
"बेरूजुमा कारबाही गर्नेः नेपाल सरकार, प्रदेश सरकार वा स्थानीय तहको आय-व्यय तथा अन्य रकम कलमको लेखापरीक्षण गर्दा देखिएका त्रुटि तथा बेरूजुमा सम्बन्धित निकायले कानून बमोजिम कारबाही गर्नुपर्नेछ","The concerned Rural Municipality or Municipality shall submit the report issued by the Auditor General pursuant to sub-section to, and have it discussed at, the Village Assembly or Municipal Assembly in accordance with the prevailing law of the Local Level","Action to be taken in the course of processing: The concerned body shall take action in accordance with law against any errors and irregularities found in the course of carrying out audit of the income, expenditure and other amounts of the Government of Nepal, Provincial Government or Local Level"
उपदफा बमोजिम आयोगले निर्धारण गरेको विस्तृत आधार र ढाँचा पाँच वर्षको लागि मान्य हुनेछ र आयोगले प्रत्येक पाँच वर्षमा पुनरावलोकन गरी नेपाल सरकारमा सिफारिस गर्नेछ,"The detailed bases and framework determined by the Commission pursuant to sub-section (1), shall be acceptable for five years and the Commission shall review it every five years and make a recommendation to the Government of Nepal","The detailed bases and framework determined by the Commission pursuant to sub-section shall be valid for five years, and the Commission shall review and make recommendations to the Government of Nepal every five years"
"प्रदेश तथा स्थानीय तहले बनाएको नीति, निर्देशिका र कार्यविधि सार्वजनिक रुपमा प्रकाशन गर्नु पर्नेछ।","The policy, directive and procedures framed by the Province and Local Level shall be made public by publishing it.","The policy, directives and procedures framed by the Province and Local Level shall be published in public."
निरन्तर भोगचलनबाट सम्पत्तिको स्वामित्व कायम हुने ।,The acquisition of the right in property by continued possession. (This is the effect of the positive prescription.),To maintain ownership of a thing by continual possession.
प्रिसेडेन्सको आदेशबाट ।,From the authority of precedent.,By the order of the principal.
"वस्तु वा सेवाको हकमा मौखिक, लिखित वा दृश्यबाट देहायका कुनै काम गर्नेः- कमसल वस्तुलाई विशिष्ठ वा गुणस्तर भएको स्तरमान","doing any of the following acts through oral, written or visual means in the case of goods or services: selling sub-standard goods by showing standard","In the case of goods or services, performing any of the following acts orally, in writing or visually: qualitative or qualitative equivalent to the less expensive goods"
उपदफा (१) मा जुनसुकै कुरा लेखिएको भए तापनि बिरामीको स्वास्थ्यको गम्भीरताको आधारमा स्वास्थ्य संस्थाले उपचार गर्दा प्राथमिकीकरण गर्न सक्नेछ।,"Notwithstanding anything contained in sub-section (1), a health institution may prioritize on the basis of the seriousness of the health of the patient while carrying out treatment.","Notwithstanding anything contained in sub-section (1), the health institution may make prioritization while treating on the basis of the seriousness of the patient's health."
कानून बमोजिम मान्यसिंह समय कतिसम्म हुनुपर्छ भन्ने कुरा निर्धारण नभएमा न्यायाधीशको स्वविवेकमा निर्धारण हुन्छ ।,"How long a reasonable time ought to be is not defined by law, but depends upon the discretion of the judges.","When it is not determined by law how long the valid period of the sentence is, it is determined at the discretion of the Judge."
उपदफा बमोजिम परिषद्बाट प्राप्त प्रतिवेदन वा उपदफा बमोजिम प्राप्त विवरण वा स्पष्टीकरण अध्ययन गर्दा थप जाँचबुझ गराउन आवश्यक देखेमा मन्त्रालयले कुनै विशेषज्ञ सम्मिलित समिति वा कार्यदल मार्फत थप जाँचबुझ गराउन सक्नेछ,"While having examined the report received by the Council purauant to sub-section or the information or explanation received pursuant to sub-section (2), the Ministry shall cause to conduct a further inquiry, if necessary, through a committee or a working group of experts","If, while studying the report received from the Council pursuant to sub-section or the description or explanation received pursuant to sub-section , the Ministry deems it necessary to carry out additional inquiry, it may carry out additional inquiry through the committee or working group of any expert"
प्रतिष्ठानले अपाङ्गता भएका कामदार वा कर्मचारीका लागि सहज ढङ्गले काम गर्न सक्ने व्यवस्था मिलाउनु पर्नेछ ।,An enterprise shall make provision that workers or employees with disabilities can work in an easy manner.,The enterprise shall make arrangements for the employees or employees with disabilities to work with ease.
"सजाय : कसैले दफा २५ अन्तर्गत कसूर मानिने कुनै काम गरे वा गराएमा कसूरको मात्रा हेरी देहाय बमोजिम सजाय हुनेछ :- खण्ड (क), (ख), (ग), र बमोजिमको कसूर गर्ने वा गराउनेलाई छ महिनासम्म कैद वा पचास हजार रुपैयाँसम्म जरिबाना वा दुवै सजाय, खण्ड र बमोजिमको कसूर गर्ने वा गराउनेलाई तीन महिनादेखि छ महिनासम्म कैद र पचास हजार रुपैयाँसम्म जरिबाना","Punishment: If one commits, or causes to be committed, any act that is deemed to be the offence as referred to in Section 25, one shall be liable to the following punishment according the gravity of the offence: Imprisonment for a term not exceeding six months or fine not exceeding fifty thousand rupees or both the penalties for committing or getting committed the offence referred to in clauses (a), (b), (c), and (1)","Punishment: A person who commits or causes to be committed any act deemed to be an offence under Section 25 shall be liable to the following punishment, depending on the degree of the offence: A person who commits or causes to be committed the offence referred to in clauses (a), (b), (c), and shall be sentenced to imprisonment for a term not exceeding six months or a fine not exceeding fifty thousand rupees or to both punishments, A person who commits or causes to be"
यो ऐन तुरुन्त प्रारम्भ हुनेछ,""" This Act shall commence immediately",This Act shall come into force immediately
"सजाय : दफा ५२ बमोजिमको कसुरमा देहाय बमोजिम सजाय हुनेछ:- खण्ड र बमोजिमको कसूर गरेमा दश लाख रुपैयाँ जरिबाना वा दुई वर्षसम्म कैद वा दुवै सजाय, खण्ड (ख), (घ), (ङ), (च), (छ), (ज), (झ), (ञ), (ट), (ठ), र बमोजिमको कस्र गरेमा पच्चीस हजारदेखि पचास हजारसम्म जरिबाना, खण्ड बमोजिमको कसुर गरेमा पचासहजार रूपैयाँसम्म जरिवाना वा एक वर्षसम्म कैद वा दुवै सजाय, खण्ड बमोजिमको कसूर गरेमा विज्ञापन प्रशारण गर्नेलाई दश हजार रुपैयाँ जरिबाना ।","Punishment: Punishment shall be imposed as follows for the offence referred to in Section 52: If the offence referred to in clauses and is committed, a fine of one million rupees or imprisonment for a term not exceeding two years or both, If the offence referred to in clauses (b), (d), (e), (f), (g), (h), (i), (), (k), (1), and is committed, a fine from twenty-five thousand up to fifty thousand rupees, If the offence referred to in clause is committed, fine up to fifty thousand rupees or imprisonment for a term not exceeding one year or both, If the offence referred to in clause is committed, a fine of ten thousand rupees is to be imposed on the person who broadcasts the advertisement.","Punishment: The following punishment shall be imposed on the offence referred to in Section 52: If the offence referred to in clauses and is committed, a fine of one hundred thousand rupees or imprisonment for a term not exceeding two years or both punishments, If the offence referred to in clauses (b), (d), (e), (f), (g), (h), (j), (i), (j), (j), (j), (u), (j), (u), (j), (u), (u"
"उपदफा बमोजिमको शिक्षा प्रदान गर्नको लागि सञ्चालन गरिने गुरुकुल, गुम्बा वा मदरसा सम्बन्धित स्थानीय तहमा दर्ता गर्नु पर्नेछ","The Gurukul, Gumba or Madarsa to be operated for providing education referred to in sub-section shall be registered in the Local Level concerned","The Gurukul, Gumba or Madarsa to be operated for the provision of education referred to in sub-section shall have to be registered at the concerned Local Level"
उपदफा बमोजिम तोकिएको अधिकारीले यस ऐन बमोजिमको कार्य सम्पादन गर्नेछ,The authority in accordance with sub-section shall execute functions in accordance with the provisions of this Act,The official designated pursuant to sub-section shall perform the functions referred to in this Act
“निजी लगानीका विद्यालय” भन्नाले निजी लगानीमा स्थापना वा सञ्चालन भएको विद्यालय सम्झनु पर्छ र सो शब्दले यो ऐन प्रारम्भ हुँदाका बखत कायम रहेको संस्थागत विद्यालयलाई समेत जनाउँछ,"""School with private investment"" means a school that is established or operated with private investment, and this terms also includes any institutional school existing at the time of the commencement of this Act","""School with private investment"" means a school established or operated with private investment, and this term also includes an institutional school which existed at the time of the commencement of this Act"
"नेपाल सरकारले अपाङ्गता भएका व्यक्तिले प्रयोग गर्ने सहायक साधन, उपकरण वा औजार, अपाङ्गमैत्री सवारी साधन तथा अपाङ्गता भएका व्यक्तिको शिक्षा, तालिम वा स्वरोजगारका लागि प्रयोग हुने मालसामान, यन्त्र, पाटपूर्जा तथा कच्चा पदार्थमा प्रचलित कानून बमोजिम भन्सार, अन्तःशुल्क, स्थानीय कर वा अन्य दस्तुर सम्पूर्ण वा आंशिक रूपमा छुट दिन सक्नेछ ।","The Government of Nepal may provide full or partial exemption from customs, excise duties, local tax or other fees, in accordance with the prevailing law, to the assistive devices, equipment or tools to be used by the persons with disabilities, disability friendly motor vehicles and goods, machines, spare parts and raw materials that are used for education, training or self-employment of the persons with disabilities.","The Government of Nepal may grant full or partial exemption from customs duty, internal duty, local tax or other charge in accordance with the prevailing law on assistive devices, equipment or tools used by the persons with disabilities, disability friendly vehicles and goods, machines, footwear and raw materials used for education, training or self-employment of the persons with disabilities."
परिच्छेद-६,Chapter-6,Chapter-6
ब्यक्तिगत ।,To the person.,Personal.
उत्तराधिकार प्राप्त गर्ने । ( उत्तराधिकार प्राप्त गर्ने र उत्तराधिकार लिन ),Entering on an inheritance. (The succession or taking up a succession and that whether in several estates of things).,To inherit.
यस ऐन बमोजिमको बेरोजगार सहायता वा निर्वाह भत्ता प्राप्त गर्न झुट्टा विवरण पेश गरेमा।,Submission of false description to obtain the unemployment support or livelihood allowance referred to in this Act.,If a false statement is submitted to obtain the unemployment support or livelihood allowance pursuant to this Act.
त्यसरी सूचना प्राप्त हुनासाथ आयोगको सचिवले त्यसको जानकारी सबै सदस्यलाई दिनेछ र सो विषय आयोगको कार्यसूचीमा परेको मानिनेछ,"Upon receipt of such information, the Secretary of the Commission shall notify all members and such issues shall be considered to have been included in the list","Upon receipt of such information, the Secretary of the Commission shall notify all members and such issues shall be considered to have been included in the list"
बिद्यालय बा शिक्षण संस्था सञ्चालन गर्नु पर्ने दफा २८ को उपदफा बमोजिमको विद्यालय वा शिक्षण संस्था जुन समुदायबाट स्थापना गरिएको हो सोही समुदायबाट सञ्चालन र व्यवस्थापन गर्नु पर्नेछ,To operate school or teaching institute: The school or teaching institute referred to in sub-section of Section 28 shall be operated and managed by the same community which has established it,The school or teaching institution referred to in sub-section of Section 28 to be operated by a school or teaching institution shall be operated and managed by the community from which it was established
बाँझो भूमिको प्रभावकारी व्यवस्थापन गर्न अन्य आवश्यक काम गर्ने वा गराउने ।,"To perform, or cause to be performed such other functions as required to manage the fallow lands effectively.",To perform or cause to be performed such other necessary acts as may be necessary for the effective management of the wilderness.
अटिज्म सम्बन्धी अपाङ्गता : जन्मजात नशा वा तन्तुको विकास र सोको कार्यमा आएको समस्या भएको व्यक्ति ।,Classification of disabilities on the basis of severity of disability: Profound disability: A person who is in such a condition that he or she has difficulty with performing his or her day-to-day activities even with continuous support of others.,Disability related to autism: A person with an innate problem in the development of nerves or nerves and in their function.
उपदफा बमोजिम कम मोल वा नउठ्ने भन्ने ठहराएको पूँजी लगानी बुझी लिनु अगावै नेपाल सरकारलाई त्यस्तो पूँजी लगानीको यथार्थ विवरण अवस्था बजार भाउले मूल्याङ्गन गरी कोषले प्रतिवेदन पेश गर्नु पर्छ ।,"Prior to receiving the capital, investment as held to be of lesser value or unrecoverable pursuant to Sub-section (2), the Fund shall give a report indicating the actual statements, condition of such capital, investment and valuation thereof according to the market value, to the Government of Nepal.",The Fund shall submit a report to the Government of Nepal by valuating such capital investment by the actual terms and conditions as may be prescribed pursuant to sub-section (1).
बालबालिकाको उमेर कायम गर्ने आधारः बालबालिकाको उमेर कायम गर्दा देहायका कुरालाई आधार मानिनेछ :- अस्पतालबाट जारी भएको बालबालिकाको जन्मदर्तामा उल्लिखित जन्म मिति,"Basis for determining children’s age: While determining the age of a child, the following matters shall be taken as the basis: The date of birth recorded in the child’s birth registration issued by the hospital",Base for maintaining age of the child: The following matters shall be considered as the basis for maintaining the age of the child:- The date of birth of the child as mentioned in the birth certificate issued by the hospital
यस ऐन बमोजिम हुने : यस ऐनमा लेखिएका कुरामा यसै ऐन बमोजिम र अन्यमा प्रचलित नेपाल कानून बमोजिम हुनेछ,This Act to prevail: The matters set forth herein shall be governed by this Act and the other matters by the prevailing laws of Nepal,To be in accordance with this Act: The matters contained in this Act shall be in accordance with this Act and the other matters shall be in accordance with the prevailing laws of Nepal
दफा १५ बमोजिम पारस्परिक कानूनी सहायताको लागि गरिएको अनुरोधको आधारमा विदेशी राज्यले म्याद वा न्यायिक लिखत तामेल गर्न इन्कार गरेमा वा त्यस्तो मुलुकले त्यस्तो व्यक्ति पत्ता नलागेको वा पहिचान हुन नसकेको कारणले म्याद वा न्यायिक लिखत तामेल नभएको जानकारी कूटनैतिक माध्यमबाट केन्द्रीय अधिकारी मार्फत अदालतलाई दिएमा त्यस्तो व्यक्ति रहे बसेको मुलुकको वा नेपालको कुनै राष्ट्रियस्तरको दैनिक समाचारपत्रमा त्यस्तो म्याद वा न्यायिक लिखतको व्यहोरा प्रकाशन गरिनेछ,"If a foreign state refuses to serve a process or judicial document on the basis of a request made for mutual legal assistance pursuant to Section 15 or such country gives information through the diplomatic channel to the Court through the Central Authority that the process or judicial document could not be served since such person was not found or identified, the contents of such process or judicial document shall be published in any national daily newspaper of the country where such person is residing or staying or of Nepal","If a foreign state refuses to serve the process or judicial document on the basis of a request made for mutual legal assistance pursuant to Section 15, or if such a country gives information through the diplomatic channel to the court through the Central Authority that the process or judicial document has not been served because such a person has not been identified or identified, the details of such process or judicial document shall be published in a daily newspaper of the country where such a person is residing or of any national level of Nepal"
उपदफा को खण्ड बमोजिम राजिनामा दिँदा अध्यक्षले मन्त्रालय मार्फत नेपाल सरकार समक्ष र अन्य सदस्यले अध्यक्ष समक्ष दिनु पर्नेछ,"When submitting a resignation under clause of sub-section (1), the Chairperson shall send it in writing to the Government of Nepal through the Ministry and the other member shall send it in writing to the Chairperson","While making a petition pursuant to clause of sub-section , the Chairperson shall make a petition through the Ministry to the Government of Nepal and the other Member shall make a petition to the Chairperson"
"परिच्छेद-४ हिसाब किताब र त्यसको जाँच वार्षिक हिसाब: महालेखापरीक्षकले तोकिदिएको ढाँचा र तरिका अनुसार प्रत्यक साल तमाम भएको नौ महिनाभित्र अध्यक्ष, कुनै सञ्चालक वा प्रशासक र मुख्य अधिकृतको सही परेको र महालेखापरीक्षकले प्रमाणित गरेको वासलात र वार्षिक नाफा नोक्सानको विवरण कोषले नेपाल सरकारमा पेश गर्नु पर्नेछ ।","Chapter-4 Accounts and Examination thereof Annual accounts: The Fund shall submit to the Government of Nepal the balance sheet and annual profit and loss account signed by the chairperson, any director or administrator and chief office and certified by the Auditor General within Nine months after the completion of each year, in such format and manner as specified by the Auditor General.","Chapter-4 Accounts and their Enquiry Annual accounts: The Fund shall submit to the Government of Nepal, within nine months of the completion of each year of the accounts in the format and manner as prescribed by the Auditor General, the balance-sheet of the accounts of the Chairperson, any Director or administrator and the Chief Officer as well as the statements of profit and loss as certified by the Auditor General."
झुठो विवरण दिई नागरिकता प्राप्त गरे बापत यस उपदफा बमोजिम सजाय भएमा त्यसरी प्राप्त गरेको नागरिकता स्वत: रद्द हुनेछ,"The citizenship acquired by false representation and having penalized pursuant to this clause, the citizenship thus acquired shall be automatically cancelled","If punishment is imposed pursuant to this sub-section for acquiring citizenship by giving false details, the citizenship so acquired shall be automatically cancelled"
उपदफा बमोजिम गठित उपसमिति वा कार्यदलको कार्य शर्त समितिले तोकिदिए बमोजिम हुनेछ।,The terms of reference of the sub-committee or task force formed pursuant to sub-section shall be as specified by the Committee.,The terms and conditions committee of the sub-committee or working group constituted pursuant to sub-section shall be as prescribed.
"राज्यको दायित्वः विशेष संरक्षणको आवश्यकता भएका बालबालिकाको पालनपोषण, संरक्षण, स्वास्थ्य र शिक्षा लगायतका आधारभूत आवश्यकताको व्यवस्था गर्न राज्यले उपलब्ध स्रोत साधनको आधारमा आवश्यक व्यवस्था मिलाउनेछ","OQbligation of the State: The State shall make necessary arrangement for the basic needs including maintenance, protection, health and education of children in need of special protection, on the basis of the available means and resources","Responsibility of the State: The State shall make necessary arrangements on the basis of available resources and means for the provision of basic necessities including maintenance, protection, health and education of the children in need of special protection"
"लक्षित समृहहरूका लागि विशेष सामाजिक सुरक्षा तथा कार्यक्रमहरू : महिला, बालबालिका, किशोर किशोरी, दलित, शहीद परिवार र नेपाल सरकारले तोकेका अन्य लक्षित समूहहरूका लागि विशेष सामाजिक स्वास्थ्य सुरक्षाका कार्यक्रमहरू कार्यान्वयन गर्न स्थानीय तह तथा प्रदेश सरकारले आवश्यक व्यवस्था मिलाउनु पर्नेछ।","Special social security and programs for target groups: The Local Level and Provincial Government shall make necessary arrangements to implement the programs for special social health security for the women, children, adolescents, Dalits, martyrs' families, and other targeted groups as prescribed by the Government of Nepal.","Special social security and programs for the targeted families: The Local Level and Provincial Government shall make arrangements to implement special social health security programs for the women, children, teenagers, Dalits, martyrs' families and other targeted groups as prescribed by the Government of Nepal."
"उपदफा बमोजिमको वार्षिक प्रतिवेदनमा अन्य विषयको अतिरिक्त देहायका विषय समेत समावेश गर्नुपर्नेछ:- आयोगको वार्षिक कार्यक्रमको कार्यान्वयनको विवरण तथा लागत खर्च, आयोगले नेपाल सरकार वा अन्य कुनै निकायलाई दिएको सिफारिस तथा सुझावको विवरण, खण्ड बमोजिमको सिफारिस तथा सुझाव कार्यान्वयनको अवस्था, आयोगको आर्थिक तथा भौतिक स्रोत साधन तथा त्यसको उपयोगको अवस्था, यस ऐन बमोजिम आयोगले पूरा गर्नुपर्ने दायित्व निर्वाहका सम्बन्धमा गरिएको अन्य काम कारबाहीको विवरण","The report made pursuant to sub-section shall inter-alia, include the following matters, in addition to other details: Details of implementation of annual programs of the Commission and expenses incurred, Details of suggestions, recommendations given by the Commission to Nepal Government or any other agency, The status of the implementation of the suggestions, recommendations given in accordance to clause, Situation of physical and economic resources of the Commission and their utilization, Details of other activities performed by the Commission in course of fulfilling the responsibilities required of the Commission, in accordance to this Act","The report made pursuant to sub-section shall inter-alia, include the following matters, in addition to other details: Details of implementation of annual programs of the Commission and expenses incurred, Details of suggestions, recommendations given by the Commission to Nepal Government or any other agency, The status of the implementation of the suggestions, recommendations given in accordance to clause, Situation of physical and economic resources of the Commission and their utilization, Details of other activities performed by the Commission in course of fulfilling the responsibilities required to be fulfilled by it, in accordance to this Act"
"सञ्चालकको अयोग्यता : बैङ्क वा वित्तीय संस्थाको सञ्चालक हुन देहायको व्यक्ति योग्य हुने छैन :- २४१ वर्ष उमेर पूरा नभएको, मगज बिग्रिएको वा मानसिक सन्तुलन ठीक नभएको, नेपालभित्र वा विदेशमा कर्जा तिर्न नसकी साहुको दामासाहीमा परेको, नेपालभित्र वा विदेशमा बैङ्क वा वित्तीय संस्थासँगको कुनै कारोबारमा कालोसूची वा डिफल्टरमा परी सो कालोसूची वा डिफल्टरबाट फुकुवा भएको मितिले कम्तीमा तीन वर्ष पूरा नभएको, बैङ्क वावित्तीय संस्था वा कुनै पनि प्रकारको निक्षेप संकलन गर्ने तथा बिमा सम्बन्धी व्यवसाय सञ्चालन गर्ने संगठित संस्थाको बहालवाला सञ्चालक वा कर्मचारी, सम्बन्धित बैङ्क वा वित्तीय संस्थाको क्रणी वा बहालवाला लेखापरीक्षक वा सल्लाहकार वा बैङ्क वा वित्तीय संस्थासँग कुनै किसिमको ठेक्का पट्टामा हिस्सेदार रहेको वा निजी स्वार्थ रहेको व्यक्ति, फर्म र कम्पनी, धितोपत्र व्यवसायीको रुपमा कार्य गर्न धितोपत्र बजारको सदस्यता प्राप्त गरेको वा मर्चेण्ट बैङ्कर, इजाजतपत्र प्राप्त संस्थाको सञ्चालकमा बहाल रहेको व्यक्ति, शेयर स्वामित्वका कारणले सञ्चालक हुन सम्बन्धित बैङ्क वा वित्तीय संस्थाको नियमावली बमोजिम सञ्चालक हुनको लागि लिनुपर्ने न्यूनतम शेयर नलिएको व्यक्ति, नेपाल सरकार वा नेपाल सरकारको स्वामित्व प्राप्त संगठित संस्था वा राष्ट्र बैङ्क वा बैङ्क वा वित्तीय संस्थाको बहालवाला कर्मचारी, तर नेपाल सरकार वा नेपाल सरकारको स्वामित्व प्राप्त संस्थाले शेयर खरिद गरेको वा राष्ट्र बैङ्क वा बैङ्क वा वित्तीय संस्थाले शेयर खरिद गरेको लघुवित्त संस्था वा पूर्वाधार विकास बैङ्कमा सञ्चालक मनोनित गर्न यस व्यवस्थाले बाधा पुन्याएको मानिने छैन","Disqualification of Directors: The following persons shall not be eligible to become a Director of the a bank or financial institution:- If he or she has not attained the age of 25 years, If he or she is of unsound mind or insane, If he or she has been declared bankrupt in Nepal or abroad for being unable to pay debt, If he or she has been blacklisted or declared a defaulter in connection with any transaction with any bank or financial institution in Nepal or in abroad, and a period of at least three years has not been lapsed after removal of his\her name from the blacklist or list of defaulter, An incumbent Director or an employee of any corporate body carrying out transactions of a bank or financial institution or any institution collecting any type of deposits or carrying out transactions relating to insurance, A borrower or an incumbent auditor or an advisor of the concerned bank or financial institution or a person, firm or company who/which is a partner in any kind of contract with the concerned bank or financial institution or having personal interests, Who has acquired the membership of the Stock Exchange to act as a securities broker or a merchant banker, Incumbent Director of a licensed bank or financial institution, A person, who has not subscribed to the minimum number of shares required to subscribe to be eligible for appointment as a Director pursuant to the Articles of Association of a bank or financial institution, Gj) Incumbent employee of the Government of Nepal, or a corporate body having ownership of the Government of Nepal, or Rastra Bank or of a bank or financial institution, Provided that nothing in this clause shall prevent from nominating a Director in a micro-finance institution or infrastructure development bank, of which share has been purchased by the Government of Nepal or an institution having under the ownership of the Government of Nepal or Rastra Bank or bank or financial institution","Disqualification for Director: The following persons shall not be qualified to be a Director of a bank or financial institution:- He or she shall not have attained the age of 241 years, His or her credit card has been destroyed or mental balance has not been corrected, He or she shall not have been in a condition to repay credit within Nepal or abroad, He or she shall not have attained the age of at least 3 years from the date of being released from the blacklist or flipper in any transaction with a bank or financial institution within Nepal or abroad, He or she"
उपदफा बमोजिम समिति वा कार्यदल गठन गर्दा संविधानमा व्यवस्था भए बमोजिम दलित समुदायभित्र पनि समानुपातिक समावेशी सिद्धान्तका आधारमा प्रतिनिधित्व हुनु पर्नेछ ।,"While forming the committee or working group pursuant to sub-section (1), there shall be representation from within the Dalit Community; based on the principle of proportional representation, as enshrined in the Constitution.","While forming a committee or working group pursuant to sub-section (1), there shall be representation within the Dalit Community on the basis of the principle of proportional representation, as provided for in the Constitution."
पायक पर्ने विद्यालयबाट शिक्षा प्राप्त गर्नेः प्रत्येक बालबालिकालाई निजको अभिभावकको बासस्थानबाट पायक पर्ने विद्यालयबाट आधारभूत तह वा माध्यमिक तहसम्मको शिक्षा प्राप्त गर्ने अधिकार हुनेछ,To acquire education from convenient school: Every child shall have the right to acquire education up to the basic level or secondary level from the school which is convenient from the place of residence of his or her guardian,To acquire education from school which is convenient: Every child shall have the right to acquire education up to the basic level or secondary level from the school which is convenient to his or her guardian's place of residence
उपदफा बमोजिमको साझेदारी तथा सहकार्य सम्बन्धी व्यवस्थाको कार्यान्वयन प्रचलित कानून बमोजिम हुनेछ,The implementation of the provisions relating to the partnership and cooperation pursuant to sub-section shall be carried out pursuant to prevailing law,The implementation of the provisions relating to partnership and collaboration referred to in sub-section shall be in accordance with the prevailing law
"सुनाइ सम्बन्धी अपाङ्गता : सुनाइका अङ्गको बनावट एवं स्वरको पहिचान, स्थान, उतारचढाव तथा स्वरको मात्रा र गुण छुट्याउन नसक्ने।",Hard of hearing: A person who needs a hearing device to hear or who can hear voice from sixty-five to eighty decibels.,"Disability related to hearing: Inability to distinguish the composition of the parts of hearing and the identification of voice, place, fluctuation and quantity and quality of voice."
विशेषज्ञ सेवा उपलब्ध गराउने सम्बन्धी अन्य व्यवस्था तोकिए बमोजिम हुनेछ।,Other matters relating to the provision of the specialist's services shall be as prescribed.,Other provisions relating to providing specialist service shall be as prescribed.
उपदफा बमोजिम प्रयोगशालामा वस्तु परीक्षण गर्दा झुठा परिणाम दिएमा वा लापरबाही गरेको पाइएमा त्यस्तो कर्मचारीलाई कानून बमोजिम विभागीय कारबाही हुनेछ,"If a false result is given or negligence is found to have been made while testing the goods in the laboratory pursuant to sub-section (1), departmental action shall be taken against such an employee","If, while testing the goods in the laboratory pursuant to sub-section (1), a false result is produced or negligence is found, such an employee shall be subjected to departmental action pursuant to law"
कानूनमा असुविधाबाट हुने तर्क प्रायः फाइदाजनक हुन्छ ।,An argument from inconvenience avails much in law.,An argument drawn from inconvenience is often advantageous in law.
वार्षिक प्रतिवेदनः आयोगले आफूले गरेको काम कारबाहीको वार्षिक प्रतिवेदन आर्थिक वर्ष समाप्त भएको मितिले तीन महिनाभित्र राष्ट्रपति समक्ष पेश गर्नु पर्नेछ,"Annual report: The Commission shall submit an annual report of the work and activities of the Commission to the President, within three months of the date of expiry of the fiscal year",Annual report: The Commission shall submit an annual report of the work and activities of the Commission to the President within three months of the date of expiry of the fiscal year
कसैको छोराछोरीलाई कानून बमोजिमको धन वा सम्पत्ति नदिएमा अदालतले उजुरी गर्न सक्ने व्यवस्था,A penal action doesn't lie against heirs unless he has been made wealthier (or taken advantage) by the act out of which the action arise.,Provisions relating to action by the court against anyone for not giving the property or wealth as per the law to a son or daughter
दफा ६६ को उपदफा को खण्ड वा बमोजिमको कुनै कार्य गरेमा एक लाख पचास हजार रूपैयाँसम्म जरिबाना र पन्ध्र वर्षसम्म कैद,"In the case of the commission of any act referred to in clause or of sub-section of Section 66, a fine of up to one hundred fifty thousand rupees and imprisonment for up to fifteen years","In the case of the commission of any act referred to in clause or of sub-section of Section 66, a fine of up to one hundred and fifty thousand rupees and imprisonment for up to fifteen years"
"""स्वेच्छिक खारेजी"" भन्नाले परिच्छेद-११ बमोजिम बैङ्क वा वित्तीय संस्थाको स्वेच्छिक खारेजी हुने अवस्था सम्झनु पर्छ","""Voluntary Liquidation"" means a situation in which a bank or financial institution initiates voluntary liquidation pursuant to Chapter 11","""Objective liquidation"" means the condition of voluntary liquidation of a bank or financial institution pursuant to Chapter-11"
दफा २७ बमोजिम बजार अनुगमन सम्बन्धी कार्यलाई व्यवस्थित र प्रभावकारी बनाउन प्रदेश सरकारले आवश्यक नियम बनाउन सक्नेछ,The Provincial Government may frame necessary rules in order to make the activities relating to market monitoring systematic and effective pursuant to Section 27,The Provincial Government may make necessary rules to make the functions relating to market monitoring systematic and effective pursuant to Section 27
समान कारणबाट ।,Equally.,For the same reason.
अलिखित कानून (लिखित कानून बाहेकको कानून) ।,The unwritten law.,An unwritten law.
उपदफा बमोजिम आयोगले बनाएको नियम नेपाल राजपत्रमा प्रकाशन भएको मितिबाट प्रारम्भ हुनेछ,The rules made pursuant to sub-section shall come into force from the date of publication in the Nepal Gazette,The rules made pursuant to sub-section shall come into force from the date of publication in the Nepal Gazette
सजाय: कसैले देहाय बमोजिमको कस्र गरेमा त्यस्तो कस्र गर्ने व्यक्ति वा संस्थालाई श्रम तथा रोजगार कार्यालयले कस्रको मात्रा हेरी देहाय बमोजिमको सजाय गर्नेछः- दफा २५ को खण्ड बमोजिमको कसूर गर्नेलाई पच्चीस हजार रुपैयाँ जरिवाना।,"Punishment: If any person commits the following offence, the Labor and Employment Office shall punish such a person or institution with the following punishment, according to the degree of offence: A fine of twenty-five thousand rupees in the case of the commission of the offence referred to in clause of Section 25.","Punishment: If any person commits the following offence, the Labor and Employment Office shall impose the following punishment on the person or institution committing such offence, depending on the degree of the offence: A fine of twenty-five thousand rupees shall be imposed on the person committing the offence referred to in clause of Section 25."
"परिषदको स्थापना, गठन, काम, कर्तव्य र अधिकार परिषद्को स्थापनाः प्रचलित कानून बमोजिमको नेपाल पशु चिकित्सा परिषद्मा नाम दर्ता भएका र दर्ता हुन योग्य पशु चिकित्सक बाहेकका णशु स्वास्थ्य तथा पशु सेवा व्यवसायीहरुको सेवा र व्यवसायलाई व्यवस्थित, गुणस्तरीय एवं मर्यादित बनाउन पशु स्वास्थ्य तथा पशु सेवा व्यवसायीको योग्यता अनुसार प्रदेश कानून बमोजिम नाम दर्ता गर्ने समेतको व्यवस्था गर्न पशु स्वास्थ्य तथा पशु सेवा व्यवसायी परिषद्को स्थापना हुनेछ","Establishment, Constitution, Functions, Duties and Powers of the Council Establishment of Council: There shall be established a Council of the Animal Health and Livestock Service Professionlas to register names of animal heath and livestock service professionals in accordance with the provincial law in order to make animal health and livestock service profession orderly, high quality and dignified, except for registered veterinarians and can be registered with the Nepal Veterinary Council","Establishment, Formation, Functions, Duties and Powers of the Council Establishment of the Council: An animal health and livestock service professional council shall be established to make provisions as per the provincial law for registration of the names of the animal health and livestock service professionals, as per the qualifications of the animal health and livestock service professionals, in order to make the service and profession of the animal health and livestock service professionals registered with the Nepal Veterinary Council in accordance with the prevailing law"
"उपदफा बमोजिमको निवेदन र सो साथ संलग्न विवरणहरुको जाँचबुझ गर्दा राष्ट्र बैङ्कले त्यस्तो वित्तीय संस्थालाई एक तह माथिल्लो वर्गको बैङ्क वा वित्तीय संस्थामा परिणत गर्न उपयुक्त हुने देखेमा देहायका कुराहरुको अधीनमा रही पूर्व स्वीकृति दिन सक्नेछ :- माथिल्लो वर्गको बैङ्क वा वित्तीय संस्थाका लागि राष्ट्र बैङ्कले तोके बमोजिमको चुक्ता पूँजी पूरा भएको, विगत पाँच वर्षदेखि लगातार राष्ट्र बैङ्को निर्देशन बमोजिमको पूँजीकोष पर्याप्तता कायम रहेको, लगातार पाँच वर्ष नाफामा रहेको र विगत पाँच वर्षको औसत निष्क्रिय कर्जा राष्ट्र बैङ्कले तोकेको सीमाभित्र रहेको, प्रारम्भिक खर्च अपलेखन गरिसकेको, सार्वजनिक रुपमा निष्काशन गर्नु पर्ने शेयरको निष्काशन भई बाँडफाँट भइसकेको, माथिल्लो वर्गको बैङ्क वा वित्तीय संस्थामा परिणत हुन साधारण सभाले विशेष प्रस्ताव पारित गरेको, राष्ट्र बैङ्कले तोकेको अन्य सबै शर्त पूरा गरेको","If the Rastra Bank deems appropriate, upon carrying out inquiry into the application and details enclosed with the application as set forth in Sub-Section , to convert a bank or financial institution as a bank or financial institution of a higher class, it may grant prior approval subject to the following terms and conditions:- That it has made payment of the paid up capital requirement for a bank or financial institution of a higher class as prescribed by the Rastra Bank, That it has been continuously maintaining the capital fund adequacy according to the Rastra Bank directives for the last five years, that it is in profit continuously for the last five years, and the average non-performing loans of the last five years are a within the limits as prescribed by the Rastra Bank, That the preliminary expenses have already been written off, That the shares to be issued publicly have been issued and already been allotted, That the General Meeting has already passed a special resolution for conversion into an upper class bank or financial institution, That it has met all the conditions as prescribed by the Rastra Bank","While carrying out an inquiry into the application submitted pursuant to Sub-Section and the details enclosed therewith, the Rastra Bank may, if it deems appropriate to convert such a financial institution into a one-tier higher class bank or financial institution, grant prior approval subject to the following matters:- The paid up capital as prescribed by the Rastra Bank has been fulfilled for the higher class bank or financial institution, The capital fund as directed by the Rastra Bank has remained adequate for the last five years continuously, The capital fund has"
भोकबाट मुक्त हुने।,To be free from the hunger.,To be freed from hunger.
"“स्वरोजगारमा संलग्न व्यक्ति” भन्नाले निजी रुपमा सञ्चालित व्यवसाय वा रोजगारीबाट आय आर्जन गर्ने इन्जिनियर, चिकित्सक, कानून व्यवसायी, लेखापरीक्षक लगायतका पेशा व्यवसाय गर्ने व्यक्ति वा निजसँग सम्बद्ध कर्मचारी सम्झनु पर्छ र सो शब्दले वैदेशिक रोजगारमा संलग्न व्यक्ति, अस्थायी वा सेवा करारमा कार्यरत व्यक्ति, घरेलु कामदार, कृषक, असङ्गठित क्षेत्रमा कार्यरत श्रमिक, चिया बगानका श्रमिक तथा सहकारी संघ संस्थामा कार्यरत कर्मचारी समेतलाई जनाउँछ ।","“Person Involving in Self-Employment” means the professionals including engineer, medical practitioner, legal practitioner, auditor earning income by carrying out business or profession in private sector or the employee relating to those professionals and the term shall also denotes the person involving in foreign employment, person working temporary or service contract basis, domestic worker, farmer, labor working in unorganized sector, labor of tea estate and employee working in cooperative institution.","“Person involving in self-employment” means an engineer, doctor, legal practitioner, auditor, person carrying out professional occupation including that of self-employment or earning income from employment, and this term also includes a person involving in foreign employment, a person engaged in a temporary or service contract, a domestic worker, a farmer, a laborer working in an unorganized area, a laborer of a tea plantation and an employee working in a cooperative organization or institution."
"स्वास्थ्य तथा जनसङ्ख्या मन्त्रालयका सचिव -अध्यक्ष महिला, बालबालिका तथा जेष्ठ नागरिक मन्त्रालयका सहसचिव -सदस्य शिक्षा, विज्ञान तथा प्रविधि मन्त्रालयका सहसचिव - सदस्य महानिर्देशक, स्वास्थ्य सेवा विभाग -सदस्य प्रतिनिधि, नेपाल मेडिकल काउन्सिल -सदस्य प्रतिनिधि, नेपाल नर्सिङ्ग परिषद्‌ -सदस्य प्रतिनिधि, नेपाल स्वास्थ्य व्यवसायी परिषद्‌ -सदस्य कानून अधिकृत, स्वास्थ्य तथा जनसङ्ख्या मन्त्रालय - सदस्य प्रजनन स्वास्थ्य तथा प्रजनन अधिकारको क्षेत्रमा अध्ययन अनुसन्धान वा सेवा प्रदान गरिरहेका पेशागत संस्था/व्यक्तिहरु मध्येबाट एक महिला सहित मन्त्रालयबाट मनोनित प्रतिनिधि दुई जना सदस्य मन्त्रालयले तोकेको नेपाल स्वास्थ्य स्वयंसेविका सङ्घको प्रतिनिधि एक जना -सदस्य निर्देशक, परिवार कल्याण महाशाखा, स्वास्थ्य सेवा विभाग सदस्य-सचिव समन्वय समितिले प्रजनन स्वास्थ्य तथा प्रजनन अधिकारको क्षेत्रमा कार्यरत विशेषज्ञलाई आवश्यकता अनुसार बैठकमा आमन्त्रण गर्न सक्नेछ,समितिको बैठक सम्बन्धी कार्यविधि समिति आफैंले निर्धारण गरे बमोजिम हुनेछ","Secretary, Ministry of Health and Population -Chairperson Joint-secretary, Ministry of Women, Children and Senior Citizens -Member Joint-Secretary, Ministry of Education, Science and Technology -Member Director General, Department of Health Services -Member Representative, Nepal Medical Council -Member Representative, Nepal Nursing Council -Member Representative, Nepal Health Professional Council -Member Legal Officer, Ministry of Health and Population -Member Two representatives including one woman nominated by the Ministry from among the professional institutions/persons conducting studies and research or extending service in the field of reproductive health and right to reproduction -Member One representative of Nepal Health Volunteers Association designated by the Ministry -Member Director, Family Welfare Division, Health Service Department -Member-secretary The Coordination Committee may invite the expert engaged in the sector of reproductive health and right to reproduction to the meeting as required,the procedures relating to the meeting of the Committee shall be as determined by the Committee itself","Secretary, Ministry of Health and Population -Chairperson Co-secretary, Ministry of Women, Children and Senior Citizens -Member Co-secretary, Ministry of Education, Science and Technology -Member Director General, Department of Health Service -Member representative, Nepal Medical Council -Member representative, Nepal Nursing Council -Member representative, Nepal Health Professional Council -Member legal officer, Ministry of Health and Population -Member studying, researching or providing service in the field of reproductive health and reproductive rights including one female"
"उपदफा बमोजिम बनाउने नियममा नेपाल सरकारलाई आर्थिक भार वा दायित्व पर्ने विषय समावेश भएमा आयोगले “नेपाल सरकार, अर्थ मन्त्रालयको सहमति लिनु पर्नेछ ।","The Commission shall have to get the approval of the *Government of Nepal, Ministry of Finance, while making rules pursuant to subsection (1), on matters that impose financial burden or liability to the Government of Nepal.","The Commission shall have to obtain the approval of the Government of Nepal, Ministry of Finance, if the rules to be made pursuant to sub-section includes matters that impose financial burden or liability on the Government of Nepal."
रोजगार सूचना उपलब्ध गराउनेः रोजगार सेवा केन्द्रले आफ्नो क्षेत्रभित्रका रोजगारदाताहरूका लागि आवश्यक श्रमिकहरूको उपलब्धता र सूचीकृत बेरोजगार व्यक्तिका लागि रोजगारीका अवसर सम्बन्धी सूचना उपलब्ध गराउनु पर्नेछ।,"To provide employment information: The Employment Service Center shall provide information, relating to the availability of laborers required for the employers, and employment opportunity for the listed unemployed person, within its jurisdiction.",To provide employment information: The Employment Service Center shall provide information relating to the availability of necessary laborers for the employers within its territory and employment opportunities for the registered unemployed person.
आक्रमण पुर्याउने काम ।,To injure.,Act of assault.
आयोगको काम कारबाहीमा बाधा नपर्ने: कुनै सदस्यको स्थान रिक्त रहेको कारणले मात्र आयोगको काम कारबाहीमा बाधा पर्ने छैन,"Amended by The Act Amending Some Nepal Acts 2075 Work, performance of the Commission not to be interrupted: The vacancy of posts of the Chairperson and/or any Member shall not interrupt the works of the Commission","Work, performance of the Commission not to be interrupted: The vacancy of post of any Member shall not interrupt the work, performance of the Commission"
उपदफा बमोजिम बैङ्क वा वित्तीय संस्थाले आफ्नो शेयर आफैले खरिद गरेकोमा आफूले खरिद गरे जति शेयर त्यसरी खरिद गरेको मितिले एक सय बीस दिनभित्र रह गरिसक्नु पर्नेछ,"If a bank or financial institution buys back its own shares pursuant to Sub-Section , it shall cancel the shares so bought back within one hundred twenty days of the date of such a buy-back","If a bank or financial institution buys back its own shares pursuant to Sub-Section (1), it shall have to sell back the shares so bought back within one hundred and twenty days from the date of such buy-back"
स्थानीय तहको लेखापरीक्षणः प्रत्येक गाउँपालिका र नगरपालिकाले महालेखापरीक्षकबाट लेखापरीक्षण गराउनु पर्नेछ,The report submitted pursuant to sub-section shall be submitted to the Provincial Assembly through the Chief Minister,Audit of Local Level: Every Rural Municipality and Municipality shall have to get audited by the Auditor General
प्राकृतिक स्रोत तथा त्यसको लाभको बाँडफाँट गर्दा ।,On sharing of natural resources and their benefits.,While sharing natural resources and their benefits.
नेपाल सरकार बादी हुने : यस ऐन अन्तर्गतको मुद्दा नेपाल सरकार बादी हुनेछ।,Government of Nepal to be plaintiff: The Government of Nepal shall be the plaintiff of the cases under this Act.,Government of Nepal to be plaintiff: The Government of Nepal shall be the plaintiff in the cases referred to in this Act.
परम्परा र हाम्रा पिता पुर्खाको व्यवहार प्रतिकूल भएका विषय न शोभनीय हुन्छन् न त उपयुक्त नै मानिन्छन् ।,Things which are done contrary to the custom and manner of our ancestors neither please nor seem right.,Things that are contrary to tradition and the behaviour of our ancestors are neither regrettable nor appropriate.
परिषद्को बैठक वर्षमा कम्तीमा दुई पटक बस्नेछ र दुई बैठक बीचको अवधि छ महिनाभन्दा बढी हुने छैन,"The meeting of the Council shall be convened at least twice a year, and the interval between the two meetings shall not be more than six months",The meeting of the Council shall be held at least twice in a year and the interval between the two meetings shall not exceed six months
बैङ्क वा वित्तीय संस्थाले आफ्नो शेयर आफैले खरिद गर्ने सम्बन्धी अन्य व्यवस्था राष्ट्र बैङ्कले तोके बमोजिम हुनेछ,Other provisions regarding buy-back of its own shares by a bank or financial institution shall be as prescribed by the Rastra Bank,Other provisions relating to the buy-back of shares by a bank or financial institution shall be as prescribed by the Rastra Bank
भुलवस जारी भएकोले । (कुनै रिट भुलवस जारी भएको अवस्थामा सो खारेज र बदर गर्न जारी हुने आधार ।),"Because, it issued mistakenly.",Because a bond has been issued.
“विद्यालय” भन्नाले प्रचलित कानून बमोजिम स्थापना भई सञ्चालन भएको सार्वजनिक वा निजी लगानीका विद्यालय सम्झनु पर्छ र सो शब्दले यो ऐन प्रारम्भ हुँदाका बखत प्रचलित कानून बमोजिम कायम रहेका सामुदायिक वा संस्थागत विद्यालयलाई समेत जनाउँछ,"""School"" means a school with public or private investment, that is operated upon being established pursuant to the prevailing law, and this term also refers to any community or institutional school existing under the prevailing law at the time of the commencement of this Act","""school"" means a school with public or private investment established and operated under the prevailing law, and this term also includes a community or institutional school established under the prevailing law at the time of the commencement of this Act"
उपदफा बमोजिम आरक्षण गरिएको स्थानमा छनौट कार्यविधि अवलम्बन गरी तोकिएका समूहबीचको प्रतिस्पर्धाको आधारमा योग्य र सक्षम बालबालिकालाई भर्ना गर्नु पर्नेछ,"Qualified and capable children shall be admitted to the seats reserved pursuant to sub-section on the ground of competition among the groups prescribed, in accordance with the selection procedures as adopted",The qualified and competent children shall be admitted to the reserved place pursuant to sub-section on the basis of competition between the prescribed groups by adopting the selection procedure
यो ऐन तुरुन्त प्रारम्भ हुनेछ,This Act shall commence at once,This Act shall come into force immediately
उपदफा बमोजिम निवेदन पर्न आएमा उजूरी सुन्ने अधिकारीले प्रचलित कानून बमोजिम त्यस्तो फैसला वा मिलापत्रको कार्यान्वयन गराईदिनु पर्नेछ,"Upon receipt of a petition referred to in sub-section, the complaint hearing authority shall enforce such a decision or conciliation in accordance with the prevalent laws","If an application is made pursuant to sub-section (1), the complaint hearing authority shall have to enforce such judgment or conciliation in accordance with the prevailing law"
"प्राकृतिक कानून बमोजिम यो निष्कर्ष गरिन्छ कि, सम्पूर्ण मानिस (व्यक्ति) समान हुन्छन् ।","It holds good, according to natural law, that all men are equal.",It is concluded by natural law that all men are equal.
"बाल अदालतको गठन: बालबालिकाले गरेको कसूरजन्य कार्यको शुरू कारबाही, सुनुवाइ र किनारा गर्न नेपाल सरकारले न्याय परिषद्को सिफारिसमा आवश्यक संख्यामा बाल अदालत गठन गर्न सक्नेछ","Formation of the Juvenile Court: The Government of Nepal may, on recommendation of the Judicial Council, form the required number of Juvenile Courts to originally proceed, try and settle the offence committed by the children","Formation of Juvenile Court: The Government of Nepal may, on the recommendation of the Judicial Council, form a Juvenile Court in such a number as necessary to initiate proceedings, hear and adjudicate the offence committed by a child"
"कुनै बैङ्क वा वित्तीय संस्थाको कार्यकारी प्रमुख अर्को कुनै व्यावसायिक संस्थामा कार्यकारी प्रमुख, पदाधिकारी, कर्मचारी वा अन्य कुनै पदमा रही काम गर्न पाउने छैन तर बैङ्क वा वित्तीय संस्थाले पूर्वाधार विकास बैङ्कमा लगानी गरेको अवस्थामा सो विकास बैङ्कको सञ्चालक हुन यस उपदफाले बाधा पुन्याएको मानिने छैन","The Chief Executive of any bank or financial institution shall not perform business as the Chief Executive, office bearer, employee or holds any other position in any other business organization: Provided that nothing in this Sub-Clause prevents from becoming a Director of an Infrastructure Development Bank in which the bank or financial institution has made investment","The Chief Executive of any bank or financial institution shall not be allowed to work as a Chief Executive, office bearer, employee or any other position in any other business institution: Provided that, in cases where a bank or financial institution has made investment in an infrastructure development bank, this Sub-Section shall not be deemed to bar from being a Director of such a development bank"
कानून सम्मत कार्य ।,Legal or lawful action.,Legal act.
कानूनले सचेत व्यक्तिलाई सहयोग गर्दछ ।,The law favors those who are vigilant.,The law assists a conscious person.
“स्थानीय तह” भन्नाले गाउँपालिका वा नगरपालिका सम्झनु पर्छ ।,Local Level means the Rural Municipality or Municipality.,“Local Level” means the Rural Municipality or Municipality.
न्याय परिषदले उपदफा बमोजिम कायम भएको कूल दरबन्दीको अधीनमा रही कार्यबोझ अनुसार प्रत्येक जिल्ला अदालतमा रहने न्यायाधीशको सङ्ख्या निर्धारण गर्नेछ र त्यसरी निर्धारण गरेको न्यायाधीशको सङ्ख्या कार्यबोझको आधारमा थपघट गर्न सक्नेछ,"The Judicial Council shall, on the basis of workload, determine the number of Judges to be remained in each District Court subject to the total number of post of Judges in accordance with Sub-Section and the number of District Judges determined so may be altered on the basis of workload","The Judicial Council shall determine the number of Judges residing in each District Court according to workload, subject to the total number of Judges established pursuant to sub-section (1), and the number of Judges so determined may be added or decreased on the basis of workload"
"अघ्चिकार प्रत्यायौजन: आयोगले यस ऐन बमोजिम आफूलाई प्राप्त अधिकारमध्ये आवश्यकता अनुसार कुनै अधिकार तोकिएको शर्तको अधीनमा रही प्रयोग र पालना गर्ने गरी अध्यक्ष, सदस्य, नेपाल सरकार, प्रदेश सरकार, कुनै निकाय वा स्थानीय सरकारको कुनै अधिकृत कर्मचारीलाई प्रत्यायोजन गर्न सक्नेछ","Delegation of Power: The Commission may delegate some authority accorded to it by this Act, as per necessity, with set conditions for its use and adherence, to the Chairperson, Member, Government of Nepal, State Government, official employee of any agency or Local Government","Delegation of authority: The Commission may delegate some authority accorded to it by this Act, as per necessity, with set conditions for its use and adherence, to the Chairperson, Member, Government of Nepal, Provincial Government, official employee of any agency or Local Government"
उपदफा बमोजिम कुनै वस्तु वा सेवाको गुणस्तरको मापदण्ड निर्धारण गरेको विषयको सूचना नेपाल सरकारले नेपाल राजपत्रमा प्रकाशन गर्नु पर्नेछ,The Government of Nepal shall have to publish the notice of the matters of the standards or quality of any goods or service determined pursuant to sub-section in the Nepal Gazette,The Government of Nepal shall have to publish a notice on the matter of determining the standard of quality of any goods or services pursuant to sub-section in the Nepal Gazette
उपदफा मा जुनसुकै कुरा लेखिएको भए तापनि यो दफा प्रारम्भ हुँदाका बखत कुनै विद्यालयले उपलव्ध गराउँदै आएको छात्रवृत्ति घटाउन पाइने छैन,"Notwithstanding anything contained in sub-section (2), the scholarship which is being provided by any school at the time of the commencement of this Act must not be reduced","Notwithstanding anything contained in sub-section , no school shall be allowed to reduce the scholarship it has been providing at the time of the commencement of this Section"
"परिभाषा: विषय वा प्रसङ्गले अर्को अर्थ नलागेमा यस ऐनमा,- “अध्यक्ष” भन्नाले आयोगको अध्यक्ष सम्झनु पर्छ र सो शब्दले कार्यबाहक अध्यक्षलाई समेत जनाउँछ","Definitions: Unless the subject or the context otherwise requires, in this Act, - ""Chairperson"" means the Chairperson of the Commission and the word also includes the member working as the Acting Chairperson","Definitions: Unless the subject or the context otherwise requires, in this Act,- ""Chairperson"" means the Chairperson of the Commission and the word also includes the Acting Chairperson"
हटाउने ।,For avoiding.,To remove.
उपदफा बमोजिम श्रम अदालतबाट भएको निर्णय अन्तिम हुनेछ।,The decision made by the Labor Court pursuant to sub-section shall be final.,The decision made by the Labor Court pursuant to sub-section shall be final.
"पदबाट हटाइएको वा बर्खास्त गरिएको कुनै बैङ्क वा वित्तीय संस्थाको सञ्चालक, पदाधिकारी वा कर्मचारी त्यस्तो कारबाही भएको मितिले पाँच वर्ष नपुगेसम्म वा निजले अदालतमा पुनरावेदन गरेको भएमा सो अदालतबाट सफाइ नपाएसम्म कुनै बैङ्क वा वित्तीय संस्थाको सञ्चालक, पदाधिकारी वा कर्मचारी भई काम कारबाही गर्न सक्ने छैन","A director, office bearer or employee of any bank or financial institution who is removed or dismissed from his position shall not be eligible to become a director, office bearer or employee of any other bank or financial institution until a period of five years is expired from the date of such actions taken or until, if he or she has filed an appeal at the court, until the exoneration by the court","A Director, office bearer or employee of any bank or financial institution who has been dismissed or sacked from office shall not be allowed to take actions as a Director, office bearer or employee of a bank or financial institution until five years after the date of taking such action or until he or she is acquitted from the court if he or she has filed an appeal"
कानूनी व्यवसाय सिकिरहेको व्यक्ति ।,One who is learning legal practice.,A person learning legal practice.
कोषलाई प्राप्त भएका सबै रकमहरु ।,All amounts received by the Fund.,All amounts received to the Fund.
आयोगमा परेका उजुरीको विवरण तथा त्यस्तो उजुरी उपर आयोगले गरेको निर्णय तथा आदेशको विवरण।,Details of complaints filed with the Commission and the decisions taken and orders given with regards to them by the Commission.,Details of complaints filed with the Commission and decisions and orders issued by the Commission against such complaints.
नेपालमा बसोबास गर्ने प्रत्येक नेपाली समुदायलाई मातृभाषामा शिक्षा प्राप्त गर्ने अधिकार हुनेछ,Every Nepali community residing in Nepal shall have the right to acquire education in the mother tongue,Every Nepali community residing in Nepal shall have the right to acquire education in the mother tongue
"उपदफा बमोजिमको अवधिभित्र नतिरे नबुझाएमा त्यस्तो सञ्चालक, पदाधिकारी वा कर्मचारी वा निजको परिवारको नाममा रहेको कुनै बैङ्क वा वित्तीय संस्थाको खाता वा निज वा निजको परिवारको कुनै पनि चल अचल सम्पत्तिबाट सरकारी बाँकी सरह असुल उपर गरिनेछ","If the amount payable within the time limit as referred to in Sub-Section is not paid, the said amount shall be recovered as government due from any account of such a Director, office bearer or employee or from the account of any of his/her family members that has been kept at any bank or financial institution or from any movable or immovable property belonging to him or her or his or her family member","If such a Director, office bearer or employee or any bank or financial institution in the name of his or her family or any movable or immovable property of his or her family is recovered as the government arrears within the time limit referred to in sub-section (1)"
बिबादको समाधान; यस ऐन बमोजिम उपलब्ध गराइएको आवास सुविधाको उपभोग गर्ने सम्बन्धमा त्यस्तो आवासमा बसोबास गर्ने व्यक्ति तथा परिवारहरूबीच भएको हक बेहक सम्बन्धी बाहेकको कुनै विवाद उत्पन्न भएमा त्यस्तो विवाद हेर्ने अधिकार स्थानीय न्यायिक समितिलाई हुनेछ,"Dispute resolution: Regarding the use of the housing facility provided under this Act, if any dispute, excluding the title, arises between the persons and families settled in such housing, the local Judicial Committee shall have the authority to deal with such a dispute","Settlement of Displacement: If any dispute arises between the person and families residing in such housing with regard to the use of the housing facility provided under this Act, the Local Judicial Committee shall have the power to adjudicate such a dispute"
"बैङ्क वा वित्तीय संस्थाको बाध्यात्मक खारेजीले सो बैङ्क वा वित्तीय संस्थाको कुनै सञ्चालक, कार्यकारी प्रमुख, पदाधिकारी, कर्मचारी, सोको शेयरधनी वा अन्य व्यक्तिको यस ऐन वा प्रचलित कानून बमोजिमको कुनै दायित्व भए त्यस्तो दायित्व कायम नै रहनेछ","If there is any liability of a Director, Chief Executive, office bearer, employee or shareholder of the bank or financial institution or other person under this Act or other prevailing laws, such liability shall continue to remain as it is","If mandatory liquidation of a bank or financial institution causes any liability of any Director, Chief Executive, office bearer, employee, shareholder or other person of such a bank or financial institution under this Act or the prevailing laws, such liability shall remain in place"
"निरीक्षण अधिकृतको अन्य काम, कर्तव्य र अधिकार तथा निरीक्षण अधिकृतले दिएको प्रतिवेदन कार्यान्वयन सम्बन्धी व्यवस्था तोकिए बमोजिम हुनेछ","The provisions relating to other functions, duties and powers of the Inspection Officer and the implementation of the report furnished by the Inspection Officer shall be as prescribed","The provisions relating to the other functions, duties and powers of the Inspection Officer and the implementation of the report submitted by the Inspection Officer shall be as prescribed"
उपदफा बमोजिम तोकेको सदस्य वा न्यायाधीशले न्याय परिषदले तोकेको अवधिभित्र आफ्नो राय सहितको प्रारम्भिक छानबिन प्रतिवेदन न्याय परिषदमा पेश गर्नु पर्नेछ,"The Member or Justice, as per the Sub-Section shall submit the initial enquiry report with his her opinion before the Judicial Council within the period as prescribed by the Judicial Council",The Member or Judge designated pursuant to sub-section shall submit the preliminary investigation report along with his or her opinion to the Judicial Council within the period as prescribed by the Judicial Council
कार्यान्वयनका लागि लेखी पठाउन सक्ने : कुनै निकाय वा पदाधिकारीले आयोगलाई आवश्यक सहयोग उपलब्ध नगराएमा आयोगले सहयोगको लागि त्यस्तो निकाय वा अधिकारीको तालुक निकाय वा अधिकारी समक्ष लेखी पठाउन सक्नेछ,"Power to send for implementation in writing: If the Commission finds that any agency or official has not made available necessary assistance to the Commission, it may write to the higher agency or official above such agency or official for assistance in the matter","Power to send for implementation in writing: If the Commission finds that any agency or official has not provided the Commission with the necessary support, it may write to the concerned agency or official of such agency or official for assistance in the matter"
सामयिक लेखापरीक्षण: महालेखापरीक्षकले दफा ३ को उपदफा बमोजिमका निकायको छनौटको आधारमा आर्थिक वर्ष समाप्त नहुँदै वा कारोबार सम्पन्न भएपश्चात्‌ सामयिक लेखापरीक्षण गर्न सक्नेछ,"Timely audit: The Auditor General may, on the selective basis, perform timely audit of the bodies referred to in sub-section of Section 3 before the completion of the fiscal year or after the completion of transactions","Equity audit: The Auditor General may, on the basis of the choice of the bodies referred to in sub-section of Section 3, perform equity audit before the expiry of the fiscal year or after completion of transactions"
विभिन्न आधारबाट व्युत्पन्न तर्क कानूनमा बढी शक्तिशाली हुन्छ ।,An argument from division is more powerful in law.,An argument drawn from different bases is most powerful in law.
"जाँचबुझ समितिले जाँचबुझको कारवाही भएको ठाउँमा आरोप लागेको उच्च अदालत वा जिल्ला अदालतको न्यायाधीश, सम्बन्धित कानून व्यवसायी तथा उजूरवाला बाहेक अरू कुनै व्यक्तिलाई उपस्थित हुने वा कारवाहीमा भाग लिने अनुमति दिने छैन","The Inquiry Committee shall not give permission to any other person, excluding the judge who has been charged, concerned lawyer and the complainant, to be present or take part in at the place where the proceedings of inquiry has been undertaken","The Inquiry Committee shall not allow any person other than the Judge of High Court or District Court, concerned legal practitioner and plaintiff to appear or take part in the proceedings at the place where the inquiry has been conducted"
असम्भावनाको कोणबाट उपलब्ध तर्क,An argument drawn from an impossibility.,An argument from the angle of impossibility.
"नेपाल सरकार, प्रदेश सरकार र स्थानीय तहले बालबालिकाको बाँच्न पाउने अधिकार र बालबालिकाको विकासको लागि बालबालिका माथि हुन सक्ने दुर्घटनाको रोकथाम, जोखिमको न्यूनीकरण लगायतका प्रतिरोधात्मक र सुरक्षा सेवाका लागि आवश्यक उपाय अवलम्बन गर्नेछन्‌","The Government of Nepal, Province Government and Local Level shall take necessary measures required for preventive and security service including prevention of possible accidents, minimization of risks that may occur on the children, in order to protect the rights of the child to live and development","The Government of Nepal, Provincial Government and Local Level shall adopt necessary measures for the right of the child to live and development of the child, including the prevention of accidents that may occur to the child, mitigation of risks, and for preventive and security services"
“मन्त्रालय भन्नाले स्वास्थ्य सम्बन्धी विषय हेर्ने नेपाल सरकारको मन्त्रालय सम्झनु पर्छ,Ministry means the Ministry of the Government of Nepal looking after the matters relating to health,"""Ministry"" means the Ministry of the Government of Nepal that looks after the matters relating to health"
पाठ्यपुस्तक उपलब्ध गराउनु पर्ने; नेपाल सरकारले आधारभूत तह वा माध्यमिक तहसम्मको शिक्षा प्राप्त गर्ने प्रत्येक सार्वजनिक विचालयका बालबालिकालाई पाठ्यपुस्तक बापतको रकम तोकिए बमोजिम स्थानीय तहलाई उपलब्ध गराउनेछ,To provide textbooks: The Government of Nepal shall provide the Local Level with the amount as prescribed for the textbooks to the children of every public school who acquire education of the basic level or secondary level,To provide textbooks: The Government of Nepal shall provide the Local Level with the amount for the textbooks to the children of every public school who have acquired education up to the basic level or secondary level as prescribed
परिच्छेद-१०,Chapter-10,Chapter-10
शारीरिक सजाय जतिसुकै कम (नरम) भए पनि जरिवानाको सजायभन्दा कडा हुन्छ ।,"Every corporal punishment, even the least (soft), is greater than any pecuniary punishment.","Whatever the lesser physical punishment is, it is more severe than the punishment of fine."
"“पशु” भन्नाले जुनसुकै प्रकारको घरपालुवा वा जङ्गली जनावर, पन्छी वा माछा सम्झनु पर्छ र सो शब्दले अन्य जलचर र उभयचरलाई समेत जनाउँछ","“animal” means any kind of domestic or wild animals, birds or fishes, and it also includes aquatic animals and amphibians","“animal” means any kind of domestic or wild animal, seal or fish, and this term also includes other aquatic animals and invertebrates"
नेपाल निजामती सेवाको राजपत्रांकित प्रथम श्रेणीको अधिकृतले आयोगको सचिवको रुपमा काम गर्नेछ,The Secretary of the Commission shall be a gazetted first class officer of the Nepal Civil Service,The Secretary of the Commission shall be a gazetted first class officer of the Nepal Civil Service
"क्षतिपूर्ति: यस ऐन अन्तर्गत कुनै कसूर मानिने वा अन्य कुनै काम गरेको कारणबाट कसैलाई कुनै प्रकारको हानि, नोक्सानी हुन गएमा वा क्षति पुग्न गएमा सरोकारवाला वा पीडित व्यक्तिले त्यस्तो हानि, नोक्सानी वा पीडा बापत क्षतिपूर्ति समेत भराई पाउन सम्बन्धित जिल्ला अदालतमा उजूर गर्न सक्नेछ","Compensation: If any kind of damage, loss or injury is caused to any person due to the commission of any act deemed to be the offence or any other act under this Act, the concerned person or victim may make a complaint to the concerned District Court to get compensation paid for such damage, loss or pain, as well","Compensation: If any kind of harm, injury or damage is caused to anyone due to any offence deemed to be committed under this Act or any other act, the concerned or victim person may file a petition to the concerned District Court for compensation also for such harm, injury or pain"
“व्यक्ति” भन्नाले प्राकृतिक व्यक्ति सम्झनु पर्छ,"""Person"" means natural person",“Person” means a natural person
अधिकार प्रत्यायोजन: परिषद्ले आफूलाई प्राप्त अधिकारमध्ये आवश्यकता अनुसार केही अधिकार उपसमिति वा परिषद्को अन्य कुनै अधिकृतस्तरको कर्मचारीलाई प्रत्यायोजन गर्न सक्नेछ ।,"Delegation of Power: The Council may delegate some of the powers conferred to it to the sub-committee or any other officer employee of the Council, as necessary.","Delegation of Power: The Council may delegate some of the powers conferred to it by the Council to any sub-committee or employee of any other officer level of the Council, as required."
निर्देशन समितिको बैठकको अध्यक्षता सो समितिको अध्यक्षले गर्नेछ ।,The presence of more than fifty percent Members of the total number of Members of the Steering Committee shall be deemed to constitute a quorum for a meeting of the Steering Committee.,The meeting of the Steering Committee shall be chaired by the Chairperson of the Steering Committee.
"शुल्क लिन सक्नेः महालेखापरीक्षकले नेपाल सरकार, प्रदेश सरकार वा स्थानीय तहको पूर्ण स्वामित्व भएको सङ्गठित संस्थाको लेखापरीक्षण गरे बापत त्यस्तो संस्थाबाट तोकिए बमोजिमको शुल्क लिन सक्नेछ","To require the submission of any document related to the operation of business of any body partially owned by the Government of Nepal, Provincial Government or Local Level, and of any national or international non-governmental organization","Power to collect fee: The Auditor General may collect the fee as prescribed from the Government of Nepal, Provincial Government or Local Level for carrying out audit of a corporate body having full ownership"
"जुन कुरा कुनै कालखण्डमा मेरो थियो, सो कुरा पछिपनि मेरो नहुन सक्छ ।",That which is once mine cannot be mine more completely.,That which was mine in time may not be mine again.
आयोगको निर्णय बहुमतद्वारा हुनेछ र मत बराबर भएमा अध्यक्षले निर्णायक मत दिनेछ ।,"The decision of the majority shall be the decision of the Commission and in case of a tie, the Chairperson shall give a decisive vote.","The decision of the majority shall be the decision of the Commission, and in case of a tie, the Chairperson shall give a decisive vote."
राष्ट्र बैङ्क उपदफा बमोजिम इजाजतपत्र प्राप्त संस्थालाई आफ्नो नियन्त्रणमा लिनु अघि सम्बन्धित इजाजतपत्र प्राप्त संस्थालाई अवस्था हेरी पन्ध्र दिनसम्मको म्याद दिई आफ्नो सफाइ पेश गर्ने मौका दिनु पर्नेछ,"The Rastra Bank shall, prior to taking a licensed institution under its control pursuant to Sub-Section , give an opportunity to the concerned bank or financial institution to defend itself, by providing it with a time-limit not exceeding fifteen days, depending on the situation","Before taking the licensee under its control pursuant to Rastra Bank Sub-Section (1), the concerned licensee shall be given an opportunity to submit his or her clarification by giving a period of up to fifteen days depending on the situation"
उपदफा बमोजिमको कार्यक्रम सञ्चालन सम्बन्धी अन्य व्यवस्था तोकिए बमोजिम हुनेछ।,Other matters relating to conducting the programs pursuant to sub- section shall be as prescribed.,Other provisions relating to the operation of the program referred to in sub-section shall be as prescribed.
"उपदफा बमोजिम भएको निर्णय सम्बन्धित पक्षले कार्यान्वयन गर्नु, गराउनु पर्नेछ ।","The decision taken under sub-section shall be implemented, or caused to be implemented by the concerned party.",The concerned party shall enforce or cause to be enforced the decision made pursuant to sub-section (1).
उपदफा बमोजिमको विवरण सर्वसाधारणको जानकारीको लागि सार्वजनिक गर्नु पर्नेछ ।,The details referred to in sub-section shall be published for the information of the public in general.,The details referred to in sub-section shall be made public for information of the general public.
"उपदफा मा जुनसुकै कुरा लेखिएको भए तापनि देहायको व्यक्तिको तर्फबाट देहायका व्यक्तिले सूचना दिन सक्नेछ: अठार वर्ष उमेर नपुगेको वा होस ठेगानमा नरहेको व्यक्तिको हकमा त्यस्तो सूचना दिँदा निजको अहित नहुने भएमा निजको संरक्षक वा माथवर व्यक्ति, अन्य व्यक्ति भए निजले अख्तियारी दिएको वारिस वा प्रतिनिधि","Notwithstanding anything contained in sub-section , the following person may provide the information on behalf of the following person: In the case of the person who has not attained to the age of eighteen years or who is of unsound mind, his or her guardian or curator, provided there will be no harm to him or her when such information is so provided In the case of the other person, the attorney or representative authorized by him or her","Notwithstanding anything contained in sub-section , the following person may give notice on behalf of the following person: In the case of a person who has not attained the age of eighteen years or has no address, if it is not harmful to the person while giving such notice, if it is his or her guardian or curator, if it is another person, if it is the heir or representative"
(जस्तो : डाउन्स सिन्ड्रोम समेत) अनुवंशीय रक्तश्राव (हेमोफिलिया) सम्बन्धी अपाङ्गता : अनुवंशीय असरका कारण रगतमा हुने फ्याक्टरमा विचलन आई रगत जम्ने कार्यमा समस्या उत्पन्न हुने शारीरिक अवस्थाको व्यक्ति ।,"Multiple disability: A person who has a problem of two or more than two types of disability mentioned above (for example, cerebral palsy).",Disability related to hemophilia: A person of physical condition who suffers from an abnormality in the factor in the blood due to genetic influence and problems in the freezing of blood.
तोकिएको वा तोकिए बमोजिम भन्नाले यस ऐन अन्तर्गत बनेको नियममा तोकिएको वा तोकिए बमोजिम सम्झनु पर्छ,Prescribed or As prescribed means laws prescribed or as prescribed under the Rules framed under this Act,Prescribed or as prescribed means prescribed or as prescribed in the rules framed under this Act
"उपदफा बमोजिम आदेश जारी गर्दा उच्च अदालतले बालबालिकाको अधिकार उल्लङ्घन गर्ने वा बालबालिकाप्रतिको दायित्व पूरा नगर्ने व्यक्ति, संस्था वा निकायका प्रमुखलाई सचेत गराउन वा यस ऐन बमोजिम सजाय गर्न र निजबाट क्षतिपूर्ति भराउने आदेश गर्न सक्नेछ","While making an order pursuant to sub-section (2), the High Court may warn the person or chief of the organization or agency that has violated the rights of the child or has not fulfilled their duties towards the child or to impose punishment on them and order the recovery of compensation from them pursuant to this Act","While issuing an order pursuant to sub-section (1), the High Court may warn the person, the head of institution or body that violates the rights of the child or does not fulfil the responsibility towards the child or impose punishment pursuant to this Act and make an order from him or her for compensation"
"शिक्षणको माध्यम भाषाः विद्यालयले प्रदान गर्ने शिक्षणको माध्यम नेपाली भाषा, अङ्ग्रेजी भाषा वा दुवै भाषा वा सम्बन्धित नेपाली समुदायको मातृभाषा हुन सक्नेछ","Language of instruction: The medium of instruction to be provided by the schools shall be the Nepali language, English language or both the languages or mother tongue of the Nepali community concerned","Learning medium language: The learning medium to be provided by the school may be the Nepali language, English language or both languages or the mother tongue of the concerned Nepali community"
युद्ध भन्दा पहिले ।,Before the war.,Before the war.
उपदफा मा जुनसुकै कुरा लेखिएको भए तापनि कुनै खास विषयमा अध्ययन वा अनुसन्धान गर्ने वा जनमत सङ्कलन गर्ने प्रयोजनका लागि सम्बन्धित व्यक्तिको मञ्जरी लिई निजले दिएको सूचना सङ्कलन गर्न सकिनेछ,"Notwithstanding anything contained in sub-section , information provided by the concerned person may be collected after obtaining his or her consent for the purpose of conducting any study, research or collection of public opinion","Notwithstanding anything contained in sub-section , information given by the concerned person may be collected for the purpose of studying or researching on any particular subject or collecting opinion of the general public, with the consent of the concerned person"
सजाय सम्बन्धी व्यवस्था: कसूरजन्य कार्य गर्दा बालबालिकाको उमेर दश वर्षभन्दा कम भए निज उपर कुनै प्रकारको मुद्दा चलाइने र निजलाई कुनै किसिमको सजाय हुने छैन,"Provisions relating to punishment: If the child is less than ten years of age at the time of commission of the offence, no case and punishment of any kind shall be instituted against and imposed on him or her","Provision relating to punishment: If a child is under the age of ten years while committing an offence, any kind of case shall be filed against him or her and he or she shall not be subjected to any kind of punishment"
खण्ड बमोजिमको प्रमाणपत्र वा जन्म मिति पनि नभएमा अस्पतालबाट प्रमाणित उमेर सम्बन्धी प्रमाणपत्रमा उल्लिखित मिति,"If the certificate referred to in clause or the date of birth is not available, the date recorded in the certificate of age issued by the hospital","If the certificate referred to in clause is not available or the date of birth is not available, the date as mentioned in the certificate relating to age certified by the hospital"
"मुस्लिम समुदायको भौतिक, अभौतिक संस्कृतिको संरक्षण र सम्वर्द्धनका लागि जिवित सङ्ग्रहालय स्थापना तथा उदगम्‌ स्थलको खोज अनुसन्धान गरी त्यस्ता पुरातात्विक र ऐतिहासिक संरचना, वस्तु र स्थलहरूको संरक्षण र सम्वर्द्धनका लागि नीति तथा कार्यक्रम तर्जुमा गर्ने र कार्यान्वयनका लागि नेपाल सरकारलाई सिफारिस गर्ने","to formulate policy and programs to establish and mobilize living museum for the protection and promotion of the physical, non-physical culture of the Muslim community and to make recommendations to the Government of Nepal for their implementation","to establish a living archive for the protection and promotion of physical and scientific culture of the Muslim community and to formulate policies and programs for the protection and promotion of such archaeological and historical structures, objects and places by conducting search and research, and to make recommendations for their implementation to the Government of Nepal"
"उपदफा र प्रचलित कानूनमा जुनसुकै कुरा लेखिएको भए तापनि बाल अदालतबाट बालबालिकाले सफाई पाउने गरी भएको फैसला उपर कानूनको व्याख्या सम्बन्धी त्रुटी भएको, नजीरको गलत प्रयोग भएको वा बुझ्नु पर्ने प्रमाण नबुझेको वा बुझ्न नहुने प्रमाण बुझेको कारणबाट इन्साफमा फरक परेको अवस्थामा बाहेक अन्य अवस्थामा पुनरावेदन लाग्ने छैन","Notwithstanding anything contained in sub-section and in the prevailing law, no appeal shall be admissible against a decision of the Juvenile Court that acquits a child, other than in the circumstances affecting justice because of erroneous interpretation of law, wrong use of precedent or non-admission of an admissible evidence or admission of a non-admissible evidence","Notwithstanding anything contained in sub-section and prevailing law, no appeal shall be made in any other circumstance, except in cases where there has been error in the interpretation of the law made by the juvenile court in such a manner as to get clarification from the child, wrong use of the witness or the reason that the evidence to be understood has not been understood or the evidence to be understood has not been understood to make a difference in the trial"
सञ्चार क्षेत्रको दायित्व बालअधिकारको उल्लङ्घन र बालबालिकाको हित प्रतिकूल नहुने गरी सूचना प्रकाशन वा प्रसारण गर्नु सञ्चार क्षेत्रको दायित्व हुनेछ,"Responsibility of the media sector: It shall be the responsibility of the media sector to publish and transmit information, without violating the rights of the child and causing adverse effect on the interests of the child",Responsibility of the communication sector It shall be the responsibility of the communication sector to publish or broadcast information in such a manner as not to violate the rights of the child and the interests of the child
प्रचलित कानून बमोजिम स्थापित बैङ्कहरुको नगद प्रमाणपत्र (क्यास सर्टिफिकेट) मुद्दती डिपोजिटमा लगानी गर्ने।,To make investment in cash certificate fixed deposits of banks established as per the prevailing law.,To make investment in cash certificate deposits of banks established in accordance with the prevailing law.
"उपदफा बमोजिमको प्रतिवेदनबाट सम्बन्धित इजाजतपत्र प्राप्त संस्था आफूले पूरा गर्नु पर्ने दायित्व पूरा गर्न समर्थ भएको वा सुचारु रुपले सञ्चालन हुने अवस्थामा पुगेको कुरामा राष्ट्र बैङ्क विश्वस्त भएमा राष्ट्र बैङ्कले देहाय बमोजिम गर्न सक्नेछ :- इजाजतपत्र प्राप्त संस्थाको सञ्चालक समितिलाई उपदफा बमोजिम गरेको निलम्बन फुकुवा गरी पुन: सोही सञ्चालक समितिलाई सो संस्थाको व्यवस्थापन जिम्मा लगाउने, वा उपदफा बमोजिम इजाजतपत्र प्राप्त संस्थाको निलम्बित सञ्चालक समितिलाई बर्खास्त गरी इजाजतपत्र प्राप्त संस्थाको शेयरधनीमध्येबाट नयाँ सञ्चालक समितिको गठन गरी सो संस्थाको व्यवस्थापन जिम्मा लगाउने, वा इजाजतपत्र प्राप्त संस्थाको साधारण सभा बोलाई सो सभाबाट नयाँ सञ्चालक समितिको गठन गरी सो संस्थाको व्यवस्थापन जिम्मा लगाउने, वा राष्ट्र बैङ्कले उपयुक्त देखेको अन्य कुनै कारबाही चलाउने","If the Rastra Bank is satisfied, from the report referred to in Sub-Section , that the concerned licensed institution has become capable of fulfilling the responsibilities required to be fulfilled by it or has reached a stage under which it has become able to operate smoothly, the Rastra Bank may take the following actions:- To lift the suspension of the Board of Directors of the licensed institution made as referred to in Sub-Section and handover the management of the institution again to that Board of Directors, or To disolve the Board of Directors of the licensed institution which has been suspended pursuant to Sub-Section (1), and then form a new Board of Directors from among the shareholders of the licenseed institution and handover the management of that institution to a new Board of Directors, or To convene the General Meeting of the licensed institution, and get a new Board of Directors formed by the Meeting, and handover the management of the institution to the Board of Directors, or To take any other action as the Rastra Bank may deem appropriate","The Rastra Bank may, if it is satisfied from the report submitted pursuant to Sub-Section that the concerned licensed institution has been able to fulfill the liabilities that it is required to fulfill or is in a condition to operate smoothly, do as follows:- To remove the suspension made pursuant to Sub-Section from the Board of Directors of the licensed institution and reassign that Board of Directors to the management of that institution, or To dismiss the suspended Board of Directors of the licensed institution by dismissal of the shareholders"
उपदफा मा जुनसुकै कुरा लेखिएको भए तापनि त्यसरी जरिबाना गर्ने आदेश भएपछि त्यस्तो व्यक्ति वा संस्था वा कार्यालय प्रमुखले अदालत वा विभागको महानिर्देशकले निर्धारण गरेको अवधिभित्र त्यस्तो आदेश पालना हुन नसकेको कारण उल्लेख गरी जरिबाना हुन नपर्ने भनी अदालतमा वा विभागको महानिर्देशक समक्ष निवेदन गरेमा र सो निवेदनको व्यहोरा मनासिब देखिएमा अदालत वा विभागको महानिर्देशकले त्यस्तो जरिबानाको आदेश रद्द गर्न सक्नेछ,"Notwithstanding anything contained in sub-section (2), if such a person or institution or chief of office makes an application to the Court or the Director General of the Department, within the time-limit determined by the Court or the Director General, specifying the reason for not being able to abide by such order, stating that fine should not be imposed, and if the statement of such application is found to be reasonable, the Court or the Director General of the Department may revoke such an order for imposition of the fine","Notwithstanding anything contained in sub-section , if, after an order is made to impose such a fine, such a person or institution or chief of office makes a petition to the court or to the Director General of the Department stating the reason that such an order has not been complied with within the period as determined by the court or the Director General of the Department that the fine should not be imposed, and such a petition is found to be reasonable, the Court or Director General of the Department may revoke the order of imposing such a fine"
जमिनसँग बाँधिएको ।,Tied to the land.,Attached to the ground.
यसै ऐन बमोजिम हुनेः यस ऐनमा लेखिए जति कुरामा यसै ऐन बमोजिम र अरुमा प्रचलित कानून बमोजिम हुनेछ,"Applicability of this Act: The matters referred to in this Act or any rules made hereunder shall be ruled by this Act, while other matters be subject to the prevailing law of Nepal",To be in accordance with this Act: The matters contained in this Act shall be in accordance with this Act and others shall be in accordance with the prevailing law
उपदफा बमोजिमको दायित्व पूरा नगरेको वा कुनै वस्तुको उत्पादन,"If the liability pursuant to sub-section is not fulfilled or any fault, deficiency and defect occurs in the process of production, construction",not fulfilling the liabilities referred to in sub-section or producing any goods
समान मुद्दाको लागि ।,For similar cases.,For the same cause.
"अधिकार प्रत्यायोजनः आयोगले संविधान तथा यस ऐन बमोजिम आफूलाई प्राप्त अधिकारमध्ये आवश्यकता अनुसार कुनै अधिकार तोकिएको शर्तको अधीनमा रही प्रयोग र पालना गर्ने गरी अध्यक्ष, सदस्य वा कुनै सरकारी कर्मचारीलाई प्रत्यायोजन गर्न सक्नेछ","Delegation of Power: The Commission may delegate some authority accorded to it by the Constitution and this Act, as per necessity, with set conditions for its use and adherence, to the Chairperson, Member or other government official","Delegation of Power: The Commission may delegate some of the powers conferred to it by the Constitution and this Act, as per necessity, with set conditions for their use and adherence, to the Chairperson, Member or any government employee"
कुनै कुरा लुकाउनु र चुप लाग्नु भिन्न कुरा हुन ।,"To conceal is one thing, to be silent another.",To hide or to remain silent is different.
मध्यस्थत निर्णयले सबैको हक कायम गर्छ । ।,An equitable arbitration renders each person’s due.,An award of arbitration guarantees the rights of all.
नेपाल णशु चिकित्सा परिषद्का पदाधिकारी प्रतिनिधि एकजना,One official as a representative from the Nepal Veterinary Council,An official representative of the Nepal Lung Health Council One person
बौद्धिक अपाङ्गता : उमेरको बृद्धिसँगै बौद्धिक सचेतनाको विकास हुन नसकी बौद्धिक विकास नभएका कारणले उमेर वा वातावरणमा सापेक्ष क्रियाकलाप गर्न समस्या हुने अवस्थाको व्यक्ति ।,"Disability associated with autism: A person who has problem in the development of veins or tissues and functionality thereof (for example, a person wo has difficulty to communicate, to understand and apply general social rules, and who does not show normal behaviour along with the age, who shows abnormal reaction, repeats the same activity, does not assimilate with others or makes reaction instantly).","Intellectual disability: A person who is in such a condition that, due to lack of intellectual development, his or her intellectual consciousness cannot develop with age or that he or she is in such a condition that he or she has problems in performing activities relative to age or environment."
"दलित समुदायको हक हितको संरक्षण, सम्वर्धन र सशक्तीकरणका लागि नेपाल सरकार र अन्य सङ्घ संस्थाहरूले सञ्चालन गर्ने चेतनामूलक कार्यक्रमहरुको समीक्षा, अनुगमन तथा मूल्याङ्कन गर्ने।","to review, monitor and evaluate the awareness generating programs conducted by the Government of Nepal and other institutions for the protection, promotion and empowerment of the rights and interests of the Dalit Community.","To review, monitor and evaluate awareness generating programs conducted by the Government of Nepal and other organizations and institutions for the protection, promotion and empowerment of the Dalit Community."
करार कार्यान्वयन गर्नको लागि ऋणीले ऋणदाता विरुद्ध दायर गरेको उजुरी ।,"An action by the borrower against a lender, to compel the execution of the contract.",An action filed by a creditor against a creditor for the enforcement of a contract.
"उपदफा बमोजिमको प्रदेश बजार अनुगमन समितिको काम, कर्तव्य र अधिकार तोकिए बमोजिम हुनेछ","The functions, duties and powers of the Provincial Market Monitoring Committee referred to in sub-section shall be as prescribed","The functions, duties and powers of the Provincial Market Monitoring Committee referred to in sub-section shall be as prescribed"
"(युन विषय एक दुई पटक मात्र भएको हुँदा, त्यस्तो विषयलाई अनदेखा वा उपेक्षा गरेको हुन्छ । नगर । नियम वा विधाको हकमा)",For legislators overlook or ignore that which has only happened once or twice.,"When a new thing happens only once or twice, it is neglected or ignored."
"न्याय परिषदले उपदफा को खण्ड र उपदफा को प्रयोजनको लागि निरीक्षण प्रतिवेदन, कार्य सम्पादन सम्बन्धी प्रतिवेदन वा मूल्याङ्कन तथा सेवा सम्बन्धी अन्य विवरण सम्बन्धित अदालत वा कार्यालयबाट झिकाई हेर्न सक्नेछ","The Judicial Council may, for the purpose of Part of Sub-Section and Sub-Section collect the inspection report, report relating to performance or evaluation and other details in respect to service from concerned Court or office and study it","The Judicial Council may, for the purpose of clauses and of sub-section , see inspection report, performance report or evaluation and other details relating to service drawn from concerned court or office"
औषधिको मूल्य निर्धारण नेपाल सरकारले तोके बमोजिम हुनेछ।,Determination of the price of medicines shall be as prescribed by the Government of Nepal.,The determination of price of medicine shall be as prescribed by the Government of Nepal.
कुनै वस्तुको दुरुपयोगबाट यसको सदुपयोग बारेमा निकालिएको परिणामसम्बन्धी निष्कर्ष मूल्यवान हुँदैनन् ।,No valid conclusion as to the use of a thing can be deduced from its abuse.,The conclusions relating to the effects drawn from the misuse of any goods are of no value.
मेलमिलाप सम्बन्धी अन्य व्यवस्था तोकिए बमोजिम हुनेछ,Other provisions regarding reconciliation shall be as prescribed,Other provisions relating to reconciliation shall be as prescribed
आधा तलबी अवस्थामा “उपदफा मा तोकिएको दरले पचास प्रतिशत कोष कट्टी गरिनेछ ।,Fifty percent Fund deduction shall be made at the rate specified in Sub-section(1)* while on leave with half pay.,The Fund shall deduct fifty percent by the rate prescribed for the “Early Warning” in case of semi-delict.
"कार्यविधि तथा निर्देशिका बनाउन सक्ने: नेपाल सरकार, प्रदेश सरकार तथा स्थानीय तहले यस ऐन तथा यस ऐन अन्तर्गत बनेको नियमको अधीनमा रही आवश्यक कार्यविधि वा निर्देशिका बनाउन सक्नेछु","Power to make procedures and directives: The Government of Nepal, Provincial Government and Local Level may make necessary procedures or directives subject to this Act and the Rules framed under this Act","Procedures and Directives to be framed: The Government of Nepal, Provincial Government and Local Level may frame necessary procedures or directives subject to this Act and the Rules framed under this Act"
उजूरी सम्बन्धी अन्य व्यवस्था तोकिए बमोजिम हुनेछ ।,Other provisions relating to the complaint shall be as prescribed.,Other provisions relating to the complaint shall be as prescribed.
"निक्षेप राख्ने व्यक्तिको मृत्यु भएमा निजले कसैलाई इच्छाएको भए त्यस्तो इच्छाइएको व्यक्तिको र त्यस्तो इच्छाइएको व्यक्तिको पनि मृत्यु भएको रहेछ वा कसैलाई इच्छाइएको रहेनछ भने देहायको व्यक्तिमध्ये प्राथमिकता क्रमानुसार जुन व्यक्ति जीवित छ सोही व्यक्तिको त्यस्तो निक्षेप उपर पहिलो हक दाबी लाग्नेछ :- सगोलको पति वा पत्नी, सगोलको छोरा वा छोरी, धर्मपुत्र वा धर्मपुत्री वा विधवा बुहारी, सगोलको बाबु, आमा, नाति वा नातिनी, भिन्न बसेको पति वा पत्नी, छोरा, छोरी, बाबु वा आमा, छोरा, बुहारी वा विवाहित छोरी, सगोलको बाजे, बज्यै, दाजु, भाइ, भदा, भदै, दिदी वा बहिनी, भिन्न बसेका बाजे, बज्यै, सगोलको सौतेनी आमा, भिन्न बसेको छोरा पट्टिको नाति वा अविवाहित नातिनी, भिन्न बसेको दाजु वा भाइ, भदा, भदै, दिदी, बहिनी, भतिजा, भतिजी सगोलको काका, विधवा काकी, भाउजु, भाइ बुहारी वा नातिनी बुहारी, विवाहित दिदी, बहिनी, भिन्न बसेको नातिनी बुहारी","In the event of the death of a depositor, a nominee appointed by him/ her, if any, and if such nominee also dies or if no nominee has been appointed by the depositor, the surviving person from amongst his/her relatives, in the following order of priority, shall have right to such deposits in the first place: - The husband or wife living in the joint family, The son or daughter, or adopted son or adopted daughter or widow daughter-in-law, living in the joint family, The father, mother, grandson or granddaughter living in the joint family, The husband or wife, son, daughter, father or mother, son, daughter-in- law or married daughter living separately, The grandfather, grandmother, brother, nephew, niece, sister living in the joint family, the grandfather or grandmother living separately, The step mother living in the joint family, and grandson and unmarried granddaughter of the son living separately, The elder or younger brother living separately and nephew, niece, sister, nephew, niece The uncle, widowed aunt, sister-in-law (elder or younger brother's wife), or grand-daughter-in-law living in the joint family, Married sisters, grand-daughter-in-law living separately","If the depositor dies and he or she wishes for anyone, the wished person is dead and the wished person is also dead or no one wishes for him or her, the person alive as per the priority order of the following persons shall have to claim the first right over such deposit:- husband or wife of a person of origin, son or daughter of a person of origin, adopted son or daughter of a person of origin, adopted daughter of a person of origin or widow daughter-in-law, father, mother,"
"योग्य नहुने: प्रचलित कानूनमा जुनसुकै कुरा लेखिएको भए तापनि सम्पूर्ण नागरिकले आधारभूत शिक्षा अनिवार्य रूपमा प्राप्त गर्ने वातावरण सिर्जना गर्ने प्रयोजनका लागि सम्वत्‌ २०८५ साल बैशाख १ गतेपछि आधारभूत शिक्षा प्राप्त नगरेको व्यक्ति देहायको कुनै अवसर प्राप्त गर्न योग्य मानिने छैनः- (क). नेपाल सरकार, प्रदेश सरकार वा स्थानीय तहको कुनै पनि सरकारी सेवामा वा नेपाल सरकार, प्रदेश सरकार वा स्थानीय तहको पूर्ण वा आंशिक स्वामित्व, अनुदान वा नियन्त्रणमा रहेको कुनै संस्थाको सेवामा प्रवेश गर्न वा कुनै पनि सरकारी, गैरसरकारी वा निजी क्षेत्रमा स्थापित कुनै पनि संस्थामा कुनै पनि पदमा निर्वाचित, नियुक्ति वा मनोनयन हुन वा कुनै रोजगारी प्राप्त गर्न, कुनै पनि कम्पनी, फर्म, सहकारी संस्था वा गैरसरकारी संस्थाको संस्थापन गर्न वा त्यस्तो कम्पनी फर्म वा संस्थाको संस्थापक सेयरधनी, सञ्चालक वा सदस्य वा कुनै पदाधिकारी हुन","To be disqualified: Notwithstanding anything contained in the prevailing law, for the purpose of creating environment for compulsorily acquiring basic education by all the citizens, the person who has not acquired the basic education shall be deemed to be disqualified to obtain any of the following opportunities after 1 Baishakh 2085: To enter into the service of the Government of Nepal, Provincial Government, any governmental service of the Local Level or any institution that is under the full or partial ownership, grant or control of the Government of Nepal, Provincial Government or Local Level, or to be elected, appointed or nominated to any post of any institution established in the governmental, non-governmental or private sector, To incorporate any company, firm, cooperative organization or non-governmental organization or to become promotor shareholder, director or member or any office bearer of such a company, firm or organization","Not to be qualified: Notwithstanding anything contained in the prevailing law, a person who has not acquired basic education after the first day of April, 2085 shall not be deemed to be qualified to obtain any of the following opportunities for the purpose of creating an environment where all citizens are required to acquire basic education: To enter into any government service of the Government of Nepal, Provincial Government or Local Level or to enter into the service of any institution of which the Government of Nepal, Provincial Government or Local Level has full or partial ownership, grant or control or to enter into any position"
"""आर्थिक रूपले विपन्न"" भन्नाले जीवनयापन गर्ने कुनै आधार, आयश्रोत वा सम्पत्ति नभएको नेपाल सरकारले नेपाल राजपत्रमा सूचना प्रकाशन गरी तोकेको भन्दा न्यून आय भएका व्यक्ति सम्झनु पर्छ","""Helpless single women” means the women referred to in Section 7, who have no basis, income source or property for making the life, are incapacitated and helpless having income less than that specified by the Government of Nepal by publishing a notice in the Nepal Gazette","""Economically destitute"" means a person with income less than that prescribed by the Government of Nepal by publishing a notice in the Nepal Gazette, stating that he or she has no basis, income or property to make a living"
"उपदफा बमोजिमको कोषमा देहाय बमोजिमको रकम रहनेछन्‌:- नेपाल सरकारबाट प्राप्त रकम, प्रदेश सरकारबाट प्राप्त रकम, स्थानीय तहबाट प्राप्त रकम, गैरसरकारी तथा निजी सङ्घ संस्थाबाट प्राप्त रकम, विदेशी सङ्घ संस्थाबाट प्रापत रकम।","The following amount shall be credited to the fund referred to in sub-section : Amount received from the Government of Nepal, Amount received from the Provincial Government, Amount received from the Local Level, Amount received from any non-governmental and private organization and institution, Amount received from any foreign organization and institution.","The Fund referred to in sub-section shall consist of the following amounts:- Amount received from the Government of Nepal, Amount received from the Provincial Government, Amount received from the Local Level, Amount received from non-governmental and private organizations and institutions, Amount received from foreign organizations and institutions."
यस दफामा अन्यत्र जुनसुकै कुरा लेखिएको भए तापनि उपदफा बमोजिम नियुक्त वा मनोनीत सञ्चालकहरुलाई नेपाल सरकारले जुनसुकै बखत हेरफेर गर्न सक्नेछ ।,"Notwithstanding anything contained elsewhere in this Section, the Government of Nepal may, at any time, alter the directors elected or nominated pursuant to Sub-section (2).","Notwithstanding anything contained elsewhere in this Section, the Government of Nepal may change the directors appointed or nominated pursuant to sub-section at any time."
"सुधार अवधि घटाउन वा छूट दिन सक्नेः बाल अदालतको निर्णय बमोजिम बाल सुधार गृह, कुनै संस्था वा व्यक्तिको संरक्षण वा निगरानीमा बसेका बालबालिकाको व्यवहारमा सन्तोषजनक सुधार आएमा बाल कल्याण अधिकारीले त्यस्तो बालबालिकाको सुधार अवधि घटाउन वा छुट दिन बाल अदालत समक्ष सिफारिस गर्न सक्नेछ","Reform period may be reduced or remitted: If there is satisfactory improvement in the behaviour of a child kept in the child reform home or kept under the protection or supervision of any institution or person pursuant to the decision of the Juvenile Court, the child welfare authority may recommend the Juvenile Court to reduce or remit the period of reform of such a child","To reduce the period of reform or to grant exemption: If there is satisfactory reform in the behaviour of the children who are under the protection or observation of the child reform home, any institution or person pursuant to the decision of the Juvenile Court, the child welfare authority may make recommendation to the Juvenile Court to reduce the period of reform or to grant exemption to such a child"
सादृश्यताको तर्क ।,Argument from analogy.,Argument of analogy.
कार्यवाहीको सबै विवरण सधैको अभिलेख राख्न ।,To perpetual record of the matter.,To maintain a permanent record of all the details of the proceedings.
"सङ्ग, प्रदेश र स्थानीय कानुनको अध्ययन गर्ने : नेपाल सरकारले तोकेको निकायले सङ्घ, प्रदेश वा स्थानीय तहले बनाएको कानून तथा सोको कार्यान्वयनको अवस्था सम्बन्धमा अध्ययन गर्नेछु ।","To Conduct Study of Laws of Federal, Provincial and Local Level: The body designated by Government of Nepal shall conduct study the laws and status of their implementation at Federal, Provincial and Local Level.","To study Federation, Province and Local Law: A body designated by the Government of Nepal shall study the law enacted by the Federation, Province or Local Level and the status of its implementation."
"सञ्चालकको विवरण लिनु पर्ने : बैङ्क वा वित्तीय संस्थाले सञ्चालकको देहाय बमोजिमको विवरण लिनु पर्नेछ :- सञ्चालकको नाम, थर, ठेगाना, शैक्षिक योग्यता, पेशा र अनुभव, अन्य कुनै निकायको सञ्चालक, पदाधिकारी वा कर्मचारी भई काम गरेको भए सोको दर्जा र जिम्मेवारी उल्लेख गरिएको विवरण, सञ्चालकको परिवारको नाम, थर एवं सम्बद्ध व्यक्तिको विवरण तथा बैङ्क वा वित्तीय संस्था र अन्य निकायमा निज र निजको परिवारको वित्तीय स्वार, निज र निजको परिवारको नाममा रहेको उक्त संस्थाको शेयर स्वामित्व, सञ्चालक वा निजको परिवारले बैङ्क वा वित्तीय संस्था वा त्यसको मुख्य वा सहायक कम्पनीमा लिएको शेयर वा डिबेञ्चरको विवरण, परिवारको कुनै सदस्य बैङ्क वा वित्तीय संस्थामा पदाधिकारी वा कर्मचारीको हैसियतमा काम गरिरहेको भए सोको विवरण, बैङ्क वा वित्तीय संस्थासँग निज वा निजको परिवारको कुनै सदस्यले कुनै किसिमको करार गरेको वा गर्न लागेको भए सोको विवरण, कार्यकारी प्रमुख, कम्पनी सचिव तथा लेखापरीक्षकको नियुक्तिको सम्बन्धमा कुनै प्रकारको स्वार्थ वा सरोकार भए सोको विवरण, सञ्चालकको वित्तीय तथा व्यावसायिक पृष्ठभूमिको सम्बन्धमा जाँचबुझ गर्न वा गराउन वा त्यस्तो सूचना तथा जानकारी आदान प्रदान गर्न गराउन राष्ट्र बैङ्लाई दिएको लिखित अख्तियारी, यस ऐन बमोजिम सञ्चालक हुन योग्य रहेको स्वघोषणा, राष्ट्र बैङ्क तथा सञ्चालक समितिलाई जानकारी गराउनु पर्ने भनी राष्ट्र बैङ्क समय समयमा तोकिदिएको अन्य विवरण","Details of Directors to be Collected: A bank or financial institution shall collect the following details of a Director: - Name, surname, address, academic qualifications, occupation and experience of its Director, Details as to the designation and responsibility if he/she has worked earlier as a Director, official or employee of any other entity, Details as to name and surname of the family of the Director and the relevant person's details and financial interests of himself/herself or his/her family in a bank or financial institution or other entities, share ownership in his/her name and names of the family of the said institution, Details as to the shares and debentures subscribed by the Director or his/her family members in the bank or financial institution or its holding or subsidiary company, Details of the family members working as office bearer or employee in the bank or financial institution, if any, Details as to whether the concerned bank or financial institution has, or is going to have, any type of contract with himself/herself or his/her family member, Details as to whether there is any type of interests or concerns with regard to the appointment of the Chief Executive, Company Secretary and Auditor, Written authority given to the Rastra Bank to allow it to conduct an inquiry or to cause to be conducted the inquiry into the financial and professional background of the Director, Self-declaration that he/she is qualified to be a Director pursuant to this Act, Any other details as may be specified by Rastra Bank from time to time to be furnished before the Rastra Bank and the Board of Directors","Details of Director to be Obtained: A bank or financial institution shall have to obtain the following details of a Director:- Name, Surname, address, academic qualification, occupation and experience of a Director, If he or she works as a Director, office bearer or employee of any other agency, Details of the status and responsibilities of such a Director, Name, Surname of family of a Director and details of related persons and financial ownership of him or her and his or her family in the bank or financial institution and other agency, Share ownership of him or her and his or her family"
पर्यटकीय स्तरको होटलको व्यवस्थापकले उप नियम बमोजिम व्यवस्था गरी धुम्रपान तथा सूर्ति सेवनका लागि छुट्टै केठाको व्यवस्थ गर्न नसकेमा मानिसको आवत जावत कम हुने र धुम्रपान तथा सूर्ति सेवन नगर्ने व्यक्तिलाई प्रतिकूल असर नपर्ने गरी होटल बाहिरको कुनै एक ठाउँ धुम्रपान तथा सूर्ति सेवन गर्ने प्रयोजनका लागि तोक्न सक्नेछ,"""Public place"" means the places as prescribed in Section 3","If the manager of a tourist level hotel is unable to make arrangement for the consumption of tobacco and cigar in a separate room pursuant to sub-section (1), he or she may prescribe any place outside the hotel for the purpose of consumption of tobacco and cigar without causing any adverse effect to the person who does not smoke and consume cigar, so as to reduce the number of people’s appetite and cause adverse effect to the person who does not smoke and consume cigar"
"उपदफा को प्रयोजनको लागि आवश्यकता अनुसार सम्बन्धित उच्च अदालतका मुख्य न्यायाधीश, सम्बन्धित न्यायाधीश बहाल रहेको अदालतको अन्य न्यायाधीश, कर्मचारी, त्यस्तो अदालतमा कानून व्यवसाय गर्ने कानून व्यवसायी वा सेवाग्राहीसँग सम्बन्धित न्यायाधीशका सम्बन्धमा रहेको धारणा बुझ्न सक्नेछ","For the purpose of Sub-Section, the Committee may get opinion with regard to the concerned Judge from Chief Judge of concerned High Court, other Judges and employees of the Court where the concerned Judge is working, legal practitioner practicing in concerned court or service seeker of the Court","For the purpose of sub-section (1), the Chief Judge of the concerned High Court, other Judge of the court where the concerned Judge is residing, employee, legal practitioner or customer working in such a Court may, as per necessity, take into consideration the opinion of the concerned Judge regarding the concerned Judge"
स्थानीय प्रशासनलाई जानकारी गराउने : कसैले दुर्घटना वा अन्य कुनै कारणले कुनै व्यक्तिलाई उपचारको लागि कुनै स्वास्थ्य संस्थामा लगेमा त्यस्तो स्वास्थ्य संस्थाले त्यस्तो व्यक्तिलाई तत्काल आफुसँग उपलब्ध भएसम्मको उपचारको सेवा प्रदान गर्नु पर्नेछ र त्यस्तो व्यक्तिको पहिचान हुन नसकेमा सोको जानकारी तत्काल सम्बन्धित स्थानीय प्रशासनलाई दिनु पर्नेछ।,"To provide information to local administration: In case anybody takes a person to any health institution for the treatment due to accident or any other reason, such a health institution shall provide such a person with treatment service as immediately available with it, and if such person is not identified, it shall provide such information to the concerned local administration.","To provide information to Local Authority: If any person is taken to any health institution for treatment by accident or any other reason, such a health institution shall immediately provide such a person with treatment service up to and including that available to it, and if such a person cannot be identified, information thereof shall immediately be given to the concerned Local Authority."
"प्याकेट तथा -्यापर्समा उल्लेख गर्नु पर्ने क्राः उत्पादकले सूर्तिजन्य पदार्थको प्याकेट तथा न्यापर्समा ऐनको दफा ७ को उपदफा को खण्ड र मा उल्लेखित कुराहरुको अतिरिक्त सूर्तिजन्य पदार्थमा समावेश गरिएका नाईट्रोसोमाईन, बेन्जोपाईरिन, टार, कार्वनमोनोअक्साईड लगायतका रासायनिक तत्वहरु र सोको मात्रा समेत उल्लेख गर्नु पर्नेछ","""Prescribed"" or “as prescribed"" means prescribed or as prescribed in the Rules framed under this Act","In addition to the matters referred to in clauses and of sub-section of Section 7 of the Act, the producer shall specify the chemical elements including nitrosomine, benzopyrin, tar, carbon monoxide contained in the pollutants and the quantity thereof"
अनौपचारिक तथा खुला शिक्षा प्रदान गर्नेः विद्यालयमा भर्ना भई नियमित रूपमा अध्ययन गर्न नसक्ने बालबालिकालाई माध्यमिक तहको शिक्षा अनौपचारिक वा खुला विद्यालयबाट प्रदान गर्न सकिनेछ,To provide non-formal and open education: The children who cannot regularly study upon getting admission to a school may be provided with education of the secondary level from any non-formal or open school,To provide non-formal and open education: The education of the secondary level may be provided by an non-formal or open school to the children who are not able to study regularly upon getting admission to the school
तर बाल न्याय सम्पादन गर्ने कार्यविधि सम्बन्धी नियम सर्वोच्च अदालतले बनाउनेछ,Provided that the Supreme Court may frame the rules relating to procedures on the dispensation of juvenile justice,Provided that the Supreme Court shall make rules relating to the procedures for the performance of juvenile justice
दलित समुदायको हक हितको संरक्षण र सम्वर्धन तथा सो समुदायको सशक्तीकरणका सम्बन्धमा नेपाल सरकारलाई सिफारिस गर्ने।,to make recommendations to the Government of Nepal for the protection and promotion of the rights and interests of the Dalit Community and the empowerment of such community.,To make recommendations to the Government of Nepal regarding the protection and promotion of the rights and interests of the Dalit Community and the empowerment of that community.
उपदफा बमोजिम स्थानान्तरण हुने बालबालिकालाई त्यस्तो विद्यालयमा पुनः भर्ना गराउनु पर्ने छैन,The children transferred pursuant to sub-section shall not be readmitted to such a school,The children transferred pursuant to sub-section shall not be re-admitted to such a school
कसैले पनि अरुको हानी गरेर लाभ लिनु हुँदैन ।,It is just that no one should be enriched at the expense of another.,No one shall profit by causing harm to another.
परिच्छेद-३ उजुरी कारबाही सम्बन्धी कार्यविधि उजुरी दिन सक्ने : कुनै व्यक्ति वा संस्थाले गरेको जातीय भेदभाव तथा छुवाछूत वा सामाजिक कुरीतिबाट पीडित भएको वा दलितको हक प्रयोगबाट वञ्चित गरेको विषयमा पीडित व्यक्ति वा निजको तर्फबाट जोसुकैले आयोग समक्ष लिखित वा मौखिक उजुरी दिन सक्नेछ ।,Chapter-3 Procedure related to complaint action Complaint may be filed: A written or oral complaint may be filed to the Commission by the victim or anyone on behalf of the victim in case of caste based discrimination and untouchability committed by any person or organization or victimization through social malpractices or restriction in use of Dalit rights.,"Chapter-3 Procedures Relating to Actions for Complaints Complaints may be made: A written or oral complaint may be made to the Commission by the victim, or anyone else on his or her behalf, against the Commission for the matter that any person or institution has been a victim of ethnic discrimination and untouchability or social malpractice or has been deprived of the rights of the Dalit."
"मानव स्वास्थ्यलाई हानि हुने गरी सडेको, गलेको, फोहोरमैला, बिषादी मिश्रण गरी तयार गरिएको वा स्वास्थ्यलाई हानि हुने कुनै रसायन, रङ वा सुगन्ध प्रयोग गरिएको","Goods which are stale, rotten or stored or prepared in dirty or toxic conditions or in which any chemical, colour or flavour has been used, so that they become harmful to human health","Prepared by mixture of soaked, boiled, garbage, tobacco to harm human health or any chemical, color or fragrance used to harm human health"
"मानसिक वा मनोसामाजिक अपाङ्गता : मस्तिष्क र मानसिक अङ्गमा आएको समस्या तथा सचेतना, अभिमुखीकरण, स्फूर्ति, स्मरणशक्ति, भाषा, गणनाजस्ता बौद्धिक कार्य सम्पादनका सन्दर्भमा आउने समस्याको कारणले उमेर र परिस्थिति अनुसार व्यवहार गर्न समस्या हुने अवस्थाको व्यक्ति ।",Disability associated with haemophilia: A person who has such physical condition that there arises problem in the clotting of blood due to deflection in factors in blood because of genetic effect.,"Mental or psychosocial disability: A person who is in such a condition that he or she is in such a condition as to behave according to age and circumstance due to the problem arising in his or her mind and mental organs and the problem arising in the context of intellectual performance such as consciousness, orientation, memory, language, calculation."
आयोगको काम कारबाहीमा बाधा नपर्ने: अध्यक्ष वा कुनै सदस्यको स्थान रिक्त रहेको कारणले मात्र आयोगको काम कारबाहीमा बाधा पर्ने छैन,"Work, performance of the Commission not to be interrupted: The vacancy of post of the Chairperson or any member shall not interrupt the works of the Commission","Work, performance of the Commission not to be interrupted: The vacancy of post of the Chairperson or any Member shall not interrupt the work, performance of the Commission"
महालेखापरीक्षकले निर्देशन दिन सक्नेः महालेखापरीक्षकले संविधान र यस ऐनको अधीनमा रही लेखा सम्बन्धी व्यवस्था मिलाउन वा नियमितता ल्याउनको लागि सम्बन्धित निकायलाई समय समयमा निर्देशन दिन सक्नेछ,"To take action on irregularities: The concerned body shall take action, in accordance with the law, on the errors and irregularities found in the performance of audit of income- expenditure and other amounts, moneys of the Government of Nepal, Provincial Government or Local Level, as the case may be","Power of the Auditor General to give direction: The Auditor General may, from time to time, give direction to the concerned body to make arrangements relating to accounts or to bring about regularity, in accordance with the Constitution and this Act"
"उपदफा बमोजिमको मापदण्ड पालना गर्नु प्रदेश, स्थानीय तह तथा सम्बन्धित सबैको कर्तव्य हुनेछ ।","It shall be the duty of the Province, Local Level and all the concerned to comply with the standards referred to in sub-section","It shall be the duty of the Province, Local Level and all concerned to abide by the standards referred to in sub-section (1)."
अन्याय गर्नु भन्दा अन्याय सहनु राम्रो हुन्छ ।,It is better to suffer an injustice than to do injustice,It is better to bear injustice than to do injustice.
नेपाल सरकारको राजपत्रांकित प्रथम श्रेणी वा संगठित संस्थाको दशौं तह वा सो सरहको तह भन्दा तल्लो तहका पदमा कार्यरत कर्मचारी।,Employee serving in a post below the Gazetted First Class of the Government of Nepal or the Tenth level of a body corporate or a level equivalent thereto.,An employee of the Government of Nepal serving in a first class gazetted office or a tenth class corporate body or a post below the tenth class corporate body.
"सक्कार नगरेको, सक्कार नगरेकन मृत्यु भएको कारणले ।","Whom failing, failing in the sense of having succeeded in died and differing in that respect.","For the reason of not confessing, not confessing."
"उपदफा र बमोजिम श्रमिक माग गर्दा तोकिए बमोजिमको ढाँचामा श्रमिकको सङ्ख्या, श्रमिकको योग्यता, क्षमता, सीप र कामको प्रकृति खुलाई रोजगार सेवा केन्द्रमा लेखी पठाउनु पर्नेछु।","While making a demand for laborers pursuant to sub-sections and (2), the employer shall write to the Employment Service Center, setting out the number of laborers, their qualification, capacity, skills and the nature of work, in such a format as prescribed.","While making a demand for laborers pursuant to sub-sections and , the number of the laborers, their qualification, capacity, skill and nature of the work shall be specified and written to the Employment Service Center."
खण्ड बमोजिम पेश भएको लिखित सफाइ चित्त बुझ्दो नदेखिएमा त्यस्तो बैङ्क वा वित्तीय संस्था वा व्यक्तिलाई राष्ट्र बैङ्कलोे दफा ९९ बमोजिमको कारबाही वा दफा १०० बमोजिमको जरिबाना गर्नेछ,"If the written clarification submitted pursuant to Clause is not found to be satisfactory, the Rastra Bank may take action as referred to in Section 99 or impose a fine pursuant to as set forth in Section 100","If the written clarification submitted pursuant to Clause is not found to be satisfactory, the Rastra Bank shall take the actions as referred to in Section 99 or impose a fine as referred to in Section 100 on such a bank or financial institution or person"
नेपाल सरकारले अपाङ्गता भएका विद्यार्थीलाई अध्यापन गराउने शिक्षक तथा अपाङ्गता भएका शिक्षकका लागि विशेष तालिमको व्यवस्था गर्नेछ ।,The Government of Nepal shall make provisions for special trainings for the teachers with disabilities and teachers who teach the students with disabilities.,The Government of Nepal shall make provisions for the teachers who provide teaching to the students with disabilities and for the teachers with disabilities for special training.
उपदफा बमोजिम इजाजतपत्र प्राप्त संस्थाले इजाजतपत्रको अधीनमा रही रक्त सञ्चार सेवा प्रदान गर्नको लागि विभिन्न स्थानमा एकाइहरू खडा गरी रक्त सञ्चार सेवा तथा सोसँग सम्बन्धित अन्य सेवा प्रदान गर्नु पर्नेछ।,"By setting up units at different places for providing blood transmission service, the institution obtaining the license pursuant to sub-section shall provide blood transmission service and other related services subject to the license.","An institution obtaining a license pursuant to sub-section shall, subject to the license, provide blood transmission service and other related service by establishing units at various places."
"त्यसरी विशेष संरक्षण गर्न आवश्यक नदेखिएमा र निजको बाबु, आमा, परिवारको अन्य सदस्य वा संरक्षक फेला परेमा बालकल्याण अधिकारीले त्यस्तो बालबालिकालाई निजको जिम्मा लगाउनु पर्नेछ","If it is deemed that special protection is not necessary and the child’s father, mother, other family member or guardian has been traced, the child welfare authority may hand over the custody of such children to them","If special protection is not so necessary and his or her father, mother, other family member or guardian is found, the child welfare authority shall have to hand over the child to him or her"
"सञ्चालकको नियुक्ति यस ऐन तथा नियमावलीको अधीनमा रही बैङ्क वा वित्तीय संस्थाको साधारण सभाले गर्नेछ तर,- बैङ्क वा वित्तीय संस्थाको प्रथम वार्षिक साधारण सभा नभएसम्मको अवधिको लागि सञ्चालकको नियुक्ति संस्थापकद्वारा गरिनेछ","Subject to this Act and the Articles of Association, the General Meeting of a bank or financial institution shall appoint the Directors: Provided that,- Until the First Annual General Meeting of the bank or financial institution is held, promoters shall appoint the Directors","The General Meeting of a bank or financial institution shall appoint a Directors Subject to this Act and Articles of Association Provided that, the promoter shall appoint a Director for the period until the first Annual General Meeting of the bank or financial institution is held"
यस दफा अन्तर्गत हुने जाँचबुझ समितिको काम कारवाही गोप्य हुनेछ,Act and proceedings of the Inquiry Committee to be conducted in accordance with this Section shall be confidential,"The functions and activities of the Enquiry Committee, to be held under this Section, shall be confidential"
"बालबालिका सम्बन्धी ऐन, २०४८. बमोजिम भए गरेका काम कारबाही यसै ऐन बमोजिम भए गरेको मानिनेछ","The Act Relating to Children, 2048 (1992) is hereby repealed","The acts and actions performed pursuant to the Children’s Act, 2048 shall be deemed to have been performed pursuant to this Act"
कूल सञ्चालक संख्याको कम्तीमा एकाउन्न प्रतिशत सञ्चालक उपस्थित नभई सञ्चालक समितिको बैठक बस्ने छैन,No meeting of the Board of Directors shall be held unless it is attended by at least fifty-one percent of the total number of Directors,A meeting of the Board of Directors shall not be held without the presence of at least one tenth percent of the total number of Directors
कुनै न्यायिक कारबाहीसँग सम्बन्धित कुनै व्यक्ति रहेको विदेशी राज्यको स्थान पत्ता लगाउनु पर्ने वा व्यक्ति सनाखत गर्नु पर्ने भएमा अदालतले सो प्रयोजनको लागि आदेश गर्न सक्नेछ,"If it is necessary to locate or identify any person, who is related to any judicial proceedings and is in the territory of a foreign state, the Court may make an order for that purpose","If it is necessary to locate the foreign state where any person related to any judicial proceedings is staying or identify the person, the Court may make an order for that purpose"
"प्रस्तावना: न्यायिक कारबाहीका विषयमा नेपाल र विदेशी राज्यबीच पारस्परिक कानूनी सहायता आदान प्रदान गर्ने सम्बन्धमा कानूनी व्यवस्था गर्न वाञ्छनीय भएकोले, नेपालको अन्तरिम संविधान, २०६३ को धारा ८३ बंमोजिम व्यवस्थापिका-संसद्को हैसियतमा संविधान सभाले यो ऐन बनाएको छ","Preamble: Whereas, it is expedient to make provision on the execution of mutual legal assistance between Nepal and foreign states in matters of judicial proceedings; Now, therefore, the Constituent Assembly has, in capacity of the Legislature Parliament under Article 83 of the Interim Constitution of Nepal, 2063 made this Act","Preamble: Whereas, it is expedient to make legal arrangement with regard to mutual legal assistance between Nepal and a foreign state on the matters of judicial proceedings, Now, therefore, be it enacted by the Constituent Assembly in the capacity of the Federal Constitution of Nepal, Article 83 of 2063"
उपदफा बमोजिम मन्त्रालयले स्वीकृति दिनुअघि आर्थिक दायित्व पर्ने विषयमा अर्थ मन्त्रालयको सहमति लिनु पर्नेछ,"Prior to granting the approval of the Ministry pursuant to sub- section (2), the consent of the Ministry of Finance in matters of financial liability shall be required to obtain",The approval of the Ministry of Finance shall be obtained before granting approval by the Ministry pursuant to sub-section on matters of financial liability
पुन: प्राप्त गर्ने मनसायले ।,The intention of recovering.,The intention of restoring.
सज्जन व्यक्तिले गरेको निर्णय ।,The award of decision of a good man.,An award made by a nobleman.
उपदफा बमोजिम मनोनीत कनै सदस्यले आफ्नो पदीय जिम्मेवारी पूरा नगरेमा मन्त्रालयले त्यस्ता सदस्यलाई जुनसुकै बखत सदस्यको पदबाट हटाउन सक्नेछ ।,"If any Member nominated pursuant to sub-section fails to perform the duties of his or her office, the Ministry may, at any time, remove such a Member from office.","If any member nominated pursuant to sub-section does not fulfil his or her responsibilities in the post, the Ministry may remove such a member from the post of member at any time."
"सफाईको मौका दिने: दफा १७, १८ वा १९ बमोजिम प्राप्त प्रतिवेदन अध्ययन गर्दा आरोपित उच्च अदालत वा जिल्ला अदालतको न्यायाधीशलाई संविधान, यस ऐन वा अन्य प्रचलित कानून बमोजिम कारवाही गर्नु पर्ने देखिएमा न्याय परिषदले कारण र आधार खुलाई मनासिव अवधि तोकी सफाई पेश गर्ने मौका दिनु पर्नेछ","To Provide Opportunity to Defend: In case it is observed from the report of inquiry received in accordance with Section 17, 18 and 19 that the Judge of High Court or District Court, who has been charged is to be punished under the Constitution, this Act or other prevailing laws, the Judicial Council shall, within a reasonable time, give the notice of the same enclosing the causes and reasons to present his\her clarification","To provide opportunity for clarification: If, upon studying the report received pursuant to Section 17, 18 or 19, it appears that the Judge of High Court or District Court is required to take action pursuant to the Constitution, this Act or other prevailing laws, the Judicial Council shall give an opportunity to submit clarification by specifying the reasonable period by stating the reasons and grounds"
परिच्छेद-४ आयोगको कार्य सञ्चालन १६ आयोगको कार्यालय: आयोगको कार्य सञ्चालनको लागि काठमाडौं उपत्यकामा आयोगको एक केन्द्रीय कार्यालय रहनेछ ।,Chapter- 4 Operation of the Commission Office of the Commission: A central office of the Commission shall be established in the Kathmandu Valley for the operation of work of the Commission.,Chapter-4 Operation of the Commission 16 Office of the Commission: A central office of the Commission shall be established in the Kathmandu Valley for the operation of work of the Commission.
आयोगको बैठकः संविधान वा यस ऐन बमोजिम आयोगले गर्नुपर्ने काम आयोगको बैठकको निर्णय बमोजिम हुनेछ,Meeting of the Commission: The meeting of the Commission shall decide the activities of the Commission to be performed in accordance with the Constitution and this Act,Meeting of the Commission: The meeting of the Commission shall decide the functions to be performed by the Commission in accordance with the Constitution or this Act
उपदफा बमोजिम दिइने क्षतिपूर्ति सम्बन्धी अन्य व्यवस्था तोकिए बमोजिम हुनेछ ।,Other provisions for the compensation to be provided pursuant to sub- section shall be as prescribed.,Other provisions relating to the compensation to be provided pursuant to sub-section shall be as prescribed.
कानूनको व्याख्यात्मक कार्य कानूनको मुल अंश हो ।,Application is the life of a rule.,An explanatory act of law is the essential part of law.
उजुरीको छानबिन सम्बन्धी अन्य व्यवस्था तोकिए बमोजिम हुनेछ ।,"Other provisions regarding the investigation of the complaints, shall be as prescribed.",Other provisions relating to the investigation of the complaint shall be as prescribed.
कसैको घरबनाउँदा परेकोबाट सामाग्रीको बक्यौता उठाउन गरिने दावी । व्याख्याः निर्माणकर्ताले भवन निर्माण गरी बक्यौता नतिरेको अवस्थामा घरधनीले निर्माण सामाग्रीको रकम लिन दायर गर्ने दावी ।,An action by the owner of material incorporated without payment into the defendant’s building.,An action by which the owner of a house is liable for the damages incurred.
उपदफा बमोजिम नियुक्त वा तोकेको निरीक्षण अधिकृतको योग्यता तोकिए बमोजिम हुनेछ,The qualification of the Inspection Officer appointed or designated pursuant to sub-section shall be as prescribed,The qualifications of the Inspection Officer appointed or designated pursuant to sub-section shall be as prescribed
सूल्याङ्कन गर्न सक्नेः परिषद्ले दफा २२ बमोजिम मान्यता प्रदान गरिएको शैक्षिक योग्यताको प्रमाणपत्र वा अन्य उपाधि प्रदान गर्ने शिक्षण संस्थाले त्यस्तो प्रमाणपत्र वा अन्य उपाधिको लागि निर्धारण गरेको पाठ्यक्रम तथा भर्नाको लागि निर्धारण गरेका शर्तहरुको मूल्याङ्कन गर्न सक्नेछ,Assessment to be made: The Council may make assessment of the curricula and requirements determined for the admission of such educational institutions which is recognized pursuant to section 22,To make evaluation: The Council may make an evaluation of the curricula and conditions of admission of the educational qualification certificates or other degrees awarded by the educational institutions accredited by the Council pursuant to Section 22
यो ऐन वा यस ऐन बमोजिम बनेको नियमावलीको अधीनमा रही सर्वोच्च अदालतले बाल न्याय कार्यविधि वा निर्देशिका बनाउन सक्नेछ,The Supreme Court may frame juvenile justice procedures or guidelines subject to this Act or the Rules framed under this Act,"The Supreme Court may, subject to this Act or the Rules framed under this Act, formulate child justice procedures or directives"
कसैले पनि बालबालिका विरुद्धको कसूरबाट पीडित बालबालिकाको पहिचान खुल्ने गरी कुनै पनि सञ्चार माध्यममा सूचना वा समाचार सम्प्रेषण गर्नु हुँदैन,No person shall broadcast information or news through any communication media by disclosing the identity of a child victim of an offence against children,No one shall transmit information or news through any means of communication by revealing the identity of the child victim from the offence against children
अपाङ्गता भएका व्यक्तिलाई सेवा उपलब्ध गराउने मनोरञ्जन केन्द्र तथा संघसंस्थालाई सहयोग गर्ने।,To support the entertainment centres and organisations that provide services to the persons with disabilities.,To support the entertainment centers and organizations and institutions that provide services to the persons with disabilities.
मौन स्वीकृति जनाउँदाको विषय छलवल नपार्ने । (समधान भइसकेको विषय नखल्बलाउने ।),"Not to disturb that, which is quiescent. (Don't move settled things.)",That which is accompanied by silence is not deceived.
आयोगको वार्षिक योजना र कार्यक्रम स्वीकृत गर्ने,to approve the annual plans and program of the Commission,to approve the annual plans and programs of the Commission
हरेक कुरामा तर्क (औचित्य) खोज्नेहरूले तर्क (औचित्य) लाई लयालिंग बनाउँछन् । (तहसनहस),They who seek a reason for everything subvert reason.,Those who seek reason in every thing make reason lying.
साधारण जगेडा कोष : बैङ्क वा वित्तीय संस्थाले एक साधारण जगेडा कोष कायम राख्नु पर्नेछ,General Reserve Fund: A bank or financial institution shall maintain a general reserve fund,General reserve fund: A bank or financial institution shall have to maintain one general reserve fund
आयोगको बैठक : संविधान वा यस ऐन बमोजिम गर्नु पर्ने काम आयोगको बैठकको निर्णय बमोजिम हुनेछ,Meeting of the Commission: The meeting of the Commission shall decide the activities to be performed in accordance with the Constitution and this Act,Meeting of the Commission: The meeting of the Commission shall decide the functions to be performed in accordance with the Constitution or this Act
"देहायका शर्त र अवस्था पूरा गरिसकेका विदेशी नागरिकमध्ये विज्ञान, दर्शनशास्त्र, कला, साहित्य, विश्वशान्ति, मानव कल्याण वा नेपालको औद्योगिक, आर्थिक वा सामाजिक उन्नतिमा विशेष योगदान पुच्याएको वा पुस्याउन सक्ने भनी मनासिब आधारमा नेपाल सरकारले ठहस्याएको व्यक्तिलाई तोकिए बमोजिम अङ्गीकृत नेपाली नागरिकता प्रदान गर्न सकिनेछ :- नेपाली वा नेपालमा प्रचलित अन्य कुनै भाषा बोल्न र लेख्न जानेको","The Government of Nepal may grant naturalized citizenship as prescribed to those foreign citizens, who have contributed specially for the upliftment of science, philosophy, art, literature, world peace, human welfare or Nepalese industry, finance or social development and have fulfilled the following conditions or status: who is able to read and write Nepali or any other language in practice in Nepal","One of the foreign citizens who has fulfilled the following conditions and conditions may be granted naturalized Nepali citizenship as prescribed to the person who has been designated by the Government of Nepal on reasonable grounds that he or she has made special contribution to science, philosophy, art, literature, world peace, human welfare or industrial, economic or social development of Nepal:- One who is going to speak and write in Nepali or any other language prevailing in Nepal"
उपदफा बमोजिमको अभिलेखमा खाद्य असुरक्षाको जोखिममा नरहेका घर परिवारको विवरण समेत समावेश भएको पाइएमा वा अभिलेखमा परेको घर परिवार कुनै कारणबाट लक्षित घर परिवारमा नपर्ने भएमा जुनसुकै अवस्थामा स्थानीय तहले त्यस्तो परिवारको विवरण अभिलेखबाट हटाउन सक्नेछ ।,"If the details of the households which are not prone to food insecurity are found to have been included in the records referred to in sub-section (1), or if the households included in the records do not fall under the targeted households for any reason whatsoever, the Local Level may remove the details of such family from the records in any circumstance.","If the records referred to in sub-section are found to include the details of the households not under risk of food insecurity, or if the households mentioned in the records do not appear in the targeted households due to any reason, the Local Level may remove the details of such households from the records in any condition."
बाल अदालतले मुद्दाको सुनुवाइ गर्दा बालबालिकालाई सहभागी बनाउनु पर्नेछ र निजलाई आफ्नो भनाई स्वतन्त्र रूपमा व्यक्त गर्ने अवसर प्रदान गर्नु पर्नेछ,The Juvenile Court shall make the child participate while trying the case and shall provide an opportunity to freely put his or her views,The Juvenile Court shall have to involve the child in the hearing of the case and provide him or her with an opportunity to freely express his or her opinion
व्यक्तिको सम्पत्ति सम्बन्धी विवरण राख्ने वा त्यसको जानकारी हुन सक्ने सार्वजनिक निकाय वा सङ्गठित संस्था वा त्यस्तो संस्थामा काम गर्ने कुनै कर्मचारीले कुनै पनि व्यक्तिको सम्पत्तिको विवरण सम्बन्धित व्यक्तिको मञ्जुरीविना कुनै पनि तरिकाले अरु कसैलाई जानकारी दिन वा सार्वजनिक गर्न वा गराउन हुँदैन,"The public body or body corporate or any employee working in such a body that keeps the details relating to the property of a person or that can have information thereof shall not inform anyone else, or publish or cause the details of property of any person published in any way, without the consent of the concerned person","No public body or corporate body or any employee working in such a body shall, without obtaining the consent of the concerned person, in any manner, give information to anyone else or publish or cause to be published the details of the property of any person related to the property of that person"
"अधिकार प्रत्यायौजन : आयोगले संविधान तथा यस ऐन बमोजिम आफूलाई प्राप्त अधिकारमध्ये आवश्यकता अनुसार कुनै अधिकार तोकिएको शर्तको अधीनमा रही प्रयोग र पालन गर्ने गरी अध्यक्ष, सदस्य, नेपाल सरकार, प्रदेश सरकार, कुनै निकाय वा स्थानीय सरकारको कुनै अधिकृत कर्मचारीलाई प्रत्यायोजन गर्न सक्नेछ","Delegation of Power: The Commission may delegate some authority accorded to it by the Constitution and this Act, as per necessity, with set conditions for its use and adherence, to the Chairperson, Member, Government of Nepal, State Government, official employee of any agency or Local Government","Delegation of Power: The Commission may delegate some of the powers conferred to it by the Constitution and this Act, as per necessity, with prescribed conditions for their use and adherence, to the Chairperson, Member, Government of Nepal, Provincial Government, official employee of any agency or Local Government"
समिति वा कार्यदल गठन गर्न सक्ने: आयोगसँग सम्बन्धित कुनै विशेष प्रकृतिको कार्य सम्पादन गर्ने प्रयोजनको लागि आयोगले कार्यावधि तोकी कुनै समिति वा कार्यदल गठन गर्न सक्नेछ,"May form committee or working group: The Commission may form a committee or working group with the purpose of performing specific tasks relating to the Commission, by formulating a procedure","May form committee or working group: The Commission may form a committee or working group to perform specific tasks related to the Commission, by formulating a procedure"
"""लेखापरीक्षण समिति” भन्नाले दफा ६० बमोजिमको लेखापरीक्षण समिति सम्झनु पर्छ",“Audit Committee” means the Audit Committee as referred to in section 60,"""Audit Committee"" means the Audit Committee as referred to in Section 60"
"असल नियतले गरेको कामको बचाउ: आयोगका पदाधिकारी, कर्मचारी वा आयोगले खटाएको कुनै पनि व्यक्तिले यस ऐन वा यस ऐन अन्तर्गत बनेका नियमहरू बमोजिम असल नियतले गरेको कुनै काम कारबाहीका सम्बन्धमा निजहरू उपर कुनै कानूनी कारबाही चलाइने छैन","Protection of the action taken in Good Faith: No legal proceedings shall be initiated against the Members of the Commission, employees or any person deputed by the Commission for any action performed under this Act or rules framed under this Act, in good faith","Protection of the action taken in Good Faith: No legal proceedings shall be initiated against the Members of the Commission, employees or any person deputed by the Commission for any action performed under this Act or Rules framed under this Act, in good faith"
उपदफा को खण्ड मा जुनसुकै कुरा लेखिएको भए तापनि प्रदेश वा स्थानीय तहबाट सञ्चालन वा प्रशासन हुने कुनै विषयमा कानून बमोजिम प्रशासनिक दण्ड जरिवानाको व्यवस्था गर्न सकिनेछ ।,Matters concerning residuary powers.,"Notwithstanding anything contained in clause of sub-section , provisions may be made for administrative punishment and fine in any matter operated or administered by the Province or Local Level, as per the law."
कानूनमा ऐन (विधायन) हरूको खण्डीकरण तथा विभाजन ग्राहय हुँदैन ।,The law suffers no fractions and divisions of statutes.,"In law, partition and division of laws is not permissible."
"विद्युतीय वा अन्य माध्यम प्रयोग गरी सताउने, कष्ट दिने","To keep him or her in illegal confinement, detention, prison or house arrest, handcuff him or her","To annoy, annoy by using electronic or other means"
यस ऐन बमोजिम राष्ट्र बैङ्कले गर्ने कारबाही वा जरिबाना गर्दा अवलम्बन गर्नुपर्ने अन्य कार्यविधि राष्ट्र बैङ्कले तोके बमोजिम हुनेछ,The other procedures to be complied with while taking actions or imposing fines by the Rastra Bank shall be as specified by the Rastra Bank,Other procedures to be followed while taking actions or imposing fines by the Rastra Bank pursuant to this Act shall be as prescribed by the Rastra Bank
दावीदारले प्रतिवादी रहेको इलाकामा रहेको अदालतमा उजुरी दिनु पर्छ ।,A claimant must follow the court to the jurisdiction of which the defender is subject at the time.,The plaintiff has to file an action in the court where the defendant is situated.
"सटही समीकरण कोष : विदेशी विनिमय कारोबार गर्ने बैङ्क वा वित्तीय संस्थाले प्रत्येक आर्थिक वर्षमा भारतीय रुपैयाँ बाहेक अन्य विदेशी मुद्राको विनिमय दरमा परिवर्तत भएको कारणबाट आर्जन गरेको पुनर्मूल्याङ्गन मुनाफालाई सोही आर्थिक वर्षको अन्त्यमा नाफा-नोक्सान हिसाबमा आवश्यक हिसाब मिलान गर्नु पर्नेछ, त्यसरी नाफा-नोक्सान हिसाबमा हिसाब मिलान गर्दा कुनै आर्थिक वर्षमा पुनर्मूल्याङ्गग आम्दानी भएमा त्यस्तो मुनाफाको कम्तीमा पच्चीस प्रतिशत रकम सटही समीकरण कोषमा जम्मा गर्नु पर्नेछ, तर भारतीय रुपैयाँको विनिमय दरमा परिवर्तन भएको कारणबाट हुने पुनर्मूल्याङ्गन नाफा-नोक्सानीको हकमा राष्ट्र बैङ्कले तोके बमोजिम हुनेछ","Exchange Equalization Fund: A bank or financial institution carrying out foreign exchange business shall make necessary accounts adjustments in the profit and loss account of the revaluation profits earned as a result of fluctuations in the exchange rates of foreign currencies, other than the Indian currency, every year at the end of the same fiscal year, While making such accounts adjustment in the profit and loss account, if revaluation earning has been made in any fiscal year, at least twenty-five per cent of such profits shall be credited to the exchange equalization fund: Provided that in the case of a revaluation profit-loss resulting from fluctuation in the exchange rate of the Indian currency, it shall be as prescribed by the Rastra Bank","Saving Equalization Fund: A bank or financial institution carrying out foreign exchange transactions shall have to match the revaluation profits earned by the bank or financial institution from the change in the exchange rate of the foreign currencies other than the Indian rupee in every fiscal year in the profit and loss account at the end of the same fiscal year, while making such a match in the profit and loss account, if the revaluation profits are earned in any fiscal year, at least twenty-five percent of such profits shall be deposited in the Saving Equalization Fund"
कर्मचारीको कोष कट्टी र त्यसमा थप हुने रकम निजको तलब दिने कार्यालयको नियम अनुसार हुनेछ ।,The amount of Fund deduction of an employee and amount to be added thereto shall be as per the rules of the office paying salary to him or her.,The employee's Fund deduction and the amount to be added thereto shall be in accordance with the rules of the office that pays his or her salary.
बाह्य प्रतिले भित्री गोप्य सोच प्रकट गर्दछ ।,External acts reveal the internal secret purpose.,The outer reflection reveals the inner secret.
बैङ्क वा वित्तीय संस्थाको सञ्चालकको हैसियतले काम गर्ने सञ्चालक आफ्नो अधिकारक्षेत्र नाघी गरेको कूनै पनि काम कारबाही प्रति स्वयं उत्तरदायी हुनेछ,A Director shall be personally liable for any act carried out exceeding his/her authority as of a Director of a bank or financial institution,Any Director of a bank or financial institution acting in the capacity of a Director of the bank or financial institution shall be liable for the acts and actions carried out within his or her jurisdiction
अपराधिक तत्व कम भएको कार्य पनि बढी कुख्यात हुन सक्छन् ।,"Things which are less culpable, may be more infamous.",Things which are less criminally liable may also be more liable.
परिच्छेद-३ रोजगार सेवा केन्द्र रोजगार सेवा केन्द्र: नेपाल सरकारले नेपाल राजपत्रमा सूचना प्रकाशन गरी स्थानीय तह मातहत रही कार्य गर्ने गरी प्रत्येक स्थानीय तहमा एक रोजगार सेवा केन्द्र स्थापना गर्नेछ।,"Chapter-3 Employment Service Center Employment Service Center: The Government of Nepal shall, by a notification in the Nepal Gazette, establish an Employment Service Center in each Local Level, which shall act under the Local Level.","Chapter-3 Employment Service Center Employment Service Center: The Government of Nepal shall establish an Employment Service Center at each Local Level in order to function as the Local Level Sub-ordinate, by a notification in the Nepal Gazette."
"खाद्य सङ्घगटग्रस्त क्षेत्र घोषणा गर्न सक्ने: नेपाल सरकारले भूकम्प, अतिवृष्टि, अनावृष्टि, बाढी, पहिरो, आगलागी, महामारी, भोकमरी जस्ता कारणले कुनै क्षेत्रमा खाद्य सङ्कट उत्पन्न भएमा त्यस्तो क्षेत्रलाई निश्चित अवधिका लागि खाद्य सङ्गटग्रस्त क्षेत्र घोषणा गर्न सक्नेछ ।","Food crisis zone may be declared: If there arises a food crisis in any zone due to reasons such as earthquake, excessive rainfall, low rainfall, flood, landslide, inferno, epidemic, famine, the Government of Nepal may declare such a zone as a food crisis zone for a certain period.","Food Crisis Zone to be declared: The Government of Nepal may declare a food crisis zone for a certain period if food crisis arises in any area due to such factors as earthquake, excessive rainfall, lack of rainfall, flood, landslide, fire, pandemic, famine."
"परिच्छेद-२ सेवाग्राहीको अधिकार, कर्तव्य तथा स्वास्थ्य संस्थाको दायित्व स्वास्थ्य सेवाको पहुँच तथा सुनिश्चितता : प्रत्येक नागरिकलाई गुणस्तरीय स्वास्थ्य सेवा सहज र सर्वसुलभ रूपमा प्राप्त गर्ने अधिकार हुनेछ।","Chapter-2 Rights, Duties of Service Recipients and Responsibilities of Health Institutions Access to and certainty of health service: Every citizen shall have the right to obtain quality health service in an easy and convenient manner.","Chapter-2 Rights, Duties and Liabilities of Health Institutions of the Service Obtaining and Guaranteing of Health Service: Every citizen shall have the right to obtain quality health service easily and easily."
"समन्वय समितिको गठन देहाय बमोजिम हुनेछ :- गाउँ कार्ययालिका वा नगर कार्यपालिकाको उपाध्यक्ष वा उपप्रमुख -संयोजक गाउँ कार्यपालिका वा नगर कार्यपालिकाको महिला सदस्य मध्येबाट गाउँ कार्यपालिका वा नगर कार्यपालिकाले तोकेको महिला सदस्य -सदस्य गाउँपालिका र नगरपालिकाभित्रका माध्यमिक विद्यालयका प्रधानाध्याक वा स्रोत व्यक्तिमध्येबाट गाउँ कार्यपालिकाको अध्यक्ष वा नगर कार्यपालिकाको प्रमुखले तोकेको व्यक्ति -सदस्य गाउँ कार्ययालिकाको अध्यक्ष वा नगर कार्ययालिकाको प्रमुखले तोकेको स्थानीय स्वास्थ्य चौकी वा अस्पतालको चिकित्सक -सदस्य स्थानीय प्रहरी कार्यालयको प्रमुख -सदस्य अपाङ्गता भएका व्यक्तिको हक, हित र संरक्षणको क्षेत्रमा स्थानीय स्तरमा कार्यरत संघ संस्थाहरुमध्येबाट गाउँ कार्ययालिकाको अध्यक्ष वा नगर कार्यपयालिकाको प्रमुखले मनोनयन गरेको संस्थाको प्रतिनिधि -सदस्य गाउँपालिका र नगरपालिका भित्रका अपाङ्गता भएका व्यक्तिहरुमध्येबाट समन्वय समितिले मनोनयन गरेको एक जना महिला सहित तीन जना -सदस्य नेपाल सरकार र प्रदेश सरकारका स्थानीय स्तरमा रहेका सम्बन्धित विषय हेर्ने कार्यालयको कार्यालय प्रमुख -सदस्य (फे) गाउँ कार्यपालिका वा नगर कार्ययालिकाको उपाध्यक्ष वा उपप्रमुखले तोकेको गाउँ कार्यपालिका वा नगर कार्यपालिकाको कर्मचारी -सदस्य-सचिव उपदफा बमोजिम मनोनीत. सदस्यको पदावधि दुई वर्षको हुनेछ ।","Provisions relating to Coordination Committee: There shall be a Local Coordination Committee in each Rural Municipality and Municipality for performing functions, inter alia, to make coordination on the matters related to the protection of rights, interests of the persons with disabilities.",The formation of the Coordination Committee shall be as follows:- Deputy Chairperson or Deputy Mayor of Rural Work Planning or Municipal Executive -Member from among the female members of Rural Work Planning or Municipal Executive or female member designated by Rural Work Planning or Municipal Executive -Member from among the head teacher or source person of secondary school within the Rural Municipality and Municipality -Member from among the persons designated by the Chairperson or Chief of Rural Work Planning or Municipal Executive -Member from among the persons designated by the Chairperson of
समान सर्तमा ।,On the same condition.,On an equal condition.
भूलवस तिरेको रकम फिर्ता माग गर्ने उजुरी ।,An action to recover sum of money paid by mistake.,An action for the refund of the amount wrongly paid.
"खण्ड बमोजिमको प्रमाणपत्र पनि नभएमा जन्मकुण्डली, चिना, टिपोट, बालबालिकाको बाबु आमा, संरक्षक वा परिवारका अन्य सदस्यले खुलाई दिएको उमेरवा यस्तै अन्य सम्बद्ध प्रमाण","If the certificate referred to in clause is not available, the age recorded in the Janmakundali (birth chart), Cheena (horoscope), notes, or the age disclosed by the father, mother, guardian or any other family member of the child or similar other relevant evidence","If the certificate referred to in clause is not available, birth certificate, identity card, note, age given by the father, mother, guardian or other family member of the child or similar other relevant evidence"
"बाल सुधार गृहको स्थापना, सञ्चालन, अनुगमन तथा अन्य व्यवस्था तोकिए बमोजिम हुनेछ","The establishment, operation, monitoring and other arrangement of the child reform home shall be as prescribed","The establishment, operation, monitoring and other provisions of the child reform home shall be as prescribed"
प्रचलित कानून बमोजिम तोकिएका अन्य कार्य ।,Any other works as specified by prevailing laws.,Other acts as prescribed by the prevailing law.
स्वतन्त्रता अन्य कुनै वस्तुभन्दा पनि बढी प्रिय हुन्छ ।,Liberty is more favoured than all things.,Liberty is preferred to all things.
उपदफा बमोजिम प्राप्त प्रतिवेदनमा उल्लिखित विषयका सम्बन्धमा कुनै निकायबाट नीतिगत निर्णय गर्नु पर्ने देखिएमा निरीक्षण तथा अनुगमन गर्ने गराउने निकायले आवश्यक नीतिगत निर्णयको लागि सम्बन्धित निकाय समक्ष लेखी पठाउनु पर्नेछ,"If the matters set out in the report received pursuant to sub-section, requires for policy decision to be made by any agency, the agency conducting or causing to conduct the inspection and monitoring shall write to the concerned agency for necessary policy decisions","If it is deemed necessary to make policy decision from any agency with regard to the matters as mentioned in the report received pursuant to sub-section (1), the agency responsible for carrying out inspection and monitoring shall write to the concerned agency for the necessary policy decision"
“पुनरावेदन अदालतको न्यायाधीश” भन्ने शब्दहरूको सट्टा “उच्च अदालतको न्यायाधीश”,Conversion: Conversion has been made by mentioning following terminologies in place of following terminologies remained in prevailing law,“Judge of High Court” in lieu of the words “Judge of High Court”
उपदफा बमोजिम बनाउने नियममा नेपाल सरकारलाई आर्थिक भार वा दायित्व पर्ने विषय समावेश भएमा: आयोगले अर्थ मन्त्रालयको सहमति लिनु पर्नेछ,"The Commission shall have to get the approval of the Government of Nepal, Ministry of Finance, while making rules on matters that impose financial burden or liability on the Government of Nepal",If the rules to be made pursuant to sub-section includes matters that impose financial burden or liability on the Government of Nepal: The Commission shall have to obtain the approval of the Ministry of Finance
"परिच्छेद-५ विवाद समाधान विवाद नआउने गरी कार्यसम्पादन गर्नु पर्ने : सङ्ग, प्रदेश र स्थानीय तहहरुले आफ्नो अधिकार क्षेत्रभित्रको कार्यसम्पादन गर्दा विवाद नआउने गरी सम्पन्न गर्नु पर्नेछ ।","Chapter — 5 Resolution of Disputes To Perform Business in Non-controversial Manner: The Federation, Province and Local Level while performing business of their respective jurisdictions of powers shall perform in such a way so that there shall be no disputes.","Chapter-5 Dispute Resolution Matters to be performed in a manner that avoids controversy: The Federation, Province and Local Level shall, while performing the functions within their jurisdiction, perform them in a manner that avoids controversy."
उपदफा मा जुनसुकै कुरा लेखिएको भए तापनि यो ऐन प्रारम्भ हुँदाका बखत प्रचलित कानून बमोजिम वित्तीय कारोबार गर्न स्वीकृति प्राप्त गरेको कुनै बैङ्क वा वित्तीय संस्थाले त्यस्तो कारोबार गर्न स्वीकृति प्राप्त गर्दाका बखत कायम रहेको नाम प्रयोग गरी वित्तीय कारोबार गर्न सक्नेछ,"Notwithstanding anything contained in Sub-Section , any bank or financial institution which has obtained approval to carry out financial transactions according to the prevailing laws at the commencement of this Act may carry out financial transactions by using the name on having at the time of approval","Notwithstanding anything contained in sub-section , any bank or financial institution that has obtained approval to carry out financial transactions pursuant to the prevailing laws at the time of the commencement of this Act may carry out financial transactions by using the name remaining at the time of obtaining approval to carry out such transactions"
"उपदफा मा उल्लिखित अवस्थामा बाहेक बैङ्क वा वित्तीय संस्थाका सञ्चालक, पदाधिकारी, कार्यकारी प्रमुख, कर्मचारी, लेखापरीक्षक, सल्लाहकार तथा सम्बन्धित कुनै पनि व्यक्तिले बैङ्क वा वित्तीय संस्था र त्यसका ग्राहकबीचको सम्बन्धमा खलल पर्ने गरी बैङ्क वा वित्तीय संस्थाको हिसाब किताब, खाता, बही, श्रेस्ता, लेखा तथा अन्य कुनै पनि किसिमको गोपनीयता कायम गर्नु पर्ने विषयको गोपनीयता भङ्ग गर्नु, गराउनु हुँदैन","Except in the circumstance as referred in Sub-Section (2), the Director, Chief Executive, office bearer, employee, auditor, advisor of a bank or financial institution or any other relevant person shall not disclose or cause to be disclosed the secrecy of the accounts, records, books, ledgers and any other information of the bank or financial institution the secrecy of which is required to be maintained in such a manner as to undermine the relationship between the bank or financial institution and its customers","Except in the circumstance referred to in sub-section (1), the Director, office bearer, Chief Executive, employee, auditor, counselor and any other person related to the bank or financial institution shall not violate or cause to be violated the privacy of the accounts, accounts, books, ledgers, accounts and any other types of privacy of the bank or financial institution in such a manner as to create discord in the relationship between the bank or financial institution and its customers"
आयोगको बैठकको अध्यक्षता अध्यक्षले गर्नेछ,The meeting of the Commission shall be chaired by the Chairperson of the Commission,The meeting of the Commission shall be chaired by the Chairperson
त्यसरी दरखास्त दिएकोमा कारण मनासिब देखिएमा प्रदेश कानूनले तोकेको निकायले त्यस्तो पशु स्वास्थ्य तथा पशु सेवा व्यवसायीको नाम दर्ता किताबमा पुनः दर्ता गरी प्रमाणपत्र दिनुपर्नेछ,One who has become insolvent in accordance with the prevailing law,"If the reason is found to be reasonable, the body as prescribed by the provincial law shall give certificate by re-registration of the name of animal health and livestock service professional"
"कानून के हो र कुन अवस्थामा कानूनको उल्लंघन (हानिनोक्सानी) भएको हुन्छ, त्यो कानूनले परिभाषा वा निधारण गर्ने विषय हो ।","What is a law, and in what term breach of law (injury) consists, it is for the law to define or determine.",What the law is and in what condition it is violated is the matter of defining or determining it.
"अर्कको आदेशले जुन रकम भुक्तानी दिइएको हुन्छ, त्यस्तो रकम निजले आपैmले तिरे सरह भुक्तानी दिए सरह हुन्छ ।",That which is paid by the order of another is as to him just as if it had been paid to himself.,That which is paid by the order of an attorney is as if it were paid by him.
"आधारभूत खाद्यवस्तुको ढुवानी, आपूर्ति, वितरण तथा बजारीकरणमा सङ्गठित वा असङ्गठित रूपले बाधा सिर्जना गरेमा।","Creating obstruction, in an organized or unorganized manner, in the transport, supplies, distribution and marketing of the basic food.","Creating obstruction in the transport, supply, distribution and marketing of the basic foodstuffs in an organised or unorganized manner."
"महानिर्देशक, खाद्य प्रविधि तथा गुण नियन्त्रण विभाग","Director General, Department of Food Technology and Quality Control","Director General, Department of Food Technology and Quality Control"
उपदफा बमोजिम प्रवेश गर्दा सम्बन्धित व्यक्ति वा निजको परिवारका सदस्यको निजी जीवनको गोपनीयता भङ्ग हुने गरी प्रवेश गर्न वा गराउन वा खानतलासी लिन वा लिन लगाउन हुँदैन,"While entering pursuant to sub-section , entering or causing other to enter into, or searching or getting it searched, by breaching the privacy of the personal life of the person concerned or member of his or her family, shall be forbidden","While entering pursuant to sub-section (1), the privacy of the concerned person or his or her family member shall not be violated and he or she shall not enter, or cause to enter, or search or rescue"
कुनै सदस्यले उपदफा बमोजिम बैठकमा छलफल हुने विषय सूचीमा उल्लिखित विषयको अतिरिक्त अन्य कुनै विषयमा छलफल गराउन चाहेमा त्यसरी छलफल गर्न चाहेको विषय र कारण सहितको सूचना बैठक बस्नु भन्दा कम्तीमा चौबीस घण्टा अगावै न्याय परिषदको सचिवलाई दिनु पर्नेछ,"Incase any member wants to add any other agenda in addition to the agendas already set for discussion in the meeting pursuant to Sub-section, he\she shall serve the notice of same to the Secretary of the Judicial Council by mentioning the agenda with reason to discuss over such agenda at least Twenty Four hours before the meeting is held","Any member interested to discuss additional issues, not included within the list of agenda set to be discussed in the meeting pursuant to sub-section, shall notify the Secretary of the additional issues and reason for their introduction to the meeting 24 hours prior to the meeting"
"जुन विषय आवश्यकताको कारणले बुझिन्छ, त्यसमा कुनै कुराको अभाव हुँदैन ।",That which is understood out of necessity is not lacking.,That which is understood by necessity is not lacking in anything.
रोजगारदाताले दफा ७ विपरीत रोजगारीबाट हटाएमा।,Removal by the employer from employment contrary to Section 7.,If the employer removes him or her from employment contrary to Section 7.
संसदीय सुनुवाईको लागि लेखी पठाउने: न्याय परिषदले कुनै व्यक्तिलाई सर्वोच्च अदालतको न्यायाधीशको पदमा नियुक्तिको लागि सिफारिस गरेमा न्याय परिषदको सचिवले संविधानको धारा २९२ बमोजिम हुने संसदीय सुनुवाईको लागि त्यस्तो सिफारिस व्यवस्थापिका-संसद सचिवालयमा पठाउनु पर्नेछ,"Send for Parliamentary Hearing: If the Judicial Council makes recommendation to any person for the appointment in the post of Justice of Supreme Court, the Secretary of Judicial Council shall send such recommendation to Secretariat of Legislature-Parliament for parliamentary hearing in accordance with Article 292 of the Constitution","To send for parliamentary hearing in writing: If the Judicial Council makes recommendation for appointment of any person to the post of Judge of Supreme Court, the Secretary of the Judicial Council shall send such recommendation to the Secretariat of the Federal Parliament for the parliamentary hearing to be held in accordance with Article 292 of the Constitution"
"रजिष्ट्रारको सेवा, शर्त र सुविधा तोकिए बमोजिम हुनेछ","The terms, conditions and facilities of the registrar shall be as prescribed","The service, terms and conditions of the registrar shall be as prescribed"
"कार्यबाहक भई काम गर्नेः कुनै कारणबश अध्यक्षको पद रिक्त भएमा, निज निलम्बनमा परेमा, विदेश भ्रमणमा गएकोमा वा सात दिनभन्दा बढी समयसम्म बिदामा रहेकोमा आयोगको वरिष्ठतम्‌ सदस्यले आयोगको कार्यबाहक अध्यक्ष भई काम गर्नेछ","Work to be performed as an acting: The seniormost Member of the Commission, shall work as the acting Chairperson, if the position of the Chairperson falls vacant due to any reason, *is unable to perform work pursuant to sub-article of Article 101 of the Constitution, has gone for a foreign visit or is on leave for more than 7 days","Work to be performed as an acting: The senior most Member of the Commission, shall work as the acting Chairperson, if the position of the Chairperson falls vacant due to any reason, is interrupted, has gone for a foreign visit or is on leave for more than 7 days"
"प्रिफरल सेवा : प्रत्येक स्वास्थ्य संस्थाले उपचारको लागि आएको बिरामीलाई आफ्नो स्वास्थ्य संस्थाको संरचना, उपकरण, विशेषज्ञ सेवा नभएको वा अन्य कुनै उपयुक्त कारणले उपचार प्रदान गर्न नसकिने अवस्था भएमा आफ्नो संस्थामा उपलब्ध हुने सेवा प्रदान गरी थप उपचारको लागि तुरुन्त त्यस्तो बिरामीलाई उपचार प्रदान गर्न सक्ने स्वास्थ्य संस्थामा प्रेषण गर्नु पर्नेछ।","Referral service: Every health institution shall, after providing service available in its institution, if there is no possibility to provide further treatment to the patient who comes for treatment due to the structure, equipment of its health institution, lack of specialist's service or any other appropriate cause, refer immediately to the health institution that can provide additional treatment to such a patient.","Pre-hospital service: Every health institution shall, if the condition arises where the patient who has come for treatment cannot be treated due to lack of infrastructure, equipment, specialist service of the health institution or any other appropriate reason, refer him or her for additional treatment by providing the service available in his or her institution to the health institution that is able to provide the treatment to such a patient immediately."
